order_id,order_number,customer_id,store_id,product_id,order_at,quantity,unit_price,line_subtotal_amount,discount_amount,tax_amount,shipping_amount,total_amount,currency_code,order_status
O0000001,ES-202512-28364,C000332,S00014,P000004,2025-09-08T13:28:50,1,339.67,339.67,0.0,71.33,5.55,416.55,EUR,delivered
O0000002,ES-202512-28364,C000332,S00014,P000028,2025-09-08T13:28:50,1,91.58,91.58,0.0,19.23,12.52,123.33,EUR,delivered
O0000003,FR-202509-43823,C000635,S00004,P000245,2025-10-12T10:17:05,1,172.31,172.31,0.0,34.46,5.64,212.41,EUR,delivered
O0000004,FR-202509-43823,C000635,S00004,P000031,2025-10-12T10:17:05,2,33.29,66.58,6.66,11.98,11.34,83.24,EUR,delivered
O0000005,FR-202508-51050,C000635,S00004,P000066,2025-08-09T20:23:41,1,210.01,210.01,10.5,39.9,7.01,246.42,EUR,delivered
O0000006,FR-202305-31333,C000635,S00003,P000138,2025-07-21T08:48:58,2,34.6,69.2,0.0,13.84,5.81,88.85,EUR,delivered
O0000007,FR-202501-16297,C000635,S00004,P000099,2025-12-25T08:22:48,1,59.75,59.75,2.99,11.35,12.75,80.86,EUR,delivered
O0000008,FR-202206-63383,C000635,S00003,P000119,2025-12-12T10:01:37,1,110.71,110.71,0.0,22.14,0.0,132.85,EUR,delivered
O0000009,FR-202206-63383,C000635,S00003,P000219,2025-12-12T10:01:37,4,260.57,1042.28,0.0,208.46,3.69,1254.43,EUR,delivered
O0000010,FR-202206-63383,C000635,S00003,P000010,2025-12-12T10:01:37,2,50.84,101.68,0.0,20.34,6.03,128.05,EUR,delivered
O0000011,NL-202408-27196,C000776,S00010,P000172,2023-12-08T14:02:57,10,226.85,2268.5,340.28,404.93,9.09,2342.24,EUR,delivered
O0000012,NL-202408-27196,C000776,S00010,P000058,2023-12-08T14:02:57,10,52.46,524.6,0.0,110.17,10.89,645.66,EUR,delivered
O0000013,NL-202409-21425,C000776,S00010,P000069,2024-03-03T10:59:18,1,54.95,54.95,0.0,11.54,10.94,77.43,EUR,delivered
O0000014,PL-202408-43557,C000223,S00012,P000216,2025-11-22T09:36:31,1,43.87,43.87,4.39,9.08,5.15,53.71,EUR,delivered
O0000015,PL-202409-91871,C000223,S00012,P000221,2023-01-22T14:32:28,2,109.75,219.5,10.98,47.96,10.66,267.14,EUR,delivered
O0000016,IT-202312-83505,C000612,S00007,P000215,2025-12-24T12:24:10,3,72.19,216.57,0.0,47.65,0.0,264.22,EUR,delivered
O0000017,IT-202312-83505,C000612,S00007,P000055,2025-12-24T12:24:10,1,41.41,41.41,0.0,9.11,0.0,50.52,EUR,delivered
O0000018,IT-202207-66769,C000612,S00007,P000177,2025-12-17T13:21:38,1,89.47,89.47,0.0,19.68,0.0,109.15,EUR,delivered
O0000019,IT-202207-66769,C000612,S00007,P000119,2025-12-17T13:21:38,2,104.71,209.42,0.0,46.07,0.0,255.49,EUR,delivered
O0000020,IT-202501-57381,C000612,S00008,P000172,2025-12-22T11:55:01,1,219.92,219.92,0.0,48.38,10.4,278.7,EUR,delivered
O0000021,IT-202501-57381,C000612,S00008,P000066,2025-12-22T11:55:01,3,215.36,646.08,32.3,135.03,6.33,755.14,EUR,delivered
O0000022,IT-202501-57381,C000612,S00008,P000160,2025-12-22T11:55:01,3,344.62,1033.86,103.39,204.7,7.07,1142.24,EUR,delivered
O0000023,IT-202501-57381,C000612,S00008,P000021,2025-12-22T11:55:01,2,114.26,228.52,0.0,50.27,7.76,286.55,EUR,delivered
O0000024,IT-202509-31061,C000612,S00008,P000197,2025-12-29T17:24:52,2,97.28,194.56,9.73,40.66,9.54,235.03,EUR,delivered
O0000025,IT-202411-51486,C000612,S00007,P000199,2025-12-26T10:31:55,2,64.52,129.04,6.45,26.97,7.71,157.27,EUR,delivered
O0000026,IT-202311-68894,C000612,S00007,P000042,2025-11-12T11:26:44,1,33.63,33.63,5.04,6.29,0.0,34.88,EUR,delivered
O0000027,IT-202311-68894,C000612,S00007,P000094,2025-11-12T11:26:44,1,38.52,38.52,0.0,8.47,5.5,52.49,EUR,delivered
O0000028,IT-202212-75422,C000612,S00008,P000244,2025-12-20T13:53:34,1,195.22,195.22,0.0,42.95,7.35,245.52,EUR,delivered
O0000029,IT-202309-67131,C000612,S00008,P000177,2025-12-26T19:43:27,3,90.37,271.11,0.0,59.64,11.53,342.28,EUR,delivered
O0000030,IT-202309-67131,C000612,S00008,P000236,2025-12-26T19:43:27,1,68.39,68.39,6.84,13.54,4.92,80.01,EUR,delivered
O0000031,IT-202211-68209,C000612,S00007,P000105,2025-12-31T23:59:59,1,107.91,107.91,0.0,23.74,0.0,131.65,EUR,delivered
O0000032,IT-202502-55955,C000612,S00008,P000002,2025-12-30T18:45:50,1,63.94,63.94,6.39,12.66,6.37,76.58,EUR,delivered
O0000033,IT-202502-55955,C000612,S00008,P000093,2025-12-30T18:45:50,3,110.47,331.41,0.0,72.91,6.16,410.48,EUR,delivered
O0000034,IT-202501-12035,C000612,S00007,P000084,2025-12-21T16:52:47,10,57.73,577.3,86.6,107.95,0.0,598.65,EUR,delivered
O0000035,IT-202501-12035,C000612,S00007,P000241,2025-12-21T16:52:47,2,630.86,1261.72,63.09,263.7,0.0,1462.33,EUR,delivered
O0000036,IT-202311-61172,C000612,S00007,P000178,2025-12-29T16:10:27,1,460.19,460.19,0.0,101.24,0.0,561.43,EUR,delivered
O0000037,IT-202409-30847,C000612,S00008,P000149,2025-11-20T08:27:00,2,129.76,259.52,0.0,57.09,7.43,324.04,EUR,delivered
O0000038,IT-202409-30847,C000612,S00008,P000008,2025-11-20T08:27:00,2,34.74,69.48,0.0,15.29,9.67,94.44,EUR,delivered
O0000039,ES-202403-41420,C000280,S00013,P000094,2024-09-19T11:46:49,1,34.73,34.73,0.0,7.29,7.32,49.34,EUR,delivered
O0000040,ES-202403-41420,C000280,S00013,P000064,2024-09-19T11:46:49,1,91.49,91.49,0.0,19.21,0.0,110.7,EUR,delivered
O0000041,ES-202403-41420,C000280,S00013,P000013,2024-09-19T11:46:49,1,124.56,124.56,0.0,26.16,7.55,158.27,EUR,delivered
O0000042,ES-202307-23195,C000280,S00014,P000105,2024-12-15T15:40:04,3,110.9,332.7,0.0,69.87,5.44,408.01,EUR,delivered
O0000043,ES-202401-33419,C000280,S00013,P000002,2025-12-24T13:30:39,1,62.29,62.29,0.0,13.08,0.0,75.37,EUR,delivered
O0000044,ES-202401-33419,C000280,S00013,P000131,2025-12-24T13:30:39,1,93.95,93.95,0.0,19.73,0.0,113.68,EUR,delivered
O0000045,ES-202301-52931,C000280,S00013,P000049,2024-06-01T19:08:17,1,294.56,294.56,14.73,58.76,0.0,338.59,EUR,delivered
O0000046,ES-202507-77194,C000280,S00014,P000069,2024-10-21T11:43:54,2,56.96,113.92,5.7,22.73,12.57,143.52,EUR,delivered
O0000047,ES-202507-77194,C000280,S00014,P000098,2024-10-21T11:43:54,1,139.12,139.12,0.0,29.22,10.71,179.05,EUR,delivered
O0000048,ES-202507-77194,C000280,S00014,P000147,2024-10-21T11:43:54,3,205.25,615.75,0.0,129.31,7.85,752.91,EUR,delivered
O0000049,ES-202406-92929,C000280,S00013,P000072,2024-09-13T08:32:16,2,98.7,197.4,0.0,41.45,0.0,238.85,EUR,delivered
O0000050,ES-202406-92929,C000280,S00013,P000208,2024-09-13T08:32:16,1,95.03,95.03,4.75,18.96,0.0,109.24,EUR,delivered
O0000051,ES-202204-96108,C000280,S00014,P000003,2024-08-18T13:07:00,1,136.63,136.63,6.83,27.26,12.08,169.14,EUR,delivered
O0000052,ES-202207-47173,C000280,S00013,P000223,2024-10-27T16:17:45,1,123.88,123.88,0.0,26.01,4.58,154.47,EUR,delivered
O0000053,ES-202207-47173,C000280,S00013,P000217,2024-10-27T16:17:45,1,319.82,319.82,15.99,63.8,0.0,367.63,EUR,delivered
O0000054,ES-202407-25631,C000171,S00013,P000081,2025-12-31T23:59:59,1,196.09,196.09,0.0,41.18,0.0,237.27,EUR,delivered
O0000055,ES-202208-47272,C000171,S00013,P000162,2025-12-29T20:58:33,1,159.48,159.48,7.97,31.82,4.36,187.69,EUR,delivered
O0000056,ES-202407-20455,C000171,S00014,P000098,2025-12-31T23:59:59,1,138.43,138.43,20.76,24.71,5.08,147.46,EUR,delivered
O0000057,ES-202407-20455,C000171,S00014,P000175,2025-12-31T23:59:59,1,103.1,103.1,0.0,21.65,4.42,129.17,EUR,delivered
O0000058,FR-202203-23780,C000288,S00004,P000227,2025-03-29T11:10:05,1,156.69,156.69,23.5,26.64,12.4,172.23,EUR,delivered
O0000059,AT-202205-15646,C000125,S00001,P000199,2025-12-10T09:16:21,2,71.34,142.68,0.0,28.54,0.0,171.22,EUR,delivered
O0000060,AT-202205-15646,C000125,S00001,P000095,2025-12-10T09:16:21,1,334.19,334.19,0.0,66.84,7.47,408.5,EUR,delivered
O0000061,SE-202511-26039,C000772,S00015,P000121,2025-01-21T15:17:20,2,104.41,208.82,20.88,46.99,0.0,234.93,EUR,delivered
O0000062,SE-202511-26039,C000772,S00015,P000023,2025-01-21T15:17:20,2,178.88,357.76,17.89,84.97,0.0,424.84,EUR,delivered
O0000063,SE-202511-26039,C000772,S00015,P000193,2025-01-21T15:17:20,1,71.3,71.3,3.57,16.93,0.0,84.66,EUR,delivered
O0000064,SE-202504-73916,C000772,S00015,P000078,2024-08-26T17:48:33,2,104.63,209.26,20.93,47.08,0.0,235.41,EUR,delivered
O0000065,SE-202504-73916,C000772,S00015,P000237,2024-08-26T17:48:33,1,60.97,60.97,0.0,15.24,0.0,76.21,EUR,delivered
O0000066,CH-202307-34635,C000471,S00017,P000026,2024-11-15T18:19:55,1,833.26,833.26,0.0,66.66,0.0,899.92,EUR,delivered
O0000067,CH-202307-34635,C000471,S00017,P000115,2024-11-15T18:19:55,1,607.15,607.15,0.0,48.57,0.0,655.72,EUR,delivered
O0000068,CH-202209-21018,C000471,S00018,P000014,2024-06-16T14:32:27,1,193.67,193.67,9.68,14.72,7.79,206.5,EUR,delivered
O0000069,CH-202209-21018,C000471,S00018,P000067,2024-06-16T14:32:27,1,238.82,238.82,0.0,19.11,8.76,266.69,EUR,delivered
O0000070,CH-202509-66828,C000471,S00017,P000225,2024-03-04T11:07:14,2,34.01,68.02,0.0,5.44,0.0,73.46,EUR,delivered
O0000071,CH-202507-61496,C000471,S00017,P000198,2025-07-08T19:17:31,1,215.83,215.83,0.0,17.27,3.46,236.56,EUR,delivered
O0000072,CH-202512-50019,C000471,S00017,P000114,2024-08-01T09:10:11,5,819.5,4097.5,0.0,327.8,0.0,4425.3,EUR,delivered
O0000073,CH-202402-32377,C000471,S00017,P000060,2024-11-11T15:37:00,3,215.38,646.14,96.92,43.94,5.62,598.78,EUR,delivered
O0000074,CH-202402-32377,C000471,S00017,P000028,2024-11-11T15:37:00,1,88.0,88.0,0.0,7.04,0.0,95.04,EUR,delivered
O0000075,CH-202408-74312,C000471,S00018,P000208,2024-09-02T15:16:23,1,97.96,97.96,4.9,7.44,11.78,112.28,EUR,delivered
O0000076,CH-202408-74312,C000471,S00018,P000074,2024-09-02T15:16:23,3,313.29,939.87,0.0,75.19,8.66,1023.72,EUR,delivered
O0000077,CH-202203-63781,C000471,S00017,P000187,2025-12-30T13:31:01,5,20.42,102.1,5.11,7.76,0.0,104.75,EUR,delivered
O0000078,NL-202511-24146,C000757,S00010,P000229,2025-12-02T15:56:33,1,31.04,31.04,0.0,6.52,12.5,50.06,EUR,delivered
O0000079,NL-202405-34978,C000757,S00009,P000200,2025-11-14T13:53:39,2,11.39,22.78,0.0,4.78,0.0,27.56,EUR,delivered
O0000080,NL-202208-99853,C000757,S00009,P000041,2025-11-30T16:18:39,1,106.28,106.28,0.0,22.32,0.0,128.6,EUR,delivered
O0000081,NL-202208-99853,C000757,S00009,P000122,2025-11-30T16:18:39,3,191.82,575.46,0.0,120.85,0.0,696.31,EUR,delivered
O0000082,NL-202411-10084,C000757,S00009,P000241,2025-07-30T12:50:54,4,620.2,2480.8,0.0,520.97,5.15,3006.92,EUR,delivered
O0000083,NL-202411-10084,C000757,S00009,P000141,2025-07-30T12:50:54,4,60.48,241.92,0.0,50.8,4.23,296.95,EUR,delivered
O0000084,NL-202507-62312,C000757,S00009,P000171,2025-12-23T17:19:11,2,46.16,92.32,0.0,19.39,0.0,111.71,EUR,delivered
O0000085,NL-202507-62312,C000757,S00009,P000080,2025-12-23T17:19:11,2,237.02,474.04,0.0,99.55,0.0,573.59,EUR,delivered
O0000086,NL-202509-34034,C000757,S00010,P000235,2025-08-05T16:28:44,2,41.62,83.24,0.0,17.48,7.77,108.49,EUR,delivered
O0000087,NL-202508-13627,C000757,S00009,P000059,2025-08-01T10:39:58,1,286.93,286.93,0.0,60.26,0.0,347.19,EUR,delivered
O0000088,NL-202401-61466,C000757,S00009,P000115,2025-11-28T15:51:48,3,623.43,1870.29,0.0,392.76,0.0,2263.05,EUR,delivered
O0000089,NL-202401-61466,C000757,S00009,P000014,2025-11-28T15:51:48,1,188.81,188.81,0.0,39.65,0.0,228.46,EUR,delivered
O0000090,NL-202212-36878,C000757,S00009,P000161,2025-12-07T15:08:14,2,380.63,761.26,38.06,151.87,0.0,875.07,EUR,delivered
O0000091,NL-202212-36878,C000757,S00009,P000039,2025-12-07T15:08:14,1,393.69,393.69,0.0,82.67,5.59,481.95,EUR,delivered
O0000092,NL-202212-36878,C000757,S00009,P000158,2025-12-07T15:08:14,1,237.62,237.62,0.0,49.9,0.0,287.52,EUR,delivered
O0000093,NL-202501-25966,C000757,S00010,P000137,2025-11-06T10:52:15,3,140.3,420.9,0.0,88.39,9.72,519.01,EUR,delivered
O0000094,NL-202501-25966,C000757,S00010,P000207,2025-11-06T10:52:15,1,107.64,107.64,5.38,21.47,5.53,129.26,EUR,delivered
O0000095,NL-202501-25966,C000757,S00010,P000172,2025-11-06T10:52:15,2,224.78,449.56,0.0,94.41,6.6,550.57,EUR,delivered
O0000096,NL-202210-74613,C000757,S00010,P000104,2025-10-10T14:44:51,1,221.92,221.92,0.0,46.6,9.07,277.59,EUR,delivered
O0000097,NL-202210-49683,C000757,S00009,P000228,2025-11-29T18:39:28,5,670.92,3354.6,167.73,669.24,0.0,3856.11,EUR,delivered
O0000098,NL-202306-75619,C000757,S00009,P000165,2025-12-21T16:24:32,1,323.89,323.89,0.0,68.02,6.92,398.83,EUR,delivered
O0000099,NL-202411-49705,C000757,S00010,P000152,2025-12-22T18:30:24,2,34.71,69.42,3.47,13.85,9.29,89.09,EUR,delivered
O0000100,NL-202411-49705,C000757,S00010,P000045,2025-12-22T18:30:24,2,205.85,411.7,41.17,77.81,4.6,452.94,EUR,delivered
O0000101,NL-202411-49705,C000757,S00010,P000178,2025-12-22T18:30:24,1,506.41,506.41,0.0,106.35,9.98,622.74,EUR,delivered
O0000102,NL-202411-49705,C000757,S00010,P000128,2025-12-22T18:30:24,1,144.2,144.2,0.0,30.28,6.07,180.55,EUR,delivered
O0000103,NL-202302-32806,C000757,S00010,P000213,2025-12-24T08:39:16,1,173.82,173.82,0.0,36.5,11.56,221.88,EUR,delivered
O0000104,NL-202306-24111,C000757,S00010,P000062,2025-08-10T18:36:35,1,274.38,274.38,0.0,57.62,5.45,337.45,EUR,delivered
O0000105,NL-202302-86298,C000757,S00009,P000225,2025-12-28T09:13:02,1,33.1,33.1,0.0,6.95,7.54,47.59,EUR,delivered
O0000106,NL-202302-86298,C000757,S00009,P000090,2025-12-28T09:13:02,2,346.83,693.66,69.37,131.1,0.0,755.39,EUR,delivered
O0000107,NL-202302-86298,C000757,S00009,P000102,2025-12-28T09:13:02,1,67.0,67.0,0.0,14.07,0.0,81.07,EUR,delivered
O0000108,ES-202302-67524,C000037,S00014,P000130,2025-11-07T09:36:05,1,51.77,51.77,0.0,10.87,8.85,71.49,EUR,delivered
O0000109,UK-202204-47997,C000368,S00020,P000071,2025-08-09T09:55:55,1,49.85,49.85,0.0,9.97,9.49,69.31,EUR,delivered
O0000110,UK-202407-91087,C000368,S00019,P000247,2025-08-10T09:37:30,1,164.38,164.38,16.44,29.59,0.0,177.53,EUR,delivered
O0000111,UK-202407-91087,C000368,S00019,P000164,2025-08-10T09:37:30,1,382.05,382.05,0.0,76.41,7.55,466.01,EUR,delivered
O0000112,UK-202407-91087,C000368,S00019,P000009,2025-08-10T09:37:30,1,149.3,149.3,7.47,28.37,0.0,170.2,EUR,delivered
O0000113,UK-202206-19275,C000368,S00020,P000032,2025-09-15T09:56:35,1,143.6,143.6,0.0,28.72,7.14,179.46,EUR,delivered
O0000114,UK-202206-19275,C000368,S00020,P000182,2025-09-15T09:56:35,1,49.07,49.07,4.91,8.83,6.04,59.03,EUR,delivered
O0000115,UK-202201-35712,C000368,S00020,P000193,2025-08-04T08:35:30,2,73.79,147.58,0.0,29.52,5.23,182.33,EUR,delivered
O0000116,UK-202502-90694,C000368,S00020,P000023,2024-09-12T14:58:03,1,167.32,167.32,8.37,31.79,11.26,202.0,EUR,delivered
O0000117,UK-202201-42757,C000368,S00019,P000088,2024-04-08T15:11:18,2,63.11,126.22,0.0,25.24,0.0,151.46,EUR,delivered
O0000118,UK-202511-26040,C000368,S00019,P000205,2024-10-01T16:13:31,3,28.0,84.0,0.0,16.8,0.0,100.8,EUR,delivered
O0000119,UK-202511-26040,C000368,S00019,P000226,2024-10-01T16:13:31,2,83.93,167.86,0.0,33.57,4.58,206.01,EUR,delivered
O0000120,UK-202201-55434,C000368,S00020,P000245,2025-02-18T09:13:58,1,175.51,175.51,0.0,35.1,7.34,217.95,EUR,delivered
O0000121,UK-202301-40815,C000368,S00020,P000066,2025-10-05T09:01:31,5,200.01,1000.05,100.01,180.01,7.45,1087.5,EUR,delivered
O0000122,UK-202301-40815,C000368,S00020,P000148,2025-10-05T09:01:31,1,152.68,152.68,0.0,30.54,6.01,189.23,EUR,delivered
O0000123,UK-202301-40815,C000368,S00020,P000074,2025-10-05T09:01:31,1,321.77,321.77,0.0,64.35,9.93,396.05,EUR,delivered
O0000124,PL-202209-55587,C000794,S00011,P000204,2025-12-22T13:59:53,1,211.65,211.65,0.0,48.68,0.0,260.33,EUR,delivered
O0000125,PL-202209-55587,C000794,S00011,P000148,2025-12-22T13:59:53,2,161.12,322.24,0.0,74.12,0.0,396.36,EUR,delivered
O0000126,PL-202209-55587,C000794,S00011,P000190,2025-12-22T13:59:53,1,386.2,386.2,19.31,84.38,7.68,458.95,EUR,delivered
O0000127,IT-202507-85052,C000035,S00008,P000228,2025-12-12T15:47:59,1,693.19,693.19,0.0,152.5,12.98,858.67,EUR,delivered
O0000128,IT-202406-84852,C000035,S00008,P000164,2024-12-14T13:17:42,2,336.97,673.94,0.0,148.27,9.94,832.15,EUR,delivered
O0000129,IT-202403-68170,C000035,S00008,P000213,2024-06-27T15:02:22,1,178.33,178.33,0.0,39.23,9.48,227.04,EUR,delivered
O0000130,IT-202403-68170,C000035,S00008,P000054,2024-06-27T15:02:22,1,101.46,101.46,0.0,22.32,10.88,134.66,EUR,delivered
O0000131,IT-202405-74871,C000781,S00007,P000057,2024-11-03T10:55:39,1,67.77,67.77,0.0,14.91,0.0,82.68,EUR,delivered
O0000132,IT-202405-74871,C000781,S00007,P000165,2024-11-03T10:55:39,2,300.21,600.42,90.06,112.28,7.87,630.51,EUR,delivered
O0000133,IT-202211-56312,C000781,S00007,P000129,2023-05-25T09:04:32,1,332.38,332.38,33.24,65.81,0.0,364.95,EUR,delivered
O0000134,IT-202211-56312,C000781,S00007,P000058,2023-05-25T09:04:32,2,59.16,118.32,0.0,26.03,0.0,144.35,EUR,delivered
O0000135,IT-202406-63495,C000781,S00008,P000011,2025-12-04T12:39:01,4,197.11,788.44,0.0,173.46,9.47,971.37,EUR,delivered
O0000136,UK-202409-76608,C000582,S00020,P000095,2023-11-14T17:02:42,1,330.34,330.34,33.03,59.46,6.01,362.78,EUR,delivered
O0000137,UK-202409-76608,C000582,S00020,P000250,2023-11-14T17:02:42,1,154.39,154.39,0.0,30.88,7.75,193.02,EUR,delivered
O0000138,UK-202209-16741,C000582,S00020,P000144,2024-05-19T15:20:17,4,142.94,571.76,28.59,108.63,12.79,664.59,EUR,delivered
O0000139,SE-202308-51263,C000279,S00015,P000088,2025-04-09T19:56:26,1,69.89,69.89,3.49,16.6,0.0,83.0,EUR,delivered
O0000140,SE-202507-40115,C000279,S00015,P000152,2025-03-01T14:43:37,1,33.93,33.93,0.0,8.48,0.0,42.41,EUR,delivered
O0000141,SE-202507-40115,C000279,S00015,P000200,2025-03-01T14:43:37,1,10.89,10.89,1.09,2.45,0.0,12.25,EUR,delivered
O0000142,SE-202308-12033,C000279,S00015,P000187,2025-03-29T20:35:45,1,21.49,21.49,3.22,4.57,0.0,22.84,EUR,delivered
O0000143,SE-202308-12033,C000279,S00015,P000032,2025-03-29T20:35:45,3,152.93,458.79,45.88,103.23,0.0,516.14,EUR,delivered
O0000144,SE-202308-12033,C000279,S00015,P000009,2025-03-29T20:35:45,1,150.76,150.76,7.54,35.81,0.0,179.03,EUR,delivered
O0000145,FR-202410-89791,C000390,S00003,P000112,2023-01-30T13:28:58,3,466.91,1400.73,0.0,280.15,0.0,1680.88,EUR,delivered
O0000146,FR-202312-87274,C000390,S00003,P000113,2025-11-04T17:37:23,1,376.64,376.64,0.0,75.33,4.15,456.12,EUR,delivered
O0000147,FR-202312-87274,C000390,S00003,P000080,2025-11-04T17:37:23,1,227.51,227.51,0.0,45.5,0.0,273.01,EUR,delivered
O0000148,PL-202505-52310,C000468,S00012,P000223,2025-03-14T10:02:52,3,113.49,340.47,0.0,78.31,5.48,424.26,EUR,delivered
O0000149,PL-202505-52310,C000468,S00012,P000184,2025-03-14T10:02:52,1,44.29,44.29,0.0,10.19,5.51,59.99,EUR,delivered
O0000150,PL-202505-52310,C000468,S00012,P000108,2025-03-14T10:02:52,4,96.11,384.44,0.0,88.42,4.95,477.81,EUR,delivered
O0000151,PL-202505-52310,C000468,S00012,P000069,2025-03-14T10:02:52,1,56.66,56.66,0.0,13.03,8.96,78.65,EUR,delivered
O0000152,PL-202301-88432,C000468,S00011,P000007,2024-07-24T11:00:31,2,174.47,348.94,0.0,80.26,4.46,433.66,EUR,delivered
O0000153,PL-202301-88432,C000468,S00011,P000050,2024-07-24T11:00:31,1,37.69,37.69,3.77,7.8,0.0,41.72,EUR,delivered
O0000154,PL-202301-88432,C000468,S00011,P000237,2024-07-24T11:00:31,1,55.21,55.21,5.52,11.43,6.65,67.77,EUR,delivered
O0000155,PL-202206-20363,C000468,S00011,P000185,2023-10-20T16:21:17,1,161.49,161.49,16.15,33.43,0.0,178.77,EUR,delivered
O0000156,PL-202206-20363,C000468,S00011,P000169,2023-10-20T16:21:17,1,946.53,946.53,0.0,217.7,0.0,1164.23,EUR,delivered
O0000157,PL-202211-92219,C000678,S00011,P000065,2025-12-23T14:55:14,3,250.15,750.45,0.0,172.6,0.0,923.05,EUR,delivered
O0000158,PL-202211-92219,C000678,S00011,P000038,2025-12-23T14:55:14,3,120.45,361.35,36.14,74.8,3.01,403.02,EUR,delivered
O0000159,PL-202208-83103,C000678,S00011,P000147,2025-12-13T19:16:39,2,200.96,401.92,20.1,87.82,0.0,469.64,EUR,delivered
O0000160,PL-202404-48288,C000678,S00012,P000098,2025-12-31T23:59:59,1,123.55,123.55,12.36,25.57,10.78,147.54,EUR,delivered
O0000161,PL-202404-48288,C000678,S00012,P000089,2025-12-31T23:59:59,1,178.72,178.72,0.0,41.11,9.95,229.78,EUR,delivered
O0000162,PL-202404-48288,C000678,S00012,P000121,2025-12-31T23:59:59,1,106.24,106.24,0.0,24.44,5.01,135.69,EUR,delivered
O0000163,ES-202512-26784,C000671,S00014,P000128,2025-11-07T18:15:01,3,146.44,439.32,0.0,92.26,10.94,542.52,EUR,delivered
O0000164,UK-202411-51630,C000667,S00020,P000066,2025-11-08T14:25:16,3,208.22,624.66,0.0,124.93,9.14,758.73,EUR,delivered
O0000165,UK-202411-51630,C000667,S00020,P000183,2025-11-08T14:25:16,1,46.01,46.01,0.0,9.2,12.52,67.73,EUR,delivered
O0000166,UK-202411-51630,C000667,S00020,P000085,2025-11-08T14:25:16,2,649.83,1299.66,0.0,259.93,4.17,1563.76,EUR,delivered
O0000167,FR-202207-21829,C000508,S00004,P000052,2025-12-08T16:04:41,1,214.6,214.6,21.46,38.63,7.55,239.32,EUR,delivered
O0000168,DE-202305-31155,C000568,S00006,P000009,2024-12-06T16:46:15,1,149.1,149.1,0.0,28.33,6.7,184.13,EUR,delivered
O0000169,DE-202305-31155,C000568,S00006,P000006,2024-12-06T16:46:15,1,398.82,398.82,0.0,75.78,6.44,481.04,EUR,delivered
O0000170,DE-202305-31155,C000568,S00006,P000236,2024-12-06T16:46:15,1,77.11,77.11,3.86,13.92,5.17,92.34,EUR,delivered
O0000171,DE-202305-31155,C000568,S00006,P000026,2024-12-06T16:46:15,2,855.06,1710.12,0.0,324.92,4.66,2039.7,EUR,delivered
O0000172,DE-202501-11932,C000568,S00005,P000216,2025-08-02T20:25:12,2,40.32,80.64,0.0,15.32,0.0,95.96,EUR,delivered
O0000173,DE-202501-11932,C000568,S00005,P000198,2025-08-02T20:25:12,5,225.72,1128.6,0.0,214.43,0.0,1343.03,EUR,delivered
O0000174,DE-202501-11932,C000568,S00005,P000106,2025-08-02T20:25:12,1,66.4,66.4,0.0,12.62,0.0,79.02,EUR,delivered
O0000175,AT-202307-12256,C000491,S00002,P000055,2025-12-09T20:34:45,5,38.85,194.25,0.0,38.85,7.32,240.42,EUR,delivered
O0000176,AT-202211-50712,C000491,S00002,P000218,2025-08-05T09:06:35,1,126.56,126.56,0.0,25.31,9.54,161.41,EUR,delivered
O0000177,FR-202509-84270,C000669,S00003,P000210,2025-12-03T12:26:19,2,39.7,79.4,7.94,14.29,0.0,85.75,EUR,delivered
O0000178,FR-202509-84270,C000669,S00003,P000009,2025-12-03T12:26:19,1,150.88,150.88,0.0,30.18,0.0,181.06,EUR,delivered
O0000179,FR-202306-70472,C000669,S00004,P000106,2025-11-13T19:46:05,1,67.58,67.58,0.0,13.52,5.77,86.87,EUR,delivered
O0000180,FR-202306-70472,C000669,S00004,P000020,2025-11-13T19:46:05,3,102.54,307.62,30.76,55.37,8.45,340.68,EUR,delivered
O0000181,FR-202306-70472,C000669,S00004,P000032,2025-11-13T19:46:05,2,144.22,288.44,0.0,57.69,11.86,357.99,EUR,delivered
O0000182,NL-202507-11213,C000444,S00010,P000067,2025-04-21T12:46:59,2,229.99,459.98,0.0,96.6,10.16,566.74,EUR,delivered
O0000183,NL-202507-11213,C000444,S00010,P000080,2025-04-21T12:46:59,3,261.5,784.5,0.0,164.75,9.43,958.68,EUR,delivered
O0000184,NL-202507-11213,C000444,S00010,P000224,2025-04-21T12:46:59,1,205.18,205.18,0.0,43.09,10.71,258.98,EUR,delivered
O0000185,IT-202303-78731,C000723,S00008,P000245,2025-11-14T10:09:30,1,161.08,161.08,8.05,33.67,8.83,195.53,EUR,delivered
O0000186,NL-202402-18009,C000535,S00010,P000086,2024-11-02T13:40:35,1,170.21,170.21,0.0,35.74,10.55,216.5,EUR,delivered
O0000187,NL-202402-18009,C000535,S00010,P000004,2024-11-02T13:40:35,1,346.04,346.04,34.6,65.4,9.04,385.88,EUR,delivered
O0000188,NL-202402-18009,C000535,S00010,P000048,2024-11-02T13:40:35,2,27.18,54.36,0.0,11.42,4.92,70.7,EUR,delivered
O0000189,NL-202305-33373,C000535,S00010,P000095,2024-09-27T20:33:37,3,359.02,1077.06,161.56,192.26,10.63,1118.39,EUR,delivered
O0000190,NL-202305-33373,C000535,S00010,P000144,2024-09-27T20:33:37,2,156.05,312.1,0.0,65.54,4.01,381.65,EUR,delivered
O0000191,NL-202304-21971,C000535,S00009,P000013,2024-10-02T08:20:04,2,127.51,255.02,0.0,53.55,0.0,308.57,EUR,delivered
O0000192,NL-202304-21971,C000535,S00009,P000129,2024-10-02T08:20:04,2,332.69,665.38,0.0,139.73,0.0,805.11,EUR,delivered
O0000193,NL-202304-21971,C000535,S00009,P000110,2024-10-02T08:20:04,1,60.06,60.06,0.0,12.61,7.2,79.87,EUR,delivered
O0000194,ES-202311-46403,C000168,S00013,P000030,2025-04-13T15:44:50,3,739.18,2217.54,0.0,465.68,7.27,2690.49,EUR,delivered
O0000195,ES-202412-65584,C000168,S00013,P000188,2025-04-22T11:24:23,1,263.01,263.01,0.0,55.23,0.0,318.24,EUR,delivered
O0000196,ES-202406-22334,C000168,S00014,P000068,2025-02-15T08:38:17,1,217.91,217.91,10.9,43.47,6.27,256.75,EUR,delivered
O0000197,NL-202210-13988,C000135,S00010,P000163,2024-11-25T15:11:30,1,286.86,286.86,0.0,60.24,10.41,357.51,EUR,delivered
O0000198,NL-202210-13988,C000135,S00010,P000137,2024-11-25T15:11:30,2,130.97,261.94,26.19,49.51,4.74,290.0,EUR,delivered
O0000199,NL-202201-68114,C000135,S00009,P000155,2022-12-18T16:17:54,1,141.56,141.56,14.16,26.75,0.0,154.15,EUR,delivered
O0000200,NL-202310-58005,C000135,S00009,P000208,2024-01-27T18:42:03,1,101.14,101.14,0.0,21.24,0.0,122.38,EUR,delivered
O0000201,NL-202410-36041,C000556,S00010,P000030,2025-12-02T08:19:17,3,676.29,2028.87,202.89,383.46,4.78,2214.22,EUR,delivered
O0000202,NL-202410-36041,C000556,S00010,P000117,2025-12-02T08:19:17,4,261.65,1046.6,0.0,219.79,6.85,1273.24,EUR,delivered
O0000203,NL-202203-11368,C000556,S00009,P000076,2025-11-26T09:56:46,2,318.64,637.28,0.0,133.83,0.0,771.11,EUR,delivered
O0000204,NL-202203-11368,C000556,S00009,P000171,2025-11-26T09:56:46,1,43.36,43.36,0.0,9.11,0.0,52.47,EUR,delivered
O0000205,NL-202203-11368,C000556,S00009,P000237,2025-11-26T09:56:46,3,55.3,165.9,0.0,34.84,4.29,205.03,EUR,delivered
O0000206,NL-202203-11368,C000556,S00009,P000218,2025-11-26T09:56:46,1,123.37,123.37,0.0,25.91,0.0,149.28,EUR,delivered
O0000207,FR-202511-32344,C000481,S00003,P000109,2025-10-08T16:36:13,1,123.11,123.11,0.0,24.62,4.33,152.06,EUR,delivered
O0000208,FR-202511-32344,C000481,S00003,P000163,2025-10-08T16:36:13,1,279.71,279.71,0.0,55.94,0.0,335.65,EUR,delivered
O0000209,FR-202511-32344,C000481,S00003,P000172,2025-10-08T16:36:13,4,223.76,895.04,0.0,179.01,0.0,1074.05,EUR,delivered
O0000210,FR-202511-32344,C000481,S00003,P000071,2025-10-08T16:36:13,1,50.5,50.5,0.0,10.1,7.5,68.1,EUR,delivered
O0000211,FR-202412-23711,C000481,S00004,P000025,2025-05-22T15:21:21,1,589.67,589.67,0.0,117.93,4.19,711.79,EUR,delivered
O0000212,FR-202412-23711,C000481,S00004,P000230,2025-05-22T15:21:21,3,85.7,257.1,0.0,51.42,7.9,316.42,EUR,delivered
O0000213,FR-202508-41927,C000041,S00004,P000244,2024-10-22T15:43:25,3,190.62,571.86,57.19,102.93,8.55,626.15,EUR,delivered
O0000214,FR-202507-45305,C000041,S00004,P000150,2022-11-18T16:10:59,2,624.08,1248.16,187.22,212.19,9.1,1282.23,EUR,delivered
O0000215,AT-202303-96954,C000293,S00002,P000086,2025-12-30T12:50:49,1,159.1,159.1,7.96,30.23,5.79,187.16,EUR,delivered
O0000216,AT-202305-50308,C000293,S00001,P000039,2025-11-14T11:27:05,2,389.65,779.3,0.0,155.86,0.0,935.16,EUR,delivered
O0000217,AT-202305-50308,C000293,S00001,P000139,2025-11-14T11:27:05,1,186.11,186.11,0.0,37.22,0.0,223.33,EUR,delivered
O0000218,SE-202508-41816,C000173,S00015,P000082,2022-12-19T20:59:08,1,301.95,301.95,30.2,67.94,0.0,339.69,EUR,delivered
O0000219,SE-202206-74003,C000173,S00015,P000085,2025-10-05T10:49:15,3,678.67,2036.01,101.8,483.55,6.22,2423.98,EUR,delivered
O0000220,PL-202308-34637,C000552,S00011,P000107,2025-10-02T09:21:24,1,139.66,139.66,0.0,32.12,5.1,176.88,EUR,delivered
O0000221,PL-202308-34637,C000552,S00011,P000070,2025-10-02T09:21:24,1,14.18,14.18,1.42,2.93,0.0,15.69,EUR,delivered
O0000222,IT-202206-99923,C000537,S00007,P000032,2025-11-15T20:51:00,1,147.79,147.79,0.0,32.51,6.34,186.64,EUR,delivered
O0000223,IT-202501-49708,C000243,S00008,P000112,2025-05-21T09:38:51,1,485.16,485.16,0.0,106.74,11.06,602.96,EUR,delivered
O0000224,IT-202501-49708,C000243,S00008,P000093,2025-05-21T09:38:51,5,106.19,530.95,0.0,116.81,10.06,657.82,EUR,delivered
O0000225,IT-202501-49708,C000243,S00008,P000118,2025-05-21T09:38:51,1,83.2,83.2,8.32,16.47,9.3,100.65,EUR,delivered
O0000226,IT-202309-90546,C000243,S00008,P000115,2023-08-27T12:02:07,1,602.41,602.41,30.12,125.9,10.89,709.08,EUR,delivered
O0000227,IT-202309-90546,C000243,S00008,P000013,2023-08-27T12:02:07,1,126.3,126.3,0.0,27.79,7.74,161.83,EUR,delivered
O0000228,IT-202309-90546,C000243,S00008,P000151,2023-08-27T12:02:07,1,111.88,111.88,0.0,24.61,5.0,141.49,EUR,delivered
O0000229,IT-202209-61932,C000243,S00007,P000124,2023-09-11T09:08:46,3,29.62,88.86,0.0,19.55,0.0,108.41,EUR,delivered
O0000230,ES-202501-20031,C000068,S00014,P000025,2024-09-13T17:46:40,1,605.16,605.16,0.0,127.08,7.6,739.84,EUR,delivered
O0000231,ES-202501-20031,C000068,S00014,P000129,2024-09-13T17:46:40,1,351.97,351.97,17.6,70.22,10.67,415.26,EUR,delivered
O0000232,ES-202501-20031,C000068,S00014,P000183,2024-09-13T17:46:40,1,51.24,51.24,7.69,9.15,11.13,63.83,EUR,delivered
O0000233,DE-202405-90685,C000235,S00005,P000235,2025-12-08T13:36:30,1,43.04,43.04,0.0,8.18,0.0,51.22,EUR,delivered
O0000234,DE-202210-62254,C000235,S00005,P000103,2025-08-17T08:26:13,1,65.2,65.2,0.0,12.39,4.58,82.17,EUR,delivered
O0000235,DE-202304-12368,C000235,S00006,P000115,2025-04-02T12:46:45,2,613.26,1226.52,0.0,233.04,9.01,1468.57,EUR,delivered
O0000236,DE-202304-12368,C000235,S00006,P000105,2025-04-02T12:46:45,1,105.65,105.65,10.57,18.07,5.36,118.51,EUR,delivered
O0000237,DE-202504-79761,C000235,S00005,P000243,2025-09-21T14:02:42,1,38.96,38.96,5.84,6.29,0.0,39.41,EUR,delivered
O0000238,DE-202504-79761,C000235,S00005,P000159,2025-09-21T14:02:42,1,90.5,90.5,4.53,16.33,0.0,102.3,EUR,delivered
O0000239,DE-202504-79761,C000235,S00005,P000141,2025-09-21T14:02:42,2,59.28,118.56,0.0,22.53,0.0,141.09,EUR,delivered
O0000240,DE-202205-82933,C000235,S00006,P000214,2025-08-11T16:08:24,1,143.3,143.3,0.0,27.23,5.6,176.13,EUR,delivered
O0000241,DE-202205-82933,C000235,S00006,P000024,2025-08-11T16:08:24,1,162.74,162.74,8.14,29.37,7.6,191.57,EUR,delivered
O0000242,DE-202506-38541,C000408,S00006,P000223,2024-11-04T20:23:40,5,121.53,607.65,0.0,115.45,8.81,731.91,EUR,delivered
O0000243,UK-202504-62948,C000679,S00020,P000100,2024-05-18T15:10:59,2,139.72,279.44,13.97,53.09,4.87,323.43,EUR,delivered
O0000244,UK-202504-62948,C000679,S00020,P000002,2024-05-18T15:10:59,2,65.31,130.62,0.0,26.12,5.69,162.43,EUR,delivered
O0000245,UK-202504-62948,C000679,S00020,P000209,2024-05-18T15:10:59,1,113.53,113.53,0.0,22.71,8.52,144.76,EUR,delivered
O0000246,UK-202210-84787,C000679,S00020,P000173,2024-05-19T11:10:36,1,354.89,354.89,17.74,67.43,7.49,412.07,EUR,delivered
O0000247,UK-202210-84787,C000679,S00020,P000239,2024-05-19T11:10:36,1,17.35,17.35,1.74,3.12,8.11,26.84,EUR,delivered
O0000248,UK-202303-71888,C000679,S00019,P000115,2023-12-16T09:57:01,1,619.05,619.05,92.86,105.24,7.85,639.28,EUR,delivered
O0000249,ES-202210-53418,C000139,S00013,P000170,2024-01-18T09:00:47,3,180.05,540.15,54.02,102.09,0.0,588.22,EUR,delivered
O0000250,CH-202505-80430,C000160,S00017,P000208,2025-08-07T16:45:01,1,102.38,102.38,10.24,7.37,3.19,102.7,EUR,delivered
O0000251,CH-202512-77051,C000160,S00018,P000208,2025-11-02T09:09:54,2,91.86,183.72,0.0,14.7,7.71,206.13,EUR,delivered
O0000252,DE-202403-41859,C000023,S00006,P000226,2025-09-27T13:41:44,1,76.3,76.3,0.0,14.5,6.65,97.45,EUR,delivered
O0000253,DE-202506-69031,C000023,S00006,P000071,2025-10-26T08:48:08,1,50.89,50.89,0.0,9.67,6.61,67.17,EUR,delivered
O0000254,UK-202310-93085,C000299,S00020,P000170,2025-12-31T23:59:59,3,157.74,473.22,0.0,94.64,11.72,579.58,EUR,delivered
O0000255,UK-202310-93085,C000299,S00020,P000039,2025-12-31T23:59:59,1,404.12,404.12,40.41,72.74,9.24,445.69,EUR,delivered
O0000256,UK-202310-11581,C000299,S00020,P000188,2025-12-31T23:59:59,1,270.21,270.21,0.0,54.04,7.09,331.34,EUR,delivered
O0000257,UK-202310-11581,C000299,S00020,P000250,2025-12-31T23:59:59,1,160.93,160.93,0.0,32.19,7.36,200.48,EUR,delivered
O0000258,UK-202511-32167,C000299,S00020,P000086,2025-12-25T14:00:42,2,167.2,334.4,16.72,63.54,7.2,388.42,EUR,delivered
O0000259,UK-202511-32167,C000299,S00020,P000077,2025-12-25T14:00:42,1,306.79,306.79,30.68,55.22,11.55,342.88,EUR,delivered
O0000260,UK-202511-32167,C000299,S00020,P000055,2025-12-25T14:00:42,3,41.2,123.6,0.0,24.72,6.05,154.37,EUR,delivered
O0000261,UK-202511-32167,C000299,S00020,P000069,2025-12-25T14:00:42,1,60.14,60.14,0.0,12.03,4.88,77.05,EUR,delivered
O0000262,CH-202409-18807,C000231,S00018,P000201,2025-12-22T19:34:55,1,341.08,341.08,0.0,27.29,11.17,379.54,EUR,delivered
O0000263,CH-202312-95302,C000231,S00017,P000065,2025-09-06T15:11:02,4,256.56,1026.24,0.0,82.1,0.0,1108.34,EUR,delivered
O0000264,CH-202312-95302,C000231,S00017,P000068,2025-09-06T15:11:02,1,225.12,225.12,11.26,17.11,0.0,230.97,EUR,delivered
O0000265,CH-202312-95302,C000231,S00017,P000187,2025-09-06T15:11:02,1,22.1,22.1,0.0,1.77,3.36,27.23,EUR,delivered
O0000266,CH-202312-95302,C000231,S00017,P000185,2025-09-06T15:11:02,1,155.55,155.55,0.0,12.44,0.0,167.99,EUR,delivered
O0000267,CH-202310-73862,C000231,S00018,P000223,2024-09-30T14:55:57,2,111.34,222.68,11.13,16.92,9.52,237.99,EUR,delivered
O0000268,CH-202501-42997,C000231,S00018,P000129,2024-12-25T18:11:21,1,358.25,358.25,0.0,28.66,6.47,393.38,EUR,delivered
O0000269,CH-202501-42997,C000231,S00018,P000239,2024-12-25T18:11:21,2,17.68,35.36,0.0,2.83,12.79,50.98,EUR,delivered
O0000270,CH-202308-10854,C000231,S00018,P000170,2025-04-15T10:11:04,1,172.11,172.11,17.21,12.39,5.73,173.02,EUR,delivered
O0000271,CH-202308-10854,C000231,S00018,P000024,2025-04-15T10:11:04,1,149.64,149.64,0.0,11.97,6.74,168.35,EUR,delivered
O0000272,CH-202308-10854,C000231,S00018,P000217,2025-04-15T10:11:04,2,334.0,668.0,33.4,50.77,12.34,697.71,EUR,delivered
O0000273,CH-202310-98065,C000231,S00017,P000040,2024-11-15T20:25:50,2,109.39,218.78,0.0,17.5,0.0,236.28,EUR,delivered
O0000274,CH-202512-45308,C000231,S00017,P000183,2025-03-30T12:23:09,3,46.82,140.46,0.0,11.24,0.0,151.7,EUR,delivered
O0000275,CH-202501-62963,C000231,S00017,P000006,2025-01-20T20:08:29,2,370.69,741.38,0.0,59.31,0.0,800.69,EUR,delivered
O0000276,CH-202501-62963,C000231,S00017,P000177,2025-01-20T20:08:29,2,93.73,187.46,0.0,15.0,0.0,202.46,EUR,delivered
O0000277,CH-202501-62963,C000231,S00017,P000051,2025-01-20T20:08:29,1,14.22,14.22,1.42,1.02,0.0,13.82,EUR,delivered
O0000278,CH-202303-52661,C000231,S00018,P000241,2025-04-20T08:49:42,2,577.39,1154.78,173.22,78.52,9.27,1069.35,EUR,delivered
O0000279,CH-202202-17355,C000231,S00018,P000034,2025-05-15T15:59:18,2,300.76,601.52,30.08,45.72,7.71,624.87,EUR,delivered
O0000280,CH-202303-87307,C000231,S00018,P000137,2024-12-07T09:28:15,2,139.02,278.04,13.9,21.13,10.2,295.47,EUR,delivered
O0000281,CH-202302-51151,C000231,S00018,P000115,2025-10-19T11:11:20,2,628.51,1257.02,0.0,100.56,10.72,1368.3,EUR,delivered
O0000282,CH-202302-51151,C000231,S00018,P000083,2025-10-19T11:11:20,1,103.66,103.66,0.0,8.29,7.56,119.51,EUR,delivered
O0000283,CH-202501-79258,C000231,S00017,P000220,2025-02-10T17:27:02,1,34.94,34.94,0.0,2.8,0.0,37.74,EUR,delivered
O0000284,CH-202501-79258,C000231,S00017,P000082,2025-02-10T17:27:02,2,276.5,553.0,0.0,44.24,0.0,597.24,EUR,delivered
O0000285,CH-202501-79258,C000231,S00017,P000135,2025-02-10T17:27:02,3,195.9,587.7,0.0,47.02,3.94,638.66,EUR,delivered
O0000286,CH-202501-79258,C000231,S00017,P000070,2025-02-10T17:27:02,1,14.19,14.19,0.71,1.08,0.0,14.56,EUR,delivered
O0000287,CH-202311-53310,C000231,S00017,P000186,2025-08-05T13:29:33,1,111.06,111.06,0.0,8.88,0.0,119.94,EUR,delivered
O0000288,CH-202311-53310,C000231,S00017,P000238,2025-08-05T13:29:33,1,301.75,301.75,0.0,24.14,5.91,331.8,EUR,delivered
O0000289,CH-202311-53310,C000231,S00017,P000224,2025-08-05T13:29:33,2,215.81,431.62,21.58,32.8,0.0,442.84,EUR,delivered
O0000290,CH-202412-85609,C000231,S00017,P000134,2025-10-28T11:19:11,4,441.53,1766.12,0.0,141.29,0.0,1907.41,EUR,delivered
O0000291,CH-202206-51331,C000231,S00017,P000057,2024-12-13T12:10:27,3,72.33,216.99,0.0,17.36,3.12,237.47,EUR,delivered
O0000292,CH-202206-51331,C000231,S00017,P000231,2024-12-13T12:10:27,3,119.42,358.26,0.0,28.66,0.0,386.92,EUR,delivered
O0000293,CH-202206-51331,C000231,S00017,P000194,2024-12-13T12:10:27,1,91.12,91.12,4.56,6.92,0.0,93.48,EUR,delivered
O0000294,CH-202206-51331,C000231,S00017,P000007,2024-12-13T12:10:27,1,180.61,180.61,0.0,14.45,0.0,195.06,EUR,delivered
O0000295,CH-202203-37477,C000231,S00017,P000052,2025-10-17T13:47:20,1,199.9,199.9,0.0,15.99,0.0,215.89,EUR,delivered
O0000296,CH-202501-10951,C000231,S00018,P000210,2025-02-21T09:22:23,10,36.61,366.1,18.31,27.82,7.5,383.11,EUR,delivered
O0000297,CH-202501-10951,C000231,S00018,P000109,2025-02-21T09:22:23,1,122.81,122.81,0.0,9.82,9.82,142.45,EUR,delivered
O0000298,CH-202501-10951,C000231,S00018,P000213,2025-02-21T09:22:23,1,157.82,157.82,0.0,12.63,9.07,179.52,EUR,delivered
O0000299,CH-202501-10951,C000231,S00018,P000074,2025-02-21T09:22:23,1,297.42,297.42,14.87,22.6,10.85,316.0,EUR,delivered
O0000300,DE-202210-37502,C000632,S00006,P000130,2025-04-18T10:26:11,1,54.25,54.25,2.71,9.79,7.28,68.61,EUR,delivered
O0000301,DE-202203-13929,C000632,S00006,P000157,2024-09-14T18:23:58,1,158.77,158.77,7.94,28.66,5.29,184.78,EUR,delivered
O0000302,DE-202203-13929,C000632,S00006,P000008,2024-09-14T18:23:58,1,37.06,37.06,1.85,6.69,10.49,52.39,EUR,delivered
O0000303,DE-202203-13929,C000632,S00006,P000007,2024-09-14T18:23:58,1,158.09,158.09,0.0,30.04,5.99,194.12,EUR,delivered
O0000304,DE-202502-24733,C000632,S00006,P000204,2025-12-26T16:28:08,3,193.91,581.73,0.0,110.53,8.85,701.11,EUR,delivered
O0000305,DE-202502-24733,C000632,S00006,P000001,2025-12-26T16:28:08,4,211.23,844.92,0.0,160.53,8.43,1013.88,EUR,delivered
O0000306,DE-202502-24733,C000632,S00006,P000119,2025-12-26T16:28:08,3,108.87,326.61,0.0,62.06,8.62,397.29,EUR,delivered
O0000307,DE-202304-96403,C000632,S00005,P000056,2025-06-25T12:56:39,1,143.69,143.69,0.0,27.3,6.33,177.32,EUR,delivered
O0000308,DE-202403-52984,C000329,S00006,P000188,2025-01-09T17:47:59,2,284.95,569.9,0.0,108.28,9.7,687.88,EUR,delivered
O0000309,DE-202403-52984,C000329,S00006,P000201,2025-01-09T17:47:59,3,326.17,978.51,0.0,185.92,4.1,1168.53,EUR,delivered
O0000310,DE-202403-52984,C000329,S00006,P000159,2025-01-09T17:47:59,1,98.27,98.27,0.0,18.67,11.82,128.76,EUR,delivered
O0000311,DE-202508-38159,C000329,S00006,P000193,2023-12-16T15:07:47,4,72.73,290.92,29.09,49.75,6.29,317.87,EUR,delivered
O0000312,ES-202509-69810,C000264,S00013,P000091,2025-11-29T20:33:16,2,52.81,105.62,0.0,22.18,0.0,127.8,EUR,delivered
O0000313,ES-202502-25765,C000264,S00014,P000236,2025-11-29T12:28:27,5,70.28,351.4,35.14,66.41,11.96,394.63,EUR,delivered
O0000314,ES-202502-25765,C000264,S00014,P000243,2025-11-29T12:28:27,1,38.55,38.55,1.93,7.69,10.97,55.28,EUR,delivered
O0000315,ES-202312-56391,C000264,S00013,P000135,2025-11-29T16:03:51,10,183.76,1837.6,0.0,385.9,6.16,2229.66,EUR,delivered
O0000316,ES-202312-56391,C000264,S00013,P000175,2025-11-29T16:03:51,3,97.0,291.0,29.1,55.0,5.69,322.59,EUR,delivered
O0000317,ES-202504-46493,C000264,S00013,P000080,2024-12-29T16:26:57,1,228.51,228.51,11.43,45.59,4.03,266.7,EUR,delivered
O0000318,ES-202504-46493,C000264,S00013,P000182,2024-12-29T16:26:57,2,47.71,95.42,0.0,20.04,3.69,119.15,EUR,delivered
O0000319,ES-202503-41780,C000264,S00014,P000088,2025-08-08T14:37:12,1,70.23,70.23,0.0,14.75,7.6,92.58,EUR,delivered
O0000320,ES-202304-68114,C000264,S00013,P000077,2025-01-07T13:00:40,1,294.18,294.18,0.0,61.78,4.48,360.44,EUR,delivered
O0000321,ES-202209-89958,C000264,S00014,P000067,2024-10-05T20:58:46,5,238.03,1190.15,119.02,224.94,5.01,1301.08,EUR,delivered
O0000322,NL-202507-86674,C000357,S00009,P000026,2025-09-19T15:48:18,10,900.51,9005.1,0.0,1891.07,0.0,10896.17,EUR,delivered
O0000323,NL-202512-66685,C000357,S00010,P000068,2024-11-14T20:17:53,1,231.45,231.45,23.15,43.74,12.84,264.88,EUR,delivered
O0000324,NL-202512-66685,C000357,S00010,P000061,2024-11-14T20:17:53,1,81.5,81.5,4.08,16.26,6.17,99.85,EUR,delivered
O0000325,NL-202504-87474,C000357,S00010,P000152,2023-09-23T20:52:45,2,38.1,76.2,3.81,15.2,4.37,91.96,EUR,delivered
O0000326,NL-202504-87474,C000357,S00010,P000142,2023-09-23T20:52:45,1,184.04,184.04,9.2,36.72,4.88,216.44,EUR,delivered
O0000327,NL-202202-41275,C000357,S00010,P000187,2024-12-15T17:26:52,1,21.8,21.8,2.18,4.12,9.15,32.89,EUR,delivered
O0000328,NL-202207-92328,C000357,S00010,P000237,2025-11-07T11:36:11,1,61.01,61.01,3.05,12.17,10.55,80.68,EUR,delivered
O0000329,NL-202406-99523,C000357,S00010,P000081,2025-12-16T11:17:28,2,183.69,367.38,0.0,77.15,11.76,456.29,EUR,delivered
O0000330,NL-202406-99523,C000357,S00010,P000176,2025-12-16T11:17:28,2,32.77,65.54,3.28,13.07,11.02,86.35,EUR,delivered
O0000331,NL-202406-99523,C000357,S00010,P000160,2025-12-16T11:17:28,1,367.66,367.66,0.0,77.21,7.16,452.03,EUR,delivered
O0000332,NL-202306-50086,C000357,S00009,P000190,2024-11-15T13:39:31,3,372.65,1117.95,0.0,234.77,0.0,1352.72,EUR,delivered
O0000333,NL-202306-50086,C000357,S00009,P000050,2024-11-15T13:39:31,1,34.62,34.62,0.0,7.27,0.0,41.89,EUR,delivered
O0000334,NL-202310-50701,C000357,S00010,P000023,2024-07-30T14:39:44,2,180.41,360.82,18.04,71.98,11.66,426.42,EUR,delivered
O0000335,IT-202312-54585,C000697,S00008,P000205,2023-08-28T14:06:54,1,30.42,30.42,0.0,6.69,4.36,41.47,EUR,delivered
O0000336,IT-202312-54585,C000697,S00008,P000224,2023-08-28T14:06:54,1,220.28,220.28,0.0,48.46,8.44,277.18,EUR,delivered
O0000337,IT-202312-54585,C000697,S00008,P000072,2023-08-28T14:06:54,3,98.96,296.88,0.0,65.31,6.02,368.21,EUR,delivered
O0000338,IT-202312-54585,C000697,S00008,P000143,2023-08-28T14:06:54,2,98.52,197.04,0.0,43.35,6.18,246.57,EUR,delivered
O0000339,UK-202210-73343,C000769,S00020,P000130,2024-06-21T17:12:26,1,52.38,52.38,5.24,9.43,7.47,64.04,EUR,delivered
O0000340,UK-202412-57706,C000769,S00020,P000241,2023-11-08T11:20:34,1,633.76,633.76,95.06,107.74,6.21,652.65,EUR,delivered
O0000341,UK-202302-76512,C000769,S00020,P000087,2023-08-29T20:52:38,2,76.83,153.66,15.37,27.66,6.01,171.96,EUR,delivered
O0000342,DE-202410-16973,C000443,S00006,P000043,2024-06-19T17:27:04,1,223.6,223.6,0.0,42.48,10.13,276.21,EUR,delivered
O0000343,DE-202410-16973,C000443,S00006,P000140,2024-06-19T17:27:04,1,113.23,113.23,0.0,21.51,12.52,147.26,EUR,delivered
O0000344,DE-202410-16973,C000443,S00006,P000015,2024-06-19T17:27:04,2,49.85,99.7,0.0,18.94,10.33,128.97,EUR,delivered
O0000345,DE-202307-38207,C000443,S00006,P000201,2024-11-01T18:19:21,1,335.02,335.02,16.75,60.47,12.81,391.55,EUR,delivered
O0000346,DE-202401-89900,C000443,S00005,P000103,2024-07-08T20:04:39,1,64.45,64.45,9.67,10.41,7.94,73.13,EUR,delivered
O0000347,DE-202301-95119,C000443,S00006,P000173,2024-01-30T09:25:36,1,348.06,348.06,34.81,59.52,5.64,378.41,EUR,delivered
O0000348,DE-202301-95119,C000443,S00006,P000203,2024-01-30T09:25:36,1,13.18,13.18,0.0,2.5,6.26,21.94,EUR,delivered
O0000349,DE-202203-44144,C000443,S00006,P000189,2023-11-20T18:40:05,1,793.73,793.73,0.0,150.81,12.83,957.37,EUR,delivered
O0000350,DE-202211-58909,C000443,S00005,P000076,2022-02-11T16:00:00,3,310.6,931.8,0.0,177.04,0.0,1108.84,EUR,delivered
O0000351,DE-202304-93424,C000443,S00006,P000039,2024-10-29T13:06:55,1,417.93,417.93,41.79,71.47,10.94,458.55,EUR,delivered
O0000352,DE-202304-93424,C000443,S00006,P000093,2024-10-29T13:06:55,1,110.78,110.78,0.0,21.05,9.59,141.42,EUR,delivered
O0000353,DE-202205-48198,C000443,S00005,P000125,2024-11-23T17:33:10,4,74.61,298.44,29.84,51.03,0.0,319.63,EUR,delivered
O0000354,DE-202205-48198,C000443,S00005,P000151,2024-11-23T17:33:10,1,114.55,114.55,0.0,21.76,0.0,136.31,EUR,delivered
O0000355,DE-202205-48198,C000443,S00005,P000250,2024-11-23T17:33:10,1,149.49,149.49,0.0,28.4,3.93,181.82,EUR,delivered
O0000356,DE-202501-56965,C000443,S00005,P000025,2025-05-04T18:45:48,1,595.19,595.19,0.0,113.09,0.0,708.28,EUR,delivered
O0000357,DE-202501-56965,C000443,S00005,P000131,2025-05-04T18:45:48,1,90.97,90.97,0.0,17.28,0.0,108.25,EUR,delivered
O0000358,DE-202501-56965,C000443,S00005,P000167,2025-05-04T18:45:48,1,57.45,57.45,5.75,9.82,0.0,61.52,EUR,delivered
O0000359,DE-202507-20798,C000443,S00006,P000076,2024-09-06T13:35:30,2,320.19,640.38,32.02,115.59,8.74,732.69,EUR,delivered
O0000360,DE-202507-20798,C000443,S00006,P000249,2024-09-06T13:35:30,1,464.03,464.03,0.0,88.17,9.28,561.48,EUR,delivered
O0000361,DE-202311-51111,C000443,S00005,P000135,2022-05-13T12:24:12,3,199.18,597.54,0.0,113.53,0.0,711.07,EUR,delivered
O0000362,DE-202309-58604,C000443,S00005,P000018,2022-08-17T10:57:14,1,968.46,968.46,0.0,184.01,4.02,1156.49,EUR,delivered
O0000363,DE-202309-58604,C000443,S00005,P000050,2022-08-17T10:57:14,2,38.92,77.84,0.0,14.79,0.0,92.63,EUR,delivered
O0000364,IT-202403-61107,C000560,S00007,P000060,2025-12-26T14:02:09,2,225.7,451.4,0.0,99.31,0.0,550.71,EUR,delivered
O0000365,IT-202404-95634,C000560,S00008,P000212,2025-12-12T14:52:26,1,50.19,50.19,0.0,11.04,4.08,65.31,EUR,delivered
O0000366,IT-202501-68868,C000560,S00007,P000227,2025-12-18T09:40:07,1,140.36,140.36,0.0,30.88,4.27,175.51,EUR,delivered
O0000367,IT-202505-80288,C000560,S00008,P000207,2025-12-21T12:06:48,3,109.72,329.16,0.0,72.42,8.47,410.05,EUR,delivered
O0000368,IT-202309-14678,C000560,S00008,P000021,2025-11-04T11:02:53,2,112.46,224.92,0.0,49.48,7.33,281.73,EUR,delivered
O0000369,FR-202308-88250,C000245,S00003,P000079,2025-12-02T20:12:49,2,67.07,134.14,0.0,26.83,7.6,168.57,EUR,delivered
O0000370,NL-202408-36299,C000053,S00009,P000158,2024-08-22T12:32:04,1,261.66,261.66,0.0,54.95,0.0,316.61,EUR,delivered
O0000371,NL-202310-79278,C000053,S00010,P000017,2024-01-05T16:20:03,1,61.35,61.35,3.07,12.24,10.51,81.03,EUR,delivered
O0000372,NL-202406-15037,C000053,S00009,P000205,2025-04-04T08:24:00,1,27.05,27.05,0.0,5.68,0.0,32.73,EUR,delivered
O0000373,NL-202406-15037,C000053,S00009,P000194,2025-04-04T08:24:00,1,97.74,97.74,9.77,18.47,6.21,112.65,EUR,delivered
O0000374,CH-202411-90746,C000256,S00018,P000086,2025-11-28T11:43:31,1,170.4,170.4,0.0,13.63,8.82,192.85,EUR,delivered
O0000375,CH-202411-90746,C000256,S00018,P000248,2025-11-28T11:43:31,1,77.54,77.54,0.0,6.2,5.56,89.3,EUR,delivered
O0000376,CH-202505-31013,C000256,S00018,P000179,2024-10-19T12:09:02,1,60.92,60.92,6.09,4.39,7.17,66.39,EUR,delivered
O0000377,CH-202505-31013,C000256,S00018,P000136,2024-10-19T12:09:02,4,72.44,289.76,0.0,23.18,10.59,323.53,EUR,delivered
O0000378,CH-202507-70754,C000256,S00018,P000060,2024-08-07T14:08:46,2,227.87,455.74,22.79,34.64,11.05,478.64,EUR,delivered
O0000379,CH-202507-70754,C000256,S00018,P000179,2024-08-07T14:08:46,1,61.51,61.51,6.15,4.43,11.12,70.91,EUR,delivered
O0000380,ES-202411-50225,C000797,S00013,P000228,2024-01-02T09:34:41,3,665.14,1995.42,0.0,419.04,0.0,2414.46,EUR,delivered
O0000381,ES-202411-50225,C000797,S00013,P000240,2024-01-02T09:34:41,3,447.36,1342.08,134.21,253.65,0.0,1461.52,EUR,delivered
O0000382,ES-202501-37060,C000797,S00014,P000039,2025-04-28T12:47:43,2,402.17,804.34,0.0,168.91,8.21,981.46,EUR,delivered
O0000383,ES-202501-37060,C000797,S00014,P000100,2025-04-28T12:47:43,3,128.69,386.07,38.61,72.97,6.84,427.27,EUR,delivered
O0000384,UK-202211-22722,C000071,S00019,P000234,2024-05-14T08:21:54,1,16.65,16.65,2.5,2.83,0.0,16.98,EUR,delivered
O0000385,IT-202206-91688,C000714,S00008,P000071,2025-12-02T15:30:21,2,55.12,110.24,0.0,24.25,7.73,142.22,EUR,delivered
O0000386,IT-202206-91688,C000714,S00008,P000026,2025-12-02T15:30:21,1,902.55,902.55,0.0,198.56,8.96,1110.07,EUR,delivered
O0000387,UK-202512-46861,C000360,S00019,P000010,2025-11-05T10:58:28,3,47.05,141.15,0.0,28.23,5.92,175.3,EUR,delivered
O0000388,UK-202408-86662,C000360,S00019,P000085,2025-12-16T15:42:36,1,653.97,653.97,0.0,130.79,0.0,784.76,EUR,delivered
O0000389,FR-202503-24545,C000201,S00003,P000151,2025-02-11T19:50:50,2,106.88,213.76,21.38,38.48,0.0,230.86,EUR,delivered
O0000390,FR-202306-43123,C000201,S00003,P000079,2025-01-04T16:57:58,1,64.18,64.18,3.21,12.19,0.0,73.16,EUR,delivered
O0000391,DE-202506-15302,C000720,S00006,P000220,2025-11-21T09:21:35,4,34.61,138.44,0.0,26.3,6.71,171.45,EUR,delivered
O0000392,DE-202308-59809,C000720,S00006,P000202,2025-12-01T12:44:24,3,142.99,428.97,0.0,81.5,7.07,517.54,EUR,delivered
O0000393,DE-202412-44286,C000720,S00005,P000021,2025-10-30T09:58:28,1,113.32,113.32,5.67,20.45,3.53,131.63,EUR,delivered
O0000394,DE-202412-44286,C000720,S00005,P000168,2025-10-30T09:58:28,1,260.57,260.57,0.0,49.51,6.88,316.96,EUR,delivered
O0000395,DE-202412-44286,C000720,S00005,P000079,2025-10-30T09:58:28,3,58.01,174.03,0.0,33.07,7.34,214.44,EUR,delivered
O0000396,DE-202203-86382,C000720,S00006,P000014,2025-12-22T20:42:06,4,201.77,807.08,0.0,153.35,10.45,970.88,EUR,delivered
O0000397,DE-202203-86382,C000720,S00006,P000035,2025-12-22T20:42:06,1,194.81,194.81,9.74,35.16,5.88,226.11,EUR,delivered
O0000398,PL-202207-51996,C000116,S00011,P000117,2025-09-25T19:31:38,2,290.36,580.72,0.0,133.57,0.0,714.29,EUR,delivered
O0000399,PL-202207-51996,C000116,S00011,P000184,2025-09-25T19:31:38,1,47.62,47.62,0.0,10.95,5.87,64.44,EUR,delivered
O0000400,PL-202312-26254,C000116,S00011,P000160,2024-01-03T13:48:14,2,373.42,746.84,0.0,171.77,0.0,918.61,EUR,delivered
O0000401,PL-202505-55188,C000116,S00011,P000016,2023-11-02T18:16:18,1,315.63,315.63,0.0,72.59,3.39,391.61,EUR,delivered
O0000402,PL-202501-98408,C000766,S00011,P000241,2024-09-06T13:44:43,2,583.79,1167.58,0.0,268.54,4.84,1440.96,EUR,delivered
O0000403,PL-202501-98408,C000766,S00011,P000143,2024-09-06T13:44:43,1,102.85,102.85,0.0,23.66,4.13,130.64,EUR,delivered
O0000404,PL-202301-56254,C000766,S00012,P000244,2025-09-28T13:59:50,1,173.11,173.11,8.66,37.82,7.77,210.04,EUR,delivered
O0000405,PL-202301-56254,C000766,S00012,P000116,2025-09-28T13:59:50,1,103.61,103.61,0.0,23.83,12.9,140.34,EUR,delivered
O0000406,PL-202301-56254,C000766,S00012,P000226,2025-09-28T13:59:50,2,78.19,156.38,0.0,35.97,11.11,203.46,EUR,delivered
O0000407,PL-202303-87717,C000766,S00011,P000049,2022-11-16T14:30:09,1,270.42,270.42,27.04,55.98,4.38,303.74,EUR,delivered
O0000408,PL-202308-89537,C000766,S00012,P000241,2023-12-31T10:31:42,1,584.18,584.18,0.0,134.36,6.59,725.13,EUR,delivered
O0000409,PL-202309-74779,C000766,S00011,P000077,2024-03-26T12:40:10,2,293.43,586.86,0.0,134.98,0.0,721.84,EUR,delivered
O0000410,PL-202412-58936,C000766,S00011,P000104,2024-08-01T15:04:01,1,229.48,229.48,22.95,47.5,0.0,254.03,EUR,delivered
O0000411,PL-202412-58936,C000766,S00011,P000052,2024-08-01T15:04:01,4,214.21,856.84,42.84,187.22,0.0,1001.22,EUR,delivered
O0000412,NL-202412-35477,C000559,S00009,P000153,2025-12-10T17:58:14,1,163.83,163.83,16.38,30.96,0.0,178.41,EUR,delivered
O0000413,NL-202412-35477,C000559,S00009,P000205,2025-12-10T17:58:14,3,27.74,83.22,0.0,17.48,0.0,100.7,EUR,delivered
O0000414,NL-202508-88983,C000559,S00010,P000179,2025-10-21T20:12:50,1,59.22,59.22,0.0,12.44,7.2,78.86,EUR,delivered
O0000415,NL-202508-88983,C000559,S00010,P000091,2025-10-21T20:12:50,2,49.76,99.52,4.98,19.85,12.6,126.99,EUR,delivered
O0000416,NL-202508-88983,C000559,S00010,P000196,2025-10-21T20:12:50,1,61.75,61.75,6.18,11.67,5.79,73.03,EUR,delivered
O0000417,NL-202310-89309,C000559,S00009,P000127,2025-12-04T19:56:12,1,439.16,439.16,43.92,83.0,0.0,478.24,EUR,delivered
O0000418,NL-202310-89309,C000559,S00009,P000061,2025-12-04T19:56:12,1,84.1,84.1,0.0,17.66,0.0,101.76,EUR,delivered
O0000419,NL-202502-58317,C000559,S00010,P000191,2025-10-25T14:35:10,1,122.7,122.7,6.14,24.48,8.07,149.11,EUR,delivered
O0000420,NL-202502-58317,C000559,S00010,P000027,2025-10-25T14:35:10,1,103.07,103.07,15.46,18.4,5.11,111.12,EUR,delivered
O0000421,SE-202409-72534,C000281,S00016,P000109,2024-01-07T19:24:35,1,109.15,109.15,0.0,27.29,10.83,147.27,EUR,delivered
O0000422,SE-202406-84136,C000281,S00015,P000233,2023-06-13T19:45:08,1,14.39,14.39,0.72,3.42,0.0,17.09,EUR,delivered
O0000423,SE-202406-84136,C000281,S00015,P000035,2023-06-13T19:45:08,1,192.51,192.51,0.0,48.13,0.0,240.64,EUR,delivered
O0000424,UK-202208-62502,C000641,S00019,P000207,2025-01-21T20:25:44,3,101.8,305.4,0.0,61.08,4.29,370.77,EUR,delivered
O0000425,UK-202301-94509,C000641,S00019,P000054,2025-06-18T19:14:30,1,102.94,102.94,10.29,18.53,0.0,111.18,EUR,delivered
O0000426,NL-202407-93142,C000421,S00010,P000175,2025-01-14T12:31:01,1,102.66,102.66,0.0,21.56,9.23,133.45,EUR,delivered
O0000427,NL-202407-93142,C000421,S00010,P000138,2025-01-14T12:31:01,1,38.44,38.44,0.0,8.07,7.3,53.81,EUR,delivered
O0000428,NL-202307-37889,C000421,S00009,P000139,2024-03-23T18:47:39,1,179.29,179.29,0.0,37.65,0.0,216.94,EUR,delivered
O0000429,AT-202404-52868,C000344,S00002,P000243,2025-07-16T12:28:01,2,38.94,77.88,0.0,15.58,7.48,100.94,EUR,delivered
O0000430,AT-202404-52868,C000344,S00002,P000169,2025-07-16T12:28:01,1,978.71,978.71,0.0,195.74,10.83,1185.28,EUR,delivered
O0000431,AT-202412-98369,C000344,S00001,P000056,2025-12-13T13:29:03,3,134.14,402.42,0.0,80.48,0.0,482.9,EUR,delivered
O0000432,AT-202412-98369,C000344,S00001,P000224,2025-12-13T13:29:03,3,226.65,679.95,0.0,135.99,4.93,820.87,EUR,delivered
O0000433,AT-202408-61216,C000344,S00001,P000216,2025-11-02T17:18:50,3,42.35,127.05,12.71,22.87,7.64,144.85,EUR,delivered
O0000434,AT-202408-61216,C000344,S00001,P000061,2025-11-02T17:18:50,1,85.24,85.24,0.0,17.05,0.0,102.29,EUR,delivered
O0000435,AT-202408-61216,C000344,S00001,P000155,2025-11-02T17:18:50,1,128.68,128.68,0.0,25.74,0.0,154.42,EUR,delivered
O0000436,AT-202408-61216,C000344,S00001,P000223,2025-11-02T17:18:50,3,109.21,327.63,0.0,65.53,0.0,393.16,EUR,delivered
O0000437,FR-202202-49590,C000339,S00003,P000160,2025-11-10T20:58:13,4,384.23,1536.92,153.69,276.65,3.86,1663.74,EUR,delivered
O0000438,FR-202202-40776,C000339,S00004,P000120,2025-12-09T12:17:01,1,295.02,295.02,14.75,56.05,4.26,340.58,EUR,delivered
O0000439,FR-202202-40776,C000339,S00004,P000184,2025-12-09T12:17:01,1,46.64,46.64,0.0,9.33,12.75,68.72,EUR,delivered
O0000440,FR-202211-18258,C000339,S00004,P000067,2025-12-07T11:51:17,3,232.56,697.68,0.0,139.54,4.01,841.23,EUR,delivered
O0000441,NL-202210-67061,C000456,S00010,P000150,2025-07-26T19:03:18,1,619.14,619.14,0.0,130.02,9.92,759.08,EUR,delivered
O0000442,ES-202412-82223,C000054,S00013,P000093,2025-04-12T13:26:11,2,99.94,199.88,9.99,39.88,6.37,236.14,EUR,delivered
O0000443,ES-202412-82223,C000054,S00013,P000247,2025-04-12T13:26:11,1,184.55,184.55,0.0,38.76,0.0,223.31,EUR,delivered
O0000444,ES-202306-57011,C000054,S00014,P000127,2025-05-11T18:10:56,3,434.2,1302.6,0.0,273.55,8.85,1585.0,EUR,delivered
O0000445,ES-202310-28287,C000054,S00013,P000136,2024-05-16T14:56:07,2,78.32,156.64,7.83,31.25,6.93,186.99,EUR,delivered
O0000446,ES-202310-28287,C000054,S00013,P000131,2024-05-16T14:56:07,1,87.9,87.9,8.79,16.61,0.0,95.72,EUR,delivered
O0000447,ES-202310-28287,C000054,S00013,P000144,2024-05-16T14:56:07,4,147.33,589.32,29.47,117.57,0.0,677.42,EUR,delivered
O0000448,ES-202310-28287,C000054,S00013,P000062,2024-05-16T14:56:07,1,279.7,279.7,13.99,55.8,0.0,321.51,EUR,delivered
O0000449,ES-202503-34684,C000054,S00013,P000239,2025-07-19T15:09:58,1,17.95,17.95,1.8,3.39,0.0,19.54,EUR,delivered
O0000450,ES-202204-13080,C000054,S00013,P000018,2023-12-12T11:11:52,1,927.2,927.2,0.0,194.71,4.49,1126.4,EUR,delivered
O0000451,ES-202204-13080,C000054,S00013,P000062,2023-12-12T11:11:52,1,270.99,270.99,0.0,56.91,0.0,327.9,EUR,delivered
O0000452,ES-202204-13080,C000054,S00013,P000239,2023-12-12T11:11:52,1,18.53,18.53,0.0,3.89,0.0,22.42,EUR,delivered
O0000453,IT-202208-51894,C000039,S00008,P000135,2024-03-27T15:55:51,1,199.31,199.31,0.0,43.85,7.15,250.31,EUR,delivered
O0000454,IT-202501-59803,C000039,S00007,P000021,2025-08-09T09:30:16,2,128.31,256.62,0.0,56.46,4.2,317.28,EUR,delivered
O0000455,IT-202501-59803,C000039,S00007,P000182,2025-08-09T09:30:16,5,43.66,218.3,0.0,48.03,7.26,273.59,EUR,delivered
O0000456,IT-202310-63819,C000039,S00007,P000235,2025-04-14T17:55:43,1,43.1,43.1,0.0,9.48,6.26,58.84,EUR,delivered
O0000457,IT-202310-63819,C000039,S00007,P000111,2025-04-14T17:55:43,1,702.9,702.9,35.15,146.91,0.0,814.66,EUR,delivered
O0000458,IT-202310-63819,C000039,S00007,P000126,2025-04-14T17:55:43,3,329.43,988.29,0.0,217.42,0.0,1205.71,EUR,delivered
O0000459,IT-202407-24375,C000039,S00007,P000187,2024-01-31T15:15:00,2,19.84,39.68,0.0,8.73,0.0,48.41,EUR,delivered
O0000460,IT-202306-99526,C000039,S00008,P000041,2025-05-26T20:44:58,1,117.83,117.83,0.0,25.92,4.2,147.95,EUR,delivered
O0000461,IT-202506-66357,C000039,S00007,P000118,2025-11-23T13:40:34,1,86.09,86.09,0.0,18.94,0.0,105.03,EUR,delivered
O0000462,IT-202411-56876,C000039,S00008,P000031,2024-12-11T11:58:59,2,32.71,65.42,9.81,12.23,7.35,75.19,EUR,delivered
O0000463,IT-202411-56876,C000039,S00008,P000041,2024-12-11T11:58:59,1,102.43,102.43,5.12,21.41,5.66,124.38,EUR,delivered
O0000464,IT-202411-56876,C000039,S00008,P000143,2024-12-11T11:58:59,1,103.96,103.96,0.0,22.87,5.32,132.15,EUR,delivered
O0000465,IT-202312-61211,C000039,S00007,P000065,2023-12-06T20:00:07,1,253.04,253.04,0.0,55.67,0.0,308.71,EUR,delivered
O0000466,IT-202312-61211,C000039,S00007,P000133,2023-12-06T20:00:07,1,38.61,38.61,1.93,8.07,0.0,44.75,EUR,delivered
O0000467,IT-202302-32599,C000039,S00008,P000168,2025-04-01T16:54:51,3,251.25,753.75,37.69,157.53,8.29,881.88,EUR,delivered
O0000468,IT-202210-31591,C000039,S00007,P000101,2025-08-15T18:23:14,1,42.54,42.54,0.0,9.36,4.86,56.76,EUR,delivered
O0000469,IT-202210-31591,C000039,S00007,P000189,2025-08-15T18:23:14,1,901.3,901.3,0.0,198.29,5.39,1104.98,EUR,delivered
O0000470,IT-202210-31591,C000039,S00007,P000011,2025-08-15T18:23:14,4,185.64,742.56,0.0,163.36,6.17,912.09,EUR,delivered
O0000471,IT-202310-78322,C000039,S00008,P000141,2025-08-24T14:38:01,2,65.15,130.3,6.52,27.23,4.35,155.36,EUR,delivered
O0000472,IT-202407-46809,C000039,S00008,P000082,2025-10-06T13:19:53,4,294.56,1178.24,0.0,259.21,11.83,1449.28,EUR,delivered
O0000473,IT-202407-46809,C000039,S00008,P000076,2025-10-06T13:19:53,2,316.61,633.22,63.32,125.38,9.44,704.72,EUR,delivered
O0000474,IT-202308-54181,C000039,S00007,P000016,2024-12-22T13:34:33,4,322.27,1289.08,0.0,283.6,0.0,1572.68,EUR,delivered
O0000475,IT-202308-54181,C000039,S00007,P000159,2024-12-22T13:34:33,4,90.62,362.48,0.0,79.75,0.0,442.23,EUR,delivered
O0000476,IT-202404-53908,C000039,S00008,P000154,2024-05-02T14:42:42,2,143.77,287.54,14.38,60.1,5.7,338.96,EUR,delivered
O0000477,IT-202412-81142,C000039,S00008,P000182,2025-09-04T17:33:11,1,45.2,45.2,0.0,9.94,9.69,64.83,EUR,delivered
O0000478,AT-202403-94866,C000585,S00002,P000115,2025-09-02T15:45:17,1,574.17,574.17,0.0,114.83,8.95,697.95,EUR,delivered
O0000479,AT-202403-94866,C000585,S00002,P000086,2025-09-02T15:45:17,1,149.4,149.4,7.47,28.39,6.28,176.6,EUR,delivered
O0000480,AT-202403-94866,C000585,S00002,P000062,2025-09-02T15:45:17,1,302.69,302.69,0.0,60.54,11.38,374.61,EUR,delivered
O0000481,AT-202504-44825,C000585,S00001,P000097,2025-11-21T15:38:06,1,321.33,321.33,16.07,61.05,0.0,366.31,EUR,delivered
O0000482,AT-202504-44825,C000585,S00001,P000030,2025-11-21T15:38:06,3,697.54,2092.62,0.0,418.52,0.0,2511.14,EUR,delivered
O0000483,AT-202212-65478,C000585,S00001,P000245,2025-12-18T17:03:00,2,163.59,327.18,0.0,65.44,0.0,392.62,EUR,delivered
O0000484,NL-202409-56340,C000389,S00009,P000203,2024-05-03T17:20:48,3,13.23,39.69,0.0,8.33,3.45,51.47,EUR,delivered
O0000485,NL-202408-26326,C000389,S00009,P000225,2025-11-14T11:15:29,1,32.72,32.72,1.64,6.53,0.0,37.61,EUR,delivered
O0000486,NL-202408-26326,C000389,S00009,P000231,2025-11-14T11:15:29,3,119.34,358.02,0.0,75.18,0.0,433.2,EUR,delivered
O0000487,NL-202207-68213,C000389,S00010,P000006,2025-09-12T14:54:39,1,392.98,392.98,0.0,82.53,11.87,487.38,EUR,delivered
O0000488,NL-202207-68213,C000389,S00010,P000193,2025-09-12T14:54:39,1,69.1,69.1,0.0,14.51,7.48,91.09,EUR,delivered
O0000489,NL-202510-36931,C000389,S00010,P000042,2025-08-13T17:53:44,1,30.73,30.73,0.0,6.45,10.42,47.6,EUR,delivered
O0000490,NL-202510-36931,C000389,S00010,P000101,2025-08-13T17:53:44,3,42.44,127.32,12.73,24.06,12.64,151.29,EUR,delivered
O0000491,NL-202311-18479,C000389,S00010,P000109,2024-12-14T13:23:24,1,113.5,113.5,0.0,23.84,7.12,144.46,EUR,delivered
O0000492,NL-202406-44060,C000389,S00010,P000204,2024-09-08T17:41:33,5,197.25,986.25,49.31,196.76,4.8,1138.5,EUR,delivered
O0000493,NL-202406-44060,C000389,S00010,P000213,2024-09-08T17:41:33,4,156.58,626.32,31.32,124.95,4.44,724.39,EUR,delivered
O0000494,NL-202209-43442,C000389,S00010,P000056,2024-11-18T14:17:55,1,131.46,131.46,0.0,27.61,9.88,168.95,EUR,delivered
O0000495,NL-202209-43442,C000389,S00010,P000077,2024-11-18T14:17:55,2,308.61,617.22,61.72,116.66,5.57,677.73,EUR,delivered
O0000496,NL-202209-43442,C000389,S00010,P000131,2024-11-18T14:17:55,1,96.47,96.47,9.65,18.23,6.12,111.17,EUR,delivered
O0000497,NL-202310-20098,C000389,S00009,P000115,2024-11-08T20:11:34,2,630.3,1260.6,0.0,264.73,4.22,1529.55,EUR,delivered
O0000498,FR-202206-32517,C000118,S00004,P000034,2025-07-26T16:32:57,1,292.74,292.74,0.0,58.55,11.75,363.04,EUR,delivered
O0000499,FR-202410-46605,C000118,S00004,P000161,2024-04-23T19:07:45,2,332.92,665.84,0.0,133.17,4.0,803.01,EUR,delivered
O0000500,FR-202509-74219,C000118,S00004,P000163,2024-10-19T14:56:33,2,296.22,592.44,59.24,106.64,7.64,647.48,EUR,delivered
O0000501,FR-202509-74219,C000118,S00004,P000131,2024-10-19T14:56:33,1,96.39,96.39,0.0,19.28,11.71,127.38,EUR,delivered
O0000502,FR-202301-37117,C000118,S00003,P000095,2025-12-29T12:07:38,1,366.93,366.93,0.0,73.39,6.74,447.06,EUR,delivered
O0000503,FR-202301-37117,C000118,S00003,P000074,2025-12-29T12:07:38,1,318.42,318.42,15.92,60.5,0.0,363.0,EUR,delivered
O0000504,FR-202301-37117,C000118,S00003,P000007,2025-12-29T12:07:38,2,165.76,331.52,0.0,66.3,7.51,405.33,EUR,delivered
O0000505,FR-202408-62329,C000118,S00004,P000013,2024-02-10T11:29:08,4,138.99,555.96,55.6,100.07,6.65,607.08,EUR,delivered
O0000506,FR-202206-70960,C000118,S00004,P000129,2025-10-16T09:38:18,1,361.74,361.74,36.17,65.11,8.31,398.99,EUR,delivered
O0000507,FR-202406-35359,C000118,S00004,P000066,2023-08-19T09:09:47,1,215.24,215.24,0.0,43.05,7.62,265.91,EUR,delivered
O0000508,FR-202406-35359,C000118,S00004,P000007,2023-08-19T09:09:47,2,167.42,334.84,0.0,66.97,6.55,408.36,EUR,delivered
O0000509,IT-202209-86758,C000693,S00007,P000196,2025-11-18T14:48:32,2,64.22,128.44,0.0,28.26,7.65,164.35,EUR,delivered
O0000510,IT-202506-96588,C000693,S00008,P000155,2025-05-15T10:48:58,1,128.79,128.79,0.0,28.33,4.1,161.22,EUR,delivered
O0000511,DE-202304-64837,C000077,S00005,P000248,2025-04-24T10:27:35,10,77.78,777.8,0.0,147.78,6.93,932.51,EUR,delivered
O0000512,DE-202304-64837,C000077,S00005,P000052,2025-04-24T10:27:35,1,212.44,212.44,0.0,40.36,3.56,256.36,EUR,delivered
O0000513,DE-202506-90844,C000077,S00006,P000227,2025-12-10T12:36:35,2,143.61,287.22,0.0,54.57,10.13,351.92,EUR,delivered
O0000514,DE-202506-90844,C000077,S00006,P000187,2025-12-10T12:36:35,2,20.94,41.88,0.0,7.96,9.33,59.17,EUR,delivered
O0000515,FR-202304-12913,C000782,S00004,P000249,2024-11-22T16:19:31,1,455.83,455.83,0.0,91.17,11.59,558.59,EUR,delivered
O0000516,FR-202304-12913,C000782,S00004,P000013,2024-11-22T16:19:31,1,140.18,140.18,0.0,28.04,5.37,173.59,EUR,delivered
O0000517,FR-202304-12913,C000782,S00004,P000149,2024-11-22T16:19:31,1,122.67,122.67,0.0,24.53,10.67,157.87,EUR,delivered
O0000518,FR-202304-12913,C000782,S00004,P000202,2024-11-22T16:19:31,1,133.44,133.44,0.0,26.69,5.45,165.58,EUR,delivered
O0000519,IT-202511-18692,C000112,S00008,P000008,2024-06-21T14:09:26,1,35.34,35.34,3.53,7.0,8.42,47.23,EUR,delivered
O0000520,IT-202511-18692,C000112,S00008,P000236,2024-06-21T14:09:26,4,74.89,299.56,0.0,65.9,11.64,377.1,EUR,delivered
O0000521,IT-202404-90028,C000112,S00007,P000025,2022-12-29T13:37:24,1,586.18,586.18,58.62,116.06,6.96,650.58,EUR,delivered
O0000522,IT-202404-90028,C000112,S00007,P000021,2022-12-29T13:37:24,2,114.03,228.06,0.0,50.17,0.0,278.23,EUR,delivered
O0000523,IT-202404-90028,C000112,S00007,P000186,2022-12-29T13:37:24,1,111.02,111.02,11.1,21.98,7.58,129.48,EUR,delivered
O0000524,ES-202411-84972,C000197,S00013,P000146,2025-01-16T12:21:06,5,304.46,1522.3,152.23,287.71,0.0,1657.78,EUR,delivered
O0000525,ES-202307-74272,C000197,S00013,P000154,2025-10-07T17:53:33,1,136.58,136.58,13.66,25.81,0.0,148.73,EUR,delivered
O0000526,UK-202208-89493,C000162,S00019,P000175,2025-11-09T14:54:21,1,101.4,101.4,0.0,20.28,5.0,126.68,EUR,delivered
O0000527,UK-202208-89493,C000162,S00019,P000204,2025-11-09T14:54:21,3,193.24,579.72,86.96,98.55,0.0,591.31,EUR,delivered
O0000528,DE-202404-41546,C000476,S00006,P000030,2025-11-21T08:05:03,1,683.31,683.31,0.0,129.83,10.92,824.06,EUR,delivered
O0000529,DE-202404-41546,C000476,S00006,P000027,2025-11-21T08:05:03,2,110.65,221.3,11.07,39.94,7.91,258.08,EUR,delivered
O0000530,FR-202211-97591,C000183,S00004,P000047,2025-12-09T18:02:23,1,145.88,145.88,14.59,26.26,6.26,163.81,EUR,delivered
O0000531,FR-202308-70752,C000183,S00004,P000078,2025-05-27T13:47:45,4,103.24,412.96,20.65,78.46,4.06,474.83,EUR,delivered
O0000532,FR-202305-64499,C000183,S00003,P000058,2025-12-09T13:09:02,3,57.83,173.49,0.0,34.7,6.15,214.34,EUR,delivered
O0000533,FR-202305-64499,C000183,S00003,P000151,2025-12-09T13:09:02,2,120.81,241.62,0.0,48.32,0.0,289.94,EUR,delivered
O0000534,FR-202305-64499,C000183,S00003,P000240,2025-12-09T13:09:02,1,458.42,458.42,0.0,91.68,0.0,550.1,EUR,delivered
O0000535,PL-202411-96332,C000622,S00012,P000049,2025-11-04T16:37:39,1,305.8,305.8,0.0,70.33,6.6,382.73,EUR,delivered
O0000536,PL-202411-96332,C000622,S00012,P000194,2025-11-04T16:37:39,10,94.91,949.1,0.0,218.29,4.15,1171.54,EUR,delivered
O0000537,PL-202411-96332,C000622,S00012,P000184,2025-11-04T16:37:39,2,47.56,95.12,0.0,21.88,11.46,128.46,EUR,delivered
O0000538,AT-202508-89791,C000082,S00001,P000164,2025-10-21T11:28:16,1,349.14,349.14,34.91,62.85,0.0,377.08,EUR,delivered
O0000539,AT-202401-79565,C000082,S00001,P000012,2024-03-11T15:15:25,1,52.99,52.99,0.0,10.6,7.69,71.28,EUR,delivered
O0000540,CH-202209-93888,C000250,S00018,P000138,2025-07-18T15:37:13,3,39.73,119.19,0.0,9.54,10.52,139.25,EUR,delivered
O0000541,CH-202209-93888,C000250,S00018,P000196,2025-07-18T15:37:13,1,65.1,65.1,0.0,5.21,7.86,78.17,EUR,delivered
O0000542,DE-202411-42190,C000208,S00006,P000072,2023-12-24T19:46:16,1,87.32,87.32,0.0,16.59,10.55,114.46,EUR,delivered
O0000543,DE-202402-47850,C000208,S00006,P000221,2025-07-02T18:04:04,2,112.63,225.26,22.53,38.52,12.68,253.93,EUR,delivered
O0000544,DE-202402-47850,C000208,S00006,P000215,2025-07-02T18:04:04,1,69.83,69.83,0.0,13.27,10.88,93.98,EUR,delivered
O0000545,DE-202402-47850,C000208,S00006,P000002,2025-07-02T18:04:04,2,65.79,131.58,0.0,25.0,10.0,166.58,EUR,delivered
O0000546,DE-202402-47850,C000208,S00006,P000058,2025-07-02T18:04:04,1,52.34,52.34,2.62,9.45,7.17,66.34,EUR,delivered
O0000547,DE-202504-81474,C000208,S00006,P000249,2025-11-27T17:51:50,1,446.85,446.85,0.0,84.9,12.91,544.66,EUR,delivered
O0000548,DE-202504-81474,C000208,S00006,P000041,2025-11-27T17:51:50,2,107.24,214.48,0.0,40.75,7.49,262.72,EUR,delivered
O0000549,DE-202504-81474,C000208,S00006,P000086,2025-11-27T17:51:50,2,150.31,300.62,0.0,57.12,11.3,369.04,EUR,delivered
O0000550,SE-202303-34922,C000045,S00016,P000235,2025-05-16T09:47:14,1,40.68,40.68,0.0,10.17,12.09,62.94,EUR,delivered
O0000551,SE-202303-34922,C000045,S00016,P000197,2025-05-16T09:47:14,1,99.04,99.04,0.0,24.76,4.14,127.94,EUR,delivered
O0000552,SE-202303-34922,C000045,S00016,P000140,2025-05-16T09:47:14,2,107.39,214.78,0.0,53.7,10.74,279.22,EUR,delivered
O0000553,PL-202206-70749,C000513,S00011,P000149,2025-10-01T17:33:35,2,126.78,253.56,0.0,58.32,6.92,318.8,EUR,delivered
O0000554,PL-202206-70749,C000513,S00011,P000118,2025-10-01T17:33:35,2,82.01,164.02,0.0,37.72,0.0,201.74,EUR,delivered
O0000555,PL-202206-70749,C000513,S00011,P000139,2025-10-01T17:33:35,1,177.74,177.74,17.77,36.79,7.98,204.74,EUR,delivered
O0000556,IT-202407-30058,C000729,S00008,P000076,2025-10-18T09:33:23,1,284.81,284.81,42.72,53.26,6.94,302.29,EUR,delivered
O0000557,IT-202203-78806,C000729,S00007,P000031,2023-11-26T12:49:21,2,33.4,66.8,0.0,14.7,0.0,81.5,EUR,delivered
O0000558,IT-202409-80950,C000638,S00007,P000166,2025-11-24T19:34:19,4,219.12,876.48,87.65,173.54,0.0,962.37,EUR,delivered
O0000559,IT-202409-80950,C000638,S00007,P000025,2025-11-24T19:34:19,1,614.68,614.68,0.0,135.23,0.0,749.91,EUR,delivered
O0000560,IT-202409-80950,C000638,S00007,P000101,2025-11-24T19:34:19,4,39.94,159.76,15.98,31.63,0.0,175.41,EUR,delivered
O0000561,DE-202407-81036,C000204,S00005,P000084,2022-12-13T16:57:50,1,63.99,63.99,3.2,11.55,0.0,72.34,EUR,delivered
O0000562,DE-202208-38628,C000204,S00005,P000002,2025-01-10T18:32:15,2,62.96,125.92,0.0,23.92,0.0,149.84,EUR,delivered
O0000563,DE-202208-38628,C000204,S00005,P000132,2025-01-10T18:32:15,1,159.75,159.75,0.0,30.35,0.0,190.1,EUR,delivered
O0000564,DE-202208-38628,C000204,S00005,P000067,2025-01-10T18:32:15,1,238.89,238.89,0.0,45.39,4.43,288.71,EUR,delivered
O0000565,DE-202208-38628,C000204,S00005,P000200,2025-01-10T18:32:15,1,11.5,11.5,0.0,2.19,0.0,13.69,EUR,delivered
O0000566,FR-202501-25022,C000372,S00004,P000205,2025-09-04T12:44:08,5,27.15,135.75,6.79,25.79,6.07,160.82,EUR,delivered
O0000567,FR-202501-25022,C000372,S00004,P000146,2025-09-04T12:44:08,1,278.33,278.33,0.0,55.67,7.54,341.54,EUR,delivered
O0000568,DE-202305-24760,C000474,S00005,P000027,2024-02-20T09:53:44,1,103.34,103.34,5.17,18.65,7.33,124.15,EUR,delivered
O0000569,UK-202407-59640,C000191,S00020,P000047,2024-11-21T18:09:13,2,168.02,336.04,0.0,67.21,8.39,411.64,EUR,delivered
O0000570,FR-202407-16413,C000616,S00004,P000015,2023-12-15T10:03:50,1,51.09,51.09,0.0,10.22,6.5,67.81,EUR,delivered
O0000571,FR-202407-16413,C000616,S00004,P000115,2023-12-15T10:03:50,1,563.79,563.79,28.19,107.12,8.76,651.48,EUR,delivered
O0000572,FR-202407-16413,C000616,S00004,P000071,2023-12-15T10:03:50,2,50.7,101.4,5.07,19.27,8.03,123.63,EUR,delivered
O0000573,FR-202408-61196,C000616,S00004,P000057,2024-02-13T15:57:08,1,64.78,64.78,6.48,11.66,8.58,78.54,EUR,delivered
O0000574,IT-202302-45084,C000230,S00008,P000201,2024-11-07T09:17:55,1,343.39,343.39,34.34,67.99,6.16,383.2,EUR,delivered
O0000575,IT-202302-45084,C000230,S00008,P000188,2024-11-07T09:17:55,1,278.02,278.02,13.9,58.11,10.01,332.24,EUR,delivered
O0000576,IT-202311-75147,C000230,S00007,P000105,2025-12-19T13:49:44,1,112.55,112.55,5.63,23.52,0.0,130.44,EUR,delivered
O0000577,IT-202311-75147,C000230,S00007,P000085,2025-12-19T13:49:44,2,643.91,1287.82,0.0,283.32,0.0,1571.14,EUR,delivered
O0000578,IT-202311-75147,C000230,S00007,P000121,2025-12-19T13:49:44,3,108.49,325.47,0.0,71.6,0.0,397.07,EUR,delivered
O0000579,IT-202510-35725,C000230,S00007,P000134,2024-05-04T13:22:30,1,479.76,479.76,23.99,100.27,0.0,556.04,EUR,delivered
O0000580,IT-202510-35725,C000230,S00007,P000124,2024-05-04T13:22:30,3,29.09,87.27,8.73,17.28,0.0,95.82,EUR,delivered
O0000581,NL-202509-19516,C000623,S00009,P000186,2025-12-29T16:28:45,1,107.59,107.59,0.0,22.59,5.04,135.22,EUR,delivered
O0000582,NL-202411-87152,C000623,S00010,P000061,2024-08-23T11:39:07,2,90.12,180.24,18.02,34.07,6.16,202.45,EUR,delivered
O0000583,NL-202512-46317,C000623,S00009,P000206,2025-10-17T19:00:59,1,349.92,349.92,0.0,73.48,4.38,427.78,EUR,delivered
O0000584,NL-202512-46317,C000623,S00009,P000053,2025-10-17T19:00:59,1,663.75,663.75,0.0,139.39,0.0,803.14,EUR,delivered
O0000585,NL-202512-46317,C000623,S00009,P000103,2025-10-17T19:00:59,2,62.7,125.4,0.0,26.33,0.0,151.73,EUR,delivered
O0000586,NL-202211-46078,C000623,S00009,P000048,2025-11-09T11:47:02,1,28.31,28.31,1.42,5.65,0.0,32.54,EUR,delivered
O0000587,NL-202211-46078,C000623,S00009,P000052,2025-11-09T11:47:02,1,187.95,187.95,18.8,35.52,0.0,204.67,EUR,delivered
O0000588,NL-202411-66599,C000623,S00009,P000093,2024-09-18T10:30:24,1,108.67,108.67,10.87,20.54,0.0,118.34,EUR,delivered
O0000589,NL-202304-19596,C000623,S00009,P000179,2024-09-24T11:44:52,2,65.51,131.02,0.0,27.51,5.95,164.48,EUR,delivered
O0000590,NL-202408-30630,C000623,S00009,P000079,2025-02-05T17:53:50,4,65.62,262.48,26.25,49.61,0.0,285.84,EUR,delivered
O0000591,NL-202408-30630,C000623,S00009,P000152,2025-02-05T17:53:50,1,37.56,37.56,0.0,7.89,0.0,45.45,EUR,delivered
O0000592,NL-202212-26617,C000623,S00009,P000099,2025-09-23T16:54:07,2,60.33,120.66,0.0,25.34,0.0,146.0,EUR,delivered
O0000593,NL-202212-26617,C000623,S00009,P000163,2025-09-23T16:54:07,3,306.2,918.6,0.0,192.91,0.0,1111.51,EUR,delivered
O0000594,PL-202204-80648,C000067,S00011,P000034,2025-09-12T09:16:16,1,305.67,305.67,30.57,63.27,0.0,338.37,EUR,delivered
O0000595,PL-202312-93394,C000067,S00011,P000137,2025-04-08T15:04:27,1,130.71,130.71,0.0,30.06,3.14,163.91,EUR,delivered
O0000596,PL-202312-93394,C000067,S00011,P000186,2025-04-08T15:04:27,2,119.64,239.28,11.96,52.28,7.3,286.9,EUR,delivered
O0000597,DE-202202-52270,C000241,S00005,P000203,2024-11-24T09:44:12,3,14.18,42.54,0.0,8.08,0.0,50.62,EUR,delivered
O0000598,DE-202202-52270,C000241,S00005,P000110,2024-11-24T09:44:12,5,55.49,277.45,0.0,52.72,0.0,330.17,EUR,delivered
O0000599,DE-202511-25093,C000591,S00006,P000168,2024-05-27T09:34:52,1,257.05,257.05,0.0,48.84,10.9,316.79,EUR,delivered
O0000600,DE-202303-47876,C000591,S00005,P000011,2024-10-10T08:32:27,2,196.37,392.74,0.0,74.62,0.0,467.36,EUR,delivered
O0000601,DE-202303-47876,C000591,S00005,P000012,2024-10-10T08:32:27,1,52.38,52.38,0.0,9.95,0.0,62.33,EUR,delivered
O0000602,DE-202510-26114,C000591,S00005,P000092,2024-03-04T12:32:14,2,141.7,283.4,0.0,53.85,0.0,337.25,EUR,delivered
O0000603,DE-202510-26114,C000591,S00005,P000012,2024-03-04T12:32:14,1,49.91,49.91,0.0,9.48,0.0,59.39,EUR,delivered
O0000604,DE-202510-26114,C000591,S00005,P000077,2024-03-04T12:32:14,2,286.7,573.4,0.0,108.95,6.85,689.2,EUR,delivered
O0000605,DE-202510-26114,C000591,S00005,P000042,2024-03-04T12:32:14,2,33.64,67.28,6.73,11.5,0.0,72.05,EUR,delivered
O0000606,DE-202302-17957,C000591,S00006,P000224,2025-12-03T14:16:53,2,206.87,413.74,20.69,74.68,12.65,480.38,EUR,delivered
O0000607,DE-202302-17957,C000591,S00006,P000230,2025-12-03T14:16:53,2,86.91,173.82,0.0,33.03,11.91,218.76,EUR,delivered
O0000608,DE-202309-35409,C000591,S00006,P000170,2024-12-15T09:25:17,1,164.73,164.73,8.24,29.73,10.52,196.74,EUR,delivered
O0000609,DE-202407-49005,C000591,S00005,P000182,2024-03-26T14:48:45,3,46.53,139.59,0.0,26.52,4.25,170.36,EUR,delivered
O0000610,DE-202501-61142,C000591,S00006,P000219,2024-11-21T13:48:23,1,260.46,260.46,13.02,47.01,7.05,301.5,EUR,delivered
O0000611,DE-202501-61142,C000591,S00006,P000011,2024-11-21T13:48:23,2,179.49,358.98,53.85,57.97,12.19,375.29,EUR,delivered
O0000612,DE-202211-21089,C000591,S00006,P000144,2024-08-11T20:17:55,3,146.92,440.76,44.08,75.37,10.94,482.99,EUR,delivered
O0000613,DE-202206-41646,C000591,S00005,P000016,2024-08-15T10:29:39,2,283.96,567.92,56.79,97.11,0.0,608.24,EUR,delivered
O0000614,DE-202206-41646,C000591,S00005,P000173,2024-08-15T10:29:39,4,333.79,1335.16,66.76,241.0,0.0,1509.4,EUR,delivered
O0000615,DE-202206-41646,C000591,S00005,P000010,2024-08-15T10:29:39,3,45.49,136.47,0.0,25.93,4.96,167.36,EUR,delivered
O0000616,DE-202303-23392,C000591,S00005,P000198,2025-05-23T15:33:29,2,212.76,425.52,0.0,80.85,0.0,506.37,EUR,delivered
O0000617,DE-202303-23392,C000591,S00005,P000136,2025-05-23T15:33:29,1,70.13,70.13,0.0,13.32,0.0,83.45,EUR,delivered
O0000618,DE-202301-63300,C000591,S00005,P000191,2025-12-14T20:39:48,1,126.33,126.33,0.0,24.0,0.0,150.33,EUR,delivered
O0000619,DE-202301-63300,C000591,S00005,P000082,2025-12-14T20:39:48,2,310.51,621.02,62.1,106.19,0.0,665.11,EUR,delivered
O0000620,DE-202304-13482,C000591,S00005,P000211,2024-03-17T20:26:07,1,243.01,243.01,0.0,46.17,0.0,289.18,EUR,delivered
O0000621,DE-202304-13482,C000591,S00005,P000132,2024-03-17T20:26:07,1,161.24,161.24,16.12,27.57,0.0,172.69,EUR,delivered
O0000622,DE-202501-91403,C000591,S00005,P000019,2024-10-12T20:22:08,3,845.11,2535.33,0.0,481.71,0.0,3017.04,EUR,delivered
O0000623,DE-202501-91403,C000591,S00005,P000151,2024-10-12T20:22:08,1,110.71,110.71,0.0,21.03,0.0,131.74,EUR,delivered
O0000624,DE-202501-91403,C000591,S00005,P000204,2024-10-12T20:22:08,1,190.27,190.27,28.54,30.73,0.0,192.46,EUR,delivered
O0000625,DE-202304-89504,C000591,S00005,P000023,2024-03-29T12:21:21,4,174.69,698.76,69.88,119.49,0.0,748.37,EUR,delivered
O0000626,DE-202512-15616,C000591,S00006,P000099,2024-01-12T20:21:15,2,53.51,107.02,5.35,19.32,5.04,126.03,EUR,delivered
O0000627,DE-202512-15616,C000591,S00006,P000109,2024-01-12T20:21:15,1,119.79,119.79,0.0,22.76,4.37,146.92,EUR,delivered
O0000628,DE-202301-78191,C000591,S00005,P000007,2024-10-27T17:05:52,1,174.8,174.8,0.0,33.21,0.0,208.01,EUR,delivered
O0000629,DE-202301-78191,C000591,S00005,P000039,2024-10-27T17:05:52,1,447.57,447.57,0.0,85.04,5.54,538.15,EUR,delivered
O0000630,DE-202301-78191,C000591,S00005,P000114,2024-10-27T17:05:52,1,807.95,807.95,0.0,153.51,5.11,966.57,EUR,delivered
O0000631,DE-202310-37637,C000591,S00006,P000139,2025-07-23T08:07:15,2,203.31,406.62,20.33,73.4,7.07,466.76,EUR,delivered
O0000632,NL-202308-97439,C000680,S00009,P000031,2023-04-01T11:41:23,1,33.95,33.95,0.0,7.13,5.53,46.61,EUR,delivered
O0000633,NL-202308-97439,C000680,S00009,P000026,2023-04-01T11:41:23,10,897.45,8974.5,0.0,1884.65,0.0,10859.15,EUR,delivered
O0000634,NL-202301-69389,C000680,S00010,P000157,2025-07-29T14:48:38,2,161.27,322.54,0.0,67.73,11.01,401.28,EUR,delivered
O0000635,NL-202301-69389,C000680,S00010,P000158,2025-07-29T14:48:38,1,255.1,255.1,0.0,53.57,9.39,318.06,EUR,delivered
O0000636,DE-202502-78447,C000489,S00006,P000143,2024-10-29T13:37:24,2,99.76,199.52,9.98,36.01,11.98,237.53,EUR,delivered
O0000637,DE-202502-78447,C000489,S00006,P000037,2024-10-29T13:37:24,2,12.76,25.52,2.55,4.36,12.57,39.9,EUR,delivered
O0000638,ES-202302-34242,C000174,S00013,P000241,2025-08-15T20:27:25,2,556.43,1112.86,0.0,233.7,0.0,1346.56,EUR,delivered
O0000639,ES-202302-34242,C000174,S00013,P000014,2025-08-15T20:27:25,2,188.1,376.2,0.0,79.0,6.2,461.4,EUR,delivered
O0000640,ES-202312-38299,C000174,S00014,P000081,2025-12-10T19:14:33,3,198.29,594.87,59.49,112.43,8.67,656.48,EUR,delivered
O0000641,ES-202312-38299,C000174,S00014,P000167,2025-12-10T19:14:33,2,60.81,121.62,0.0,25.54,11.36,158.52,EUR,delivered
O0000642,ES-202401-55178,C000174,S00014,P000109,2024-02-09T10:57:44,3,119.85,359.55,0.0,75.51,10.86,445.92,EUR,delivered
O0000643,ES-202401-55178,C000174,S00014,P000008,2024-02-09T10:57:44,1,34.83,34.83,1.74,6.95,4.83,44.87,EUR,delivered
O0000644,PL-202510-59584,C000492,S00012,P000107,2025-12-17T11:00:35,2,125.82,251.64,0.0,57.88,8.75,318.27,EUR,delivered
O0000645,PL-202510-59584,C000492,S00012,P000169,2025-12-17T11:00:35,2,985.4,1970.8,98.54,430.62,6.26,2309.14,EUR,delivered
O0000646,PL-202305-62254,C000492,S00011,P000158,2025-12-08T20:19:54,1,270.93,270.93,0.0,62.31,0.0,333.24,EUR,delivered
O0000647,PL-202305-62254,C000492,S00011,P000010,2025-12-08T20:19:54,1,49.81,49.81,0.0,11.46,0.0,61.27,EUR,delivered
O0000648,PL-202502-17228,C000492,S00011,P000154,2025-12-11T09:05:42,3,144.21,432.63,0.0,99.5,4.87,537.0,EUR,delivered
O0000649,PL-202210-94972,C000492,S00012,P000014,2025-11-13T17:04:54,1,193.12,193.12,0.0,44.42,9.23,246.77,EUR,delivered
O0000650,PL-202210-94972,C000492,S00012,P000102,2025-11-13T17:04:54,1,67.62,67.62,0.0,15.55,10.56,93.73,EUR,delivered
O0000651,PL-202311-46673,C000492,S00012,P000041,2025-12-24T15:28:38,2,108.89,217.78,0.0,50.09,7.62,275.49,EUR,delivered
O0000652,PL-202511-27043,C000492,S00011,P000182,2025-11-15T20:05:47,4,50.52,202.08,0.0,46.48,3.32,251.88,EUR,delivered
O0000653,PL-202511-27043,C000492,S00011,P000208,2025-11-15T20:05:47,2,90.52,181.04,18.1,37.48,4.3,204.72,EUR,delivered
O0000654,PL-202511-27043,C000492,S00011,P000232,2025-11-15T20:05:47,5,817.65,4088.25,0.0,940.3,0.0,5028.55,EUR,delivered
O0000655,PL-202306-56907,C000492,S00011,P000020,2025-11-21T14:06:29,3,115.72,347.16,0.0,79.85,0.0,427.01,EUR,delivered
O0000656,PL-202306-56907,C000492,S00011,P000003,2025-11-21T14:06:29,2,126.8,253.6,0.0,58.33,4.18,316.11,EUR,delivered
O0000657,ES-202403-71306,C000602,S00014,P000112,2024-12-20T13:24:07,3,485.91,1457.73,0.0,306.12,9.32,1773.17,EUR,delivered
O0000658,IT-202310-52339,C000187,S00007,P000024,2025-12-24T12:32:02,1,150.08,150.08,0.0,33.02,0.0,183.1,EUR,delivered
O0000659,IT-202310-52339,C000187,S00007,P000068,2025-12-24T12:32:02,1,221.44,221.44,0.0,48.72,6.33,276.49,EUR,delivered
O0000660,IT-202310-52339,C000187,S00007,P000249,2025-12-24T12:32:02,1,413.26,413.26,0.0,90.92,0.0,504.18,EUR,delivered
O0000661,IT-202310-52339,C000187,S00007,P000058,2025-12-24T12:32:02,1,55.85,55.85,5.59,11.06,0.0,61.32,EUR,delivered
O0000662,IT-202302-92348,C000187,S00007,P000185,2025-12-10T14:10:36,2,159.53,319.06,0.0,70.19,0.0,389.25,EUR,delivered
O0000663,IT-202302-92348,C000187,S00007,P000123,2025-12-10T14:10:36,3,164.95,494.85,0.0,108.87,7.23,610.95,EUR,delivered
O0000664,ES-202309-99329,C000512,S00014,P000186,2025-08-06T11:36:48,2,115.49,230.98,0.0,48.51,7.62,287.11,EUR,delivered
O0000665,ES-202309-99329,C000512,S00014,P000124,2025-08-06T11:36:48,4,28.56,114.24,0.0,23.99,4.54,142.77,EUR,delivered
O0000666,ES-202504-63095,C000512,S00013,P000166,2025-10-03T08:24:34,1,216.07,216.07,0.0,45.37,3.42,264.86,EUR,delivered
O0000667,PL-202511-96449,C000275,S00012,P000065,2025-06-07T16:28:59,2,250.11,500.22,0.0,115.05,10.92,626.19,EUR,delivered
O0000668,PL-202302-84792,C000275,S00011,P000140,2024-11-23T15:48:38,2,110.25,220.5,11.03,48.18,7.76,265.41,EUR,delivered
O0000669,PL-202302-84792,C000275,S00011,P000134,2024-11-23T15:48:38,1,505.8,505.8,50.58,104.7,7.75,567.67,EUR,delivered
O0000670,PL-202302-84792,C000275,S00011,P000172,2024-11-23T15:48:38,2,213.9,427.8,42.78,88.55,0.0,473.57,EUR,delivered
O0000671,PL-202302-84792,C000275,S00011,P000057,2024-11-23T15:48:38,2,69.96,139.92,0.0,32.18,6.23,178.33,EUR,delivered
O0000672,UK-202410-54265,C000546,S00019,P000114,2023-05-04T13:28:40,4,823.1,3292.4,0.0,658.48,0.0,3950.88,EUR,delivered
O0000673,UK-202410-54265,C000546,S00019,P000204,2023-05-04T13:28:40,1,213.69,213.69,0.0,42.74,0.0,256.43,EUR,delivered
O0000674,DE-202309-96078,C000629,S00005,P000242,2025-12-06T15:17:24,5,38.2,191.0,0.0,36.29,0.0,227.29,EUR,delivered
O0000675,DE-202309-96078,C000629,S00005,P000016,2025-12-06T15:17:24,1,310.5,310.5,31.05,53.1,0.0,332.55,EUR,delivered
O0000676,DE-202309-96078,C000629,S00005,P000158,2025-12-06T15:17:24,2,239.58,479.16,47.92,81.94,0.0,513.18,EUR,delivered
O0000677,IT-202308-15004,C000337,S00008,P000199,2025-09-29T14:41:11,2,70.91,141.82,7.09,29.64,11.8,176.17,EUR,delivered
O0000678,IT-202308-15004,C000337,S00008,P000092,2025-09-29T14:41:11,2,134.55,269.1,13.46,56.24,6.98,318.86,EUR,delivered
O0000679,IT-202510-15022,C000337,S00007,P000188,2025-04-09T12:57:34,3,255.92,767.76,0.0,168.91,0.0,936.67,EUR,delivered
O0000680,IT-202510-61651,C000337,S00007,P000160,2025-05-04T17:18:11,1,371.97,371.97,0.0,81.83,0.0,453.8,EUR,delivered
O0000681,IT-202510-61651,C000337,S00007,P000033,2025-05-04T17:18:11,3,114.95,344.85,0.0,75.87,7.61,428.33,EUR,delivered
O0000682,IT-202206-63071,C000337,S00007,P000192,2025-01-26T18:58:20,2,106.43,212.86,0.0,46.83,4.94,264.63,EUR,delivered
O0000683,IT-202307-87217,C000337,S00007,P000026,2025-05-20T16:38:50,4,832.72,3330.88,166.54,696.15,0.0,3860.49,EUR,delivered
O0000684,IT-202307-87217,C000337,S00007,P000217,2025-05-20T16:38:50,1,342.97,342.97,0.0,75.45,7.74,426.16,EUR,delivered
O0000685,IT-202401-89938,C000337,S00008,P000048,2025-11-25T12:52:16,2,26.81,53.62,2.68,11.21,8.6,70.75,EUR,delivered
O0000686,IT-202202-73074,C000337,S00008,P000058,2024-12-24T16:53:45,2,52.36,104.72,0.0,23.04,7.54,135.3,EUR,delivered
O0000687,IT-202206-48489,C000337,S00008,P000043,2025-04-14T13:12:06,2,202.34,404.68,0.0,89.03,10.54,504.25,EUR,delivered
O0000688,IT-202204-65869,C000337,S00008,P000218,2025-01-24T17:17:54,3,127.24,381.72,19.09,79.78,4.77,447.18,EUR,delivered
O0000689,FR-202403-69851,C000688,S00004,P000141,2024-11-15T09:44:37,3,64.97,194.91,0.0,38.98,7.24,241.13,EUR,delivered
O0000690,FR-202403-69851,C000688,S00004,P000152,2024-11-15T09:44:37,1,36.12,36.12,0.0,7.22,10.89,54.23,EUR,delivered
O0000691,FR-202503-27937,C000688,S00004,P000240,2025-08-18T20:49:27,3,442.25,1326.75,0.0,265.35,10.78,1602.88,EUR,delivered
O0000692,NL-202505-49144,C000701,S00009,P000225,2025-02-11T13:32:21,1,34.69,34.69,3.47,6.56,7.2,44.98,EUR,delivered
O0000693,NL-202505-49144,C000701,S00009,P000069,2025-02-11T13:32:21,1,58.67,58.67,0.0,12.32,0.0,70.99,EUR,delivered
O0000694,NL-202505-49144,C000701,S00009,P000159,2025-02-11T13:32:21,1,87.17,87.17,4.36,17.39,3.12,103.32,EUR,delivered
O0000695,NL-202505-49144,C000701,S00009,P000185,2025-02-11T13:32:21,4,145.03,580.12,0.0,121.83,0.0,701.95,EUR,delivered
O0000696,NL-202406-93776,C000701,S00009,P000222,2025-07-13T11:04:15,3,64.14,192.42,9.62,38.39,3.34,224.53,EUR,delivered
O0000697,NL-202206-54555,C000701,S00010,P000045,2025-02-28T18:40:27,1,214.19,214.19,0.0,44.98,7.44,266.61,EUR,delivered
O0000698,NL-202206-54555,C000701,S00010,P000025,2025-02-28T18:40:27,2,637.84,1275.68,0.0,267.89,8.49,1552.06,EUR,delivered
O0000699,NL-202307-68851,C000701,S00010,P000213,2025-06-22T10:47:00,5,172.29,861.45,86.15,162.81,6.58,944.69,EUR,delivered
O0000700,NL-202209-38631,C000701,S00009,P000016,2025-11-04T09:47:08,1,287.98,287.98,28.8,54.43,0.0,313.61,EUR,delivered
O0000701,UK-202410-22137,C000182,S00019,P000123,2025-12-06T09:33:15,1,157.23,157.23,0.0,31.45,0.0,188.68,EUR,delivered
O0000702,DE-202507-77984,C000613,S00005,P000116,2024-06-23T20:11:57,1,117.68,117.68,0.0,22.36,0.0,140.04,EUR,delivered
O0000703,SE-202307-30284,C000702,S00015,P000169,2023-10-03T09:32:52,2,949.98,1899.96,0.0,474.99,0.0,2374.95,EUR,delivered
O0000704,SE-202307-30284,C000702,S00015,P000113,2023-10-03T09:32:52,1,360.78,360.78,0.0,90.2,0.0,450.98,EUR,delivered
O0000705,SE-202307-30284,C000702,S00015,P000227,2023-10-03T09:32:52,1,151.8,151.8,0.0,37.95,6.63,196.38,EUR,delivered
O0000706,UK-202301-52706,C000407,S00019,P000103,2023-10-04T17:58:39,1,63.47,63.47,0.0,12.69,0.0,76.16,EUR,delivered
O0000707,UK-202211-49740,C000407,S00019,P000091,2024-11-21T11:57:10,5,51.48,257.4,25.74,46.33,0.0,277.99,EUR,delivered
O0000708,UK-202409-50378,C000407,S00020,P000223,2023-09-20T19:41:29,3,113.05,339.15,33.92,61.05,9.13,375.41,EUR,delivered
O0000709,UK-202409-50378,C000407,S00020,P000054,2023-09-20T19:41:29,1,104.63,104.63,5.23,19.88,10.96,130.24,EUR,delivered
O0000710,UK-202203-68566,C000056,S00020,P000083,2025-09-22T10:28:04,2,111.73,223.46,11.17,42.46,12.19,266.94,EUR,delivered
O0000711,IT-202204-74268,C000075,S00008,P000038,2025-06-15T16:58:33,3,117.02,351.06,0.0,77.23,11.13,439.42,EUR,delivered
O0000712,UK-202512-17115,C000316,S00019,P000152,2022-11-16T08:16:48,3,36.15,108.45,0.0,21.69,0.0,130.14,EUR,delivered
O0000713,UK-202512-17115,C000316,S00019,P000236,2022-11-16T08:16:48,1,70.6,70.6,3.53,13.41,4.85,85.33,EUR,delivered
O0000714,UK-202403-41037,C000316,S00020,P000050,2025-05-20T20:50:52,4,37.35,149.4,7.47,28.39,11.69,182.01,EUR,delivered
O0000715,UK-202403-41037,C000316,S00020,P000069,2025-05-20T20:50:52,2,55.13,110.26,0.0,22.05,11.51,143.82,EUR,delivered
O0000716,UK-202403-41037,C000316,S00020,P000075,2025-05-20T20:50:52,1,106.47,106.47,5.32,20.23,12.08,133.46,EUR,delivered
O0000717,UK-202201-29557,C000316,S00019,P000120,2025-04-03T18:01:05,2,327.6,655.2,0.0,131.04,0.0,786.24,EUR,delivered
O0000718,UK-202301-85569,C000316,S00020,P000243,2023-01-12T18:37:31,1,37.96,37.96,0.0,7.59,5.36,50.91,EUR,delivered
O0000719,UK-202303-25476,C000316,S00020,P000194,2024-04-21T18:08:03,2,89.9,179.8,0.0,35.96,4.93,220.69,EUR,delivered
O0000720,UK-202301-25854,C000316,S00019,P000191,2023-03-25T13:42:47,2,131.57,263.14,0.0,52.63,0.0,315.77,EUR,delivered
O0000721,UK-202301-25854,C000316,S00019,P000234,2023-03-25T13:42:47,1,15.65,15.65,0.0,3.13,5.27,24.05,EUR,delivered
O0000722,UK-202301-25854,C000316,S00019,P000049,2023-03-25T13:42:47,3,299.09,897.27,44.86,170.48,0.0,1022.89,EUR,delivered
O0000723,UK-202403-23167,C000316,S00019,P000035,2022-11-13T16:43:25,1,201.84,201.84,30.28,34.31,0.0,205.87,EUR,delivered
O0000724,UK-202403-23167,C000316,S00019,P000084,2022-11-13T16:43:25,1,56.69,56.69,5.67,10.2,0.0,61.22,EUR,delivered
O0000725,SE-202406-59872,C000505,S00015,P000086,2023-12-07T17:45:42,2,168.04,336.08,16.8,79.82,0.0,399.1,EUR,delivered
O0000726,SE-202406-59872,C000505,S00015,P000196,2023-12-07T17:45:42,1,60.07,60.07,0.0,15.02,5.74,80.83,EUR,delivered
O0000727,SE-202407-50231,C000505,S00015,P000039,2025-10-21T12:04:56,1,392.82,392.82,0.0,98.21,0.0,491.03,EUR,delivered
O0000728,SE-202407-50231,C000505,S00015,P000035,2025-10-21T12:04:56,1,198.58,198.58,0.0,49.65,0.0,248.23,EUR,delivered
O0000729,SE-202208-21190,C000505,S00016,P000217,2025-11-05T08:26:14,1,358.42,358.42,0.0,89.61,6.86,454.89,EUR,delivered
O0000730,SE-202311-92802,C000505,S00015,P000005,2025-05-09T12:02:15,1,277.85,277.85,41.68,59.04,0.0,295.21,EUR,delivered
O0000731,SE-202506-65468,C000505,S00016,P000087,2023-12-26T15:37:43,4,68.85,275.4,27.54,61.97,5.22,315.05,EUR,delivered
O0000732,SE-202506-65468,C000505,S00016,P000070,2023-12-26T15:37:43,3,13.72,41.16,0.0,10.29,4.39,55.84,EUR,delivered
O0000733,SE-202506-65468,C000505,S00016,P000212,2023-12-26T15:37:43,1,45.3,45.3,2.27,10.76,5.09,58.88,EUR,delivered
O0000734,SE-202301-64076,C000505,S00015,P000106,2024-11-01T12:48:05,1,63.2,63.2,3.16,15.01,0.0,75.05,EUR,delivered
O0000735,SE-202301-64076,C000505,S00015,P000011,2024-11-01T12:48:05,1,188.01,188.01,18.8,42.3,0.0,211.51,EUR,delivered
O0000736,SE-202412-17969,C000505,S00016,P000014,2024-01-20T08:26:28,2,184.46,368.92,55.34,78.4,11.31,403.29,EUR,delivered
O0000737,SE-202406-79559,C000505,S00016,P000049,2024-07-13T20:25:11,1,282.57,282.57,0.0,70.64,11.72,364.93,EUR,delivered
O0000738,SE-202408-65824,C000505,S00016,P000084,2024-06-15T08:13:07,3,62.68,188.04,0.0,47.01,5.4,240.45,EUR,delivered
O0000739,SE-202408-65824,C000505,S00016,P000250,2024-06-15T08:13:07,3,162.95,488.85,48.89,109.99,11.53,561.48,EUR,delivered
O0000740,SE-202507-29518,C000505,S00015,P000215,2025-01-12T16:15:53,1,65.57,65.57,0.0,16.39,0.0,81.96,EUR,delivered
O0000741,SE-202205-53297,C000505,S00015,P000117,2025-08-25T08:28:37,1,285.63,285.63,0.0,71.41,0.0,357.04,EUR,delivered
O0000742,SE-202205-53297,C000505,S00015,P000230,2025-08-25T08:28:37,2,86.97,173.94,17.39,39.14,0.0,195.69,EUR,delivered
O0000743,SE-202410-10396,C000505,S00016,P000011,2025-04-04T19:04:20,3,179.6,538.8,53.88,121.23,11.39,617.54,EUR,delivered
O0000744,SE-202410-10396,C000505,S00016,P000154,2025-04-04T19:04:20,4,135.16,540.64,0.0,135.16,12.9,688.7,EUR,delivered
O0000745,SE-202410-10396,C000505,S00016,P000126,2025-04-04T19:04:20,2,347.99,695.98,0.0,174.0,9.3,879.28,EUR,delivered
O0000746,SE-202207-60098,C000505,S00016,P000070,2024-09-25T14:06:09,1,13.75,13.75,0.0,3.44,6.09,23.28,EUR,delivered
O0000747,SE-202306-67264,C000505,S00015,P000146,2025-06-18T16:42:37,10,296.72,2967.2,0.0,741.8,7.55,3716.55,EUR,delivered
O0000748,SE-202306-67264,C000505,S00015,P000229,2025-06-18T16:42:37,1,31.52,31.52,4.73,6.7,3.12,36.61,EUR,delivered
O0000749,SE-202501-77576,C000505,S00016,P000040,2025-10-29T09:05:26,2,104.24,208.48,10.42,49.52,9.64,257.22,EUR,delivered
O0000750,SE-202209-20969,C000505,S00015,P000127,2025-04-28T20:39:36,2,452.28,904.56,90.46,203.53,0.0,1017.63,EUR,delivered
O0000751,SE-202209-20969,C000505,S00015,P000249,2025-04-28T20:39:36,1,402.29,402.29,40.23,90.52,0.0,452.58,EUR,delivered
O0000752,SE-202411-76613,C000505,S00015,P000035,2025-12-20T14:57:16,2,195.37,390.74,39.07,87.92,0.0,439.59,EUR,delivered
O0000753,SE-202310-67718,C000505,S00016,P000063,2025-12-06T16:11:03,1,43.44,43.44,4.34,9.78,11.57,60.45,EUR,delivered
O0000754,SE-202310-67718,C000505,S00016,P000012,2025-12-06T16:11:03,1,47.4,47.4,0.0,11.85,4.81,64.06,EUR,delivered
O0000755,SE-202310-67718,C000505,S00016,P000119,2025-12-06T16:11:03,2,100.8,201.6,0.0,50.4,12.01,264.01,EUR,delivered
O0000756,ES-202403-88630,C000225,S00014,P000038,2025-12-31T23:59:59,4,115.59,462.36,46.24,87.39,9.97,513.48,EUR,delivered
O0000757,ES-202403-88630,C000225,S00014,P000183,2025-12-31T23:59:59,1,44.8,44.8,0.0,9.41,10.41,64.62,EUR,delivered
O0000758,ES-202403-88630,C000225,S00014,P000098,2025-12-31T23:59:59,1,137.25,137.25,6.86,27.38,7.8,165.57,EUR,delivered
O0000759,ES-202407-15769,C000225,S00014,P000044,2025-12-31T23:59:59,3,32.64,97.92,0.0,20.56,6.99,125.47,EUR,delivered
O0000760,ES-202407-15769,C000225,S00014,P000070,2025-12-31T23:59:59,1,12.96,12.96,1.3,2.45,9.22,23.33,EUR,delivered
O0000761,UK-202503-48384,C000732,S00019,P000094,2025-12-23T19:40:18,4,36.35,145.4,0.0,29.08,0.0,174.48,EUR,delivered
O0000762,UK-202503-48384,C000732,S00019,P000137,2025-12-23T19:40:18,1,136.63,136.63,0.0,27.33,0.0,163.96,EUR,delivered
O0000763,UK-202503-48384,C000732,S00019,P000181,2025-12-23T19:40:18,1,164.2,164.2,16.42,29.56,0.0,177.34,EUR,delivered
O0000764,IT-202311-63297,C000355,S00008,P000196,2024-11-07T08:32:36,1,59.08,59.08,0.0,13.0,12.86,84.94,EUR,delivered
O0000765,IT-202311-63297,C000355,S00008,P000065,2024-11-07T08:32:36,1,228.52,228.52,34.28,42.73,8.73,245.7,EUR,delivered
O0000766,IT-202311-63297,C000355,S00008,P000100,2024-11-07T08:32:36,2,127.38,254.76,0.0,56.05,11.49,322.3,EUR,delivered
O0000767,IT-202311-63297,C000355,S00008,P000175,2024-11-07T08:32:36,1,94.62,94.62,14.19,17.69,5.01,103.13,EUR,delivered
O0000768,IT-202306-96662,C000355,S00007,P000102,2024-12-12T09:14:13,1,65.91,65.91,6.59,13.05,0.0,72.37,EUR,delivered
O0000769,IT-202306-96662,C000355,S00007,P000001,2024-12-12T09:14:13,1,202.74,202.74,10.14,42.37,7.54,242.51,EUR,delivered
O0000770,FR-202405-49595,C000351,S00004,P000008,2024-12-13T17:06:27,1,35.64,35.64,0.0,7.13,9.09,51.86,EUR,delivered
O0000771,CH-202502-71609,C000048,S00018,P000144,2025-07-21T10:44:16,1,147.73,147.73,14.77,10.64,4.02,147.62,EUR,delivered
O0000772,CH-202502-71609,C000048,S00018,P000137,2025-07-21T10:44:16,1,144.88,144.88,0.0,11.59,6.43,162.9,EUR,delivered
O0000773,CH-202505-64224,C000048,S00017,P000094,2025-10-10T17:11:58,1,36.31,36.31,1.82,2.76,0.0,37.25,EUR,delivered
O0000774,CH-202312-86253,C000048,S00018,P000142,2025-02-26T15:19:59,3,170.29,510.87,0.0,40.87,12.8,564.54,EUR,delivered
O0000775,CH-202312-86253,C000048,S00018,P000174,2025-02-26T15:19:59,3,134.49,403.47,0.0,32.28,5.2,440.95,EUR,delivered
O0000776,FR-202301-72620,C000342,S00004,P000029,2025-11-23T14:56:44,1,145.42,145.42,7.27,27.63,6.03,171.81,EUR,delivered
O0000777,FR-202504-65213,C000572,S00004,P000145,2024-12-21T19:41:08,1,296.41,296.41,0.0,59.28,4.06,359.75,EUR,delivered
O0000778,FR-202210-95991,C000572,S00004,P000231,2024-11-11T17:16:11,10,116.42,1164.2,0.0,232.84,12.12,1409.16,EUR,delivered
O0000779,DE-202507-75208,C000633,S00006,P000199,2024-12-07T14:16:10,1,66.18,66.18,0.0,12.57,10.8,89.55,EUR,delivered
O0000780,DE-202409-13825,C000633,S00006,P000153,2025-10-16T11:12:50,1,169.29,169.29,0.0,32.17,7.63,209.09,EUR,delivered
O0000781,DE-202409-13825,C000633,S00006,P000106,2025-10-16T11:12:50,1,63.55,63.55,0.0,12.07,10.92,86.54,EUR,delivered
O0000782,FR-202412-47904,C000429,S00003,P000233,2023-11-04T13:38:38,1,16.18,16.18,0.0,3.24,3.58,23.0,EUR,delivered
O0000783,FR-202305-33729,C000429,S00004,P000100,2025-12-09T15:44:42,2,134.14,268.28,0.0,53.66,5.58,327.52,EUR,delivered
O0000784,FR-202305-33729,C000429,S00004,P000192,2025-12-09T15:44:42,2,93.65,187.3,0.0,37.46,12.74,237.5,EUR,delivered
O0000785,FR-202409-77773,C000429,S00004,P000130,2022-03-13T16:00:06,2,55.7,111.4,0.0,22.28,11.86,145.54,EUR,delivered
O0000786,FR-202409-77773,C000429,S00004,P000099,2022-03-13T16:00:06,1,58.37,58.37,5.84,10.51,7.99,71.03,EUR,delivered
O0000787,FR-202205-68473,C000429,S00003,P000037,2025-04-09T10:40:51,1,11.58,11.58,0.0,2.32,0.0,13.9,EUR,delivered
O0000788,FR-202506-39881,C000429,S00004,P000012,2024-12-07T19:24:55,5,51.69,258.45,0.0,51.69,6.37,316.51,EUR,delivered
O0000789,FR-202506-39881,C000429,S00004,P000139,2024-12-07T19:24:55,1,183.65,183.65,0.0,36.73,9.01,229.39,EUR,delivered
O0000790,FR-202309-52506,C000429,S00004,P000107,2025-04-15T12:03:02,1,136.19,136.19,0.0,27.24,5.3,168.73,EUR,delivered
O0000791,FR-202309-52506,C000429,S00004,P000076,2025-04-15T12:03:02,1,325.35,325.35,0.0,65.07,12.49,402.91,EUR,delivered
O0000792,FR-202312-68648,C000429,S00004,P000156,2024-09-23T19:46:31,1,209.75,209.75,10.49,39.85,10.87,249.98,EUR,delivered
O0000793,FR-202312-68648,C000429,S00004,P000206,2024-09-23T19:46:31,1,361.68,361.68,18.08,68.72,10.67,422.99,EUR,delivered
O0000794,ES-202503-14024,C000270,S00013,P000119,2024-11-24T18:10:52,2,110.26,220.52,0.0,46.31,6.02,272.85,EUR,delivered
O0000795,ES-202504-15466,C000270,S00014,P000200,2025-04-13T11:02:24,2,10.91,21.82,0.0,4.58,9.61,36.01,EUR,delivered
O0000796,ES-202504-15466,C000270,S00014,P000056,2025-04-13T11:02:24,1,147.76,147.76,14.78,27.93,4.1,165.01,EUR,delivered
O0000797,FR-202209-19060,C000459,S00004,P000106,2025-11-14T12:32:57,5,65.08,325.4,0.0,65.08,10.02,400.5,EUR,delivered
O0000798,IT-202405-44326,C000365,S00008,P000174,2025-10-31T11:52:34,1,150.83,150.83,0.0,33.18,9.77,193.78,EUR,delivered
O0000799,IT-202405-44326,C000365,S00008,P000119,2025-10-31T11:52:34,2,114.49,228.98,11.45,47.86,6.87,272.26,EUR,delivered
O0000800,IT-202405-44326,C000365,S00008,P000156,2025-10-31T11:52:34,2,199.49,398.98,0.0,87.78,12.63,499.39,EUR,delivered
O0000801,IT-202409-60593,C000365,S00008,P000174,2025-03-06T20:09:56,1,146.27,146.27,0.0,32.18,8.3,186.75,EUR,delivered
O0000802,IT-202409-60593,C000365,S00008,P000015,2025-03-06T20:09:56,1,47.89,47.89,0.0,10.54,7.38,65.81,EUR,delivered
O0000803,IT-202409-60593,C000365,S00008,P000249,2025-03-06T20:09:56,1,406.77,406.77,20.34,85.01,9.37,480.81,EUR,delivered
O0000804,FR-202512-43113,C000557,S00003,P000149,2024-08-10T11:53:35,1,123.15,123.15,0.0,24.63,7.92,155.7,EUR,delivered
O0000805,FR-202512-43113,C000557,S00003,P000041,2024-08-10T11:53:35,2,109.75,219.5,0.0,43.9,7.71,271.11,EUR,delivered
O0000806,ES-202303-77774,C000018,S00013,P000206,2025-09-23T11:10:09,1,358.04,358.04,35.8,67.67,0.0,389.91,EUR,delivered
O0000807,DE-202508-66881,C000283,S00006,P000169,2023-10-20T08:32:53,3,914.87,2744.61,0.0,521.48,4.09,3270.18,EUR,delivered
O0000808,DE-202508-66881,C000283,S00006,P000140,2023-10-20T08:32:53,1,106.09,106.09,0.0,20.16,11.16,137.41,EUR,delivered
O0000809,DE-202401-40832,C000283,S00006,P000012,2025-03-09T18:05:37,1,52.59,52.59,5.26,8.99,9.76,66.08,EUR,delivered
O0000810,DE-202401-40832,C000283,S00006,P000121,2025-03-09T18:05:37,1,103.69,103.69,10.37,17.73,9.29,120.34,EUR,delivered
O0000811,IT-202201-10478,C000331,S00007,P000092,2024-11-12T20:25:58,3,146.2,438.6,65.79,82.02,0.0,454.83,EUR,delivered
O0000812,IT-202502-53438,C000331,S00007,P000066,2024-02-29T14:57:42,1,227.91,227.91,0.0,50.14,0.0,278.05,EUR,delivered
O0000813,CH-202212-21835,C000319,S00017,P000155,2025-03-17T15:34:20,4,136.47,545.88,27.29,41.49,0.0,560.08,EUR,delivered
O0000814,CH-202206-83622,C000319,S00017,P000134,2025-09-12T11:18:35,2,484.1,968.2,0.0,77.46,0.0,1045.66,EUR,delivered
O0000815,CH-202209-40681,C000319,S00018,P000249,2025-11-01T18:36:07,1,441.83,441.83,0.0,35.35,7.33,484.51,EUR,delivered
O0000816,CH-202209-40681,C000319,S00018,P000167,2025-11-01T18:36:07,2,57.28,114.56,0.0,9.16,4.69,128.41,EUR,delivered
O0000817,CH-202507-13063,C000319,S00017,P000192,2025-03-04T09:08:27,2,100.98,201.96,20.2,14.54,0.0,196.3,EUR,delivered
O0000818,CH-202507-13063,C000319,S00017,P000090,2025-03-04T09:08:27,1,372.54,372.54,0.0,29.8,0.0,402.34,EUR,delivered
O0000819,CH-202507-13063,C000319,S00017,P000214,2025-03-04T09:08:27,4,141.36,565.44,0.0,45.24,0.0,610.68,EUR,delivered
O0000820,CH-202208-57344,C000319,S00018,P000178,2025-08-12T09:29:31,1,473.61,473.61,0.0,37.89,11.05,522.55,EUR,delivered
O0000821,CH-202208-57344,C000319,S00018,P000169,2025-08-12T09:29:31,1,941.99,941.99,94.2,67.82,8.95,924.56,EUR,delivered
O0000822,DE-202402-89764,C000740,S00006,P000120,2024-06-16T10:10:09,1,294.45,294.45,14.72,53.15,12.95,345.83,EUR,delivered
O0000823,DE-202402-89764,C000740,S00006,P000129,2024-06-16T10:10:09,3,350.62,1051.86,0.0,199.85,12.24,1263.95,EUR,delivered
O0000824,DE-202209-55431,C000740,S00006,P000032,2024-08-30T08:20:27,3,140.74,422.22,42.22,72.2,10.38,462.58,EUR,delivered
O0000825,DE-202209-55431,C000740,S00006,P000213,2024-08-30T08:20:27,1,173.08,173.08,0.0,32.89,7.58,213.55,EUR,delivered
O0000826,DE-202209-55431,C000740,S00006,P000036,2024-08-30T08:20:27,4,116.19,464.76,0.0,88.3,12.55,565.61,EUR,delivered
O0000827,DE-202503-37691,C000740,S00005,P000140,2025-09-13T15:11:32,1,113.27,113.27,5.66,20.45,0.0,128.06,EUR,delivered
O0000828,DE-202208-78179,C000740,S00005,P000249,2025-01-17T19:28:15,1,463.68,463.68,0.0,88.1,6.85,558.63,EUR,delivered
O0000829,DE-202208-18639,C000740,S00005,P000023,2025-12-03T18:44:48,3,179.66,538.98,0.0,102.41,3.42,644.81,EUR,delivered
O0000830,DE-202208-18639,C000740,S00005,P000144,2025-12-03T18:44:48,1,137.34,137.34,13.73,23.49,4.13,151.23,EUR,delivered
O0000831,DE-202208-18639,C000740,S00005,P000245,2025-12-03T18:44:48,3,176.86,530.58,0.0,100.81,0.0,631.39,EUR,delivered
O0000832,DE-202208-18639,C000740,S00005,P000153,2025-12-03T18:44:48,1,150.59,150.59,0.0,28.61,0.0,179.2,EUR,delivered
O0000833,DE-202411-11927,C000740,S00005,P000127,2023-11-30T19:53:41,2,430.06,860.12,0.0,163.42,0.0,1023.54,EUR,delivered
O0000834,DE-202310-78406,C000740,S00006,P000086,2024-12-02T17:13:55,1,150.61,150.61,15.06,25.75,4.78,166.08,EUR,delivered
O0000835,DE-202310-78406,C000740,S00006,P000149,2024-12-02T17:13:55,2,126.02,252.04,25.2,43.1,12.79,282.73,EUR,delivered
O0000836,DE-202310-78406,C000740,S00006,P000069,2024-12-02T17:13:55,1,56.95,56.95,0.0,10.82,5.91,73.68,EUR,delivered
O0000837,DE-202201-43792,C000740,S00006,P000055,2023-09-17T20:35:42,1,38.24,38.24,5.74,6.18,11.04,49.72,EUR,delivered
O0000838,DE-202201-43792,C000740,S00006,P000046,2023-09-17T20:35:42,2,79.32,158.64,0.0,30.14,11.92,200.7,EUR,delivered
O0000839,IT-202306-29842,C000495,S00008,P000107,2023-05-14T12:34:27,1,134.06,134.06,20.11,25.07,12.96,151.98,EUR,delivered
O0000840,IT-202409-75979,C000495,S00007,P000231,2023-10-16T10:20:51,2,115.52,231.04,23.1,45.75,0.0,253.69,EUR,delivered
O0000841,FR-202309-16217,C000249,S00004,P000098,2022-11-15T15:59:17,1,122.89,122.89,18.43,20.89,5.43,130.78,EUR,delivered
O0000842,FR-202309-16217,C000249,S00004,P000112,2022-11-15T15:59:17,2,499.57,999.14,0.0,199.83,4.3,1203.27,EUR,delivered
O0000843,FR-202406-24043,C000249,S00003,P000151,2024-11-16T12:46:01,1,108.08,108.08,0.0,21.62,7.7,137.4,EUR,delivered
O0000844,FR-202406-24043,C000249,S00003,P000224,2024-11-16T12:46:01,1,230.81,230.81,0.0,46.16,0.0,276.97,EUR,delivered
O0000845,CH-202412-68351,C000630,S00018,P000180,2025-09-09T10:10:40,1,74.19,74.19,3.71,5.64,12.38,88.5,EUR,delivered
O0000846,FR-202211-33216,C000705,S00003,P000200,2025-11-30T10:28:57,2,11.52,23.04,0.0,4.61,0.0,27.65,EUR,delivered
O0000847,NL-202512-16655,C000435,S00009,P000228,2023-05-16T11:55:46,2,683.4,1366.8,0.0,287.03,4.69,1658.52,EUR,delivered
O0000848,NL-202512-16655,C000435,S00009,P000087,2023-05-16T11:55:46,1,66.56,66.56,6.66,12.58,0.0,72.48,EUR,delivered
O0000849,NL-202512-16655,C000435,S00009,P000201,2023-05-16T11:55:46,1,323.73,323.73,0.0,67.98,0.0,391.71,EUR,delivered
O0000850,DE-202206-87317,C000590,S00006,P000012,2023-03-25T11:42:48,2,48.42,96.84,0.0,18.4,10.48,125.72,EUR,delivered
O0000851,DE-202206-87317,C000590,S00006,P000247,2023-03-25T11:42:48,1,182.85,182.85,0.0,34.74,6.49,224.08,EUR,delivered
O0000852,DE-202206-87317,C000590,S00006,P000071,2023-03-25T11:42:48,1,48.18,48.18,0.0,9.15,4.4,61.73,EUR,delivered
O0000853,ES-202402-19438,C000110,S00014,P000155,2025-04-19T09:14:41,3,144.1,432.3,0.0,90.78,10.83,533.91,EUR,delivered
O0000854,ES-202306-99918,C000110,S00014,P000242,2023-12-07T14:04:02,2,38.69,77.38,3.87,15.44,7.57,96.52,EUR,delivered
O0000855,ES-202509-17705,C000110,S00013,P000175,2024-11-25T15:30:16,1,100.94,100.94,0.0,21.2,6.57,128.71,EUR,delivered
O0000856,ES-202311-35407,C000110,S00014,P000098,2025-02-17T13:55:14,1,136.61,136.61,13.66,25.82,7.0,155.77,EUR,delivered
O0000857,ES-202204-31060,C000110,S00014,P000226,2023-12-04T11:24:20,1,74.61,74.61,0.0,15.67,5.64,95.92,EUR,delivered
O0000858,ES-202211-34480,C000110,S00013,P000004,2025-09-11T12:21:54,2,336.03,672.06,33.6,134.08,7.18,779.72,EUR,delivered
O0000859,ES-202206-42018,C000110,S00013,P000062,2025-09-12T16:35:58,1,300.58,300.58,0.0,63.12,0.0,363.7,EUR,delivered
O0000860,ES-202504-27836,C000110,S00013,P000190,2025-11-23T13:59:58,2,401.18,802.36,0.0,168.5,7.29,978.15,EUR,delivered
O0000861,ES-202504-27836,C000110,S00013,P000250,2025-11-23T13:59:58,1,154.84,154.84,0.0,32.52,0.0,187.36,EUR,delivered
O0000862,IT-202307-16085,C000119,S00007,P000223,2024-08-18T20:56:11,1,109.24,109.24,0.0,24.03,0.0,133.27,EUR,delivered
O0000863,IT-202307-16085,C000119,S00007,P000036,2024-08-18T20:56:11,1,111.1,111.1,0.0,24.44,0.0,135.54,EUR,delivered
O0000864,IT-202307-16085,C000119,S00007,P000092,2024-08-18T20:56:11,1,133.58,133.58,0.0,29.39,5.74,168.71,EUR,delivered
O0000865,SE-202304-66550,C000685,S00015,P000088,2024-11-12T17:46:42,4,68.58,274.32,0.0,68.58,6.6,349.5,EUR,delivered
O0000866,SE-202410-22381,C000685,S00016,P000083,2025-03-20T16:27:13,2,116.56,233.12,0.0,58.28,8.16,299.56,EUR,delivered
O0000867,SE-202410-22381,C000685,S00016,P000138,2025-03-20T16:27:13,5,35.38,176.9,8.85,42.01,7.43,217.49,EUR,delivered
O0000868,SE-202212-16598,C000685,S00016,P000053,2024-02-26T20:51:44,1,725.81,725.81,0.0,181.45,9.23,916.49,EUR,delivered
O0000869,SE-202212-16598,C000685,S00016,P000137,2024-02-26T20:51:44,3,144.26,432.78,0.0,108.2,12.64,553.62,EUR,delivered
O0000870,SE-202401-96161,C000685,S00015,P000014,2022-12-24T19:48:30,2,192.7,385.4,0.0,96.35,0.0,481.75,EUR,delivered
O0000871,SE-202303-96833,C000685,S00015,P000165,2023-05-05T12:17:31,2,292.41,584.82,87.72,124.28,5.88,627.26,EUR,delivered
O0000872,SE-202303-96833,C000685,S00015,P000184,2023-05-05T12:17:31,2,45.76,91.52,4.58,21.74,6.66,115.34,EUR,delivered
O0000873,SE-202303-96833,C000685,S00015,P000232,2023-05-05T12:17:31,1,875.11,875.11,131.27,185.96,0.0,929.8,EUR,delivered
O0000874,SE-202303-96833,C000685,S00015,P000217,2023-05-05T12:17:31,2,317.35,634.7,63.47,142.81,0.0,714.04,EUR,delivered
O0000875,SE-202508-57077,C000685,S00015,P000226,2025-09-25T11:23:45,2,79.46,158.92,0.0,39.73,5.03,203.68,EUR,delivered
O0000876,SE-202504-10378,C000685,S00015,P000114,2024-12-29T17:14:59,1,803.67,803.67,0.0,200.92,0.0,1004.59,EUR,delivered
O0000877,SE-202504-10378,C000685,S00015,P000089,2024-12-29T17:14:59,1,158.02,158.02,0.0,39.51,0.0,197.53,EUR,delivered
O0000878,SE-202504-10378,C000685,S00015,P000227,2024-12-29T17:14:59,3,151.76,455.28,22.76,108.13,0.0,540.65,EUR,delivered
O0000879,SE-202510-15357,C000685,S00015,P000008,2025-02-23T16:13:07,1,37.52,37.52,0.0,9.38,0.0,46.9,EUR,delivered
O0000880,SE-202510-15357,C000685,S00015,P000060,2025-02-23T16:13:07,1,225.26,225.26,22.53,50.68,0.0,253.41,EUR,delivered
O0000881,SE-202510-15357,C000685,S00015,P000242,2025-02-23T16:13:07,1,35.62,35.62,0.0,8.91,7.83,52.36,EUR,delivered
O0000882,SE-202510-15357,C000685,S00015,P000136,2025-02-23T16:13:07,1,78.63,78.63,0.0,19.66,7.38,105.67,EUR,delivered
O0000883,SE-202207-40653,C000268,S00016,P000015,2023-12-12T16:51:25,2,50.33,100.66,5.03,23.91,6.69,126.23,EUR,delivered
O0000884,ES-202208-66555,C000410,S00014,P000142,2025-09-28T17:49:12,1,177.75,177.75,0.0,37.33,5.7,220.78,EUR,delivered
O0000885,ES-202208-66555,C000410,S00014,P000086,2025-09-28T17:49:12,3,157.25,471.75,0.0,99.07,11.5,582.32,EUR,delivered
O0000886,ES-202205-29248,C000410,S00014,P000086,2025-11-11T18:08:58,1,151.49,151.49,7.57,30.22,11.64,185.78,EUR,delivered
O0000887,ES-202205-29248,C000410,S00014,P000165,2025-11-11T18:08:58,2,335.26,670.52,0.0,140.81,8.43,819.76,EUR,delivered
O0000888,ES-202205-29248,C000410,S00014,P000175,2025-11-11T18:08:58,5,108.28,541.4,0.0,113.69,10.65,665.74,EUR,delivered
O0000889,IT-202503-93816,C000310,S00007,P000172,2025-11-30T19:05:42,1,217.64,217.64,0.0,47.88,0.0,265.52,EUR,delivered
O0000890,IT-202503-93816,C000310,S00007,P000064,2025-11-30T19:05:42,5,92.31,461.55,46.16,91.39,3.92,510.7,EUR,delivered
O0000891,IT-202411-17550,C000310,S00008,P000009,2024-08-25T11:16:12,1,153.32,153.32,0.0,33.73,4.24,191.29,EUR,delivered
O0000892,IT-202411-17550,C000310,S00008,P000174,2024-08-25T11:16:12,5,139.34,696.7,69.67,137.95,11.0,775.98,EUR,delivered
O0000893,IT-202411-17550,C000310,S00008,P000020,2024-08-25T11:16:12,1,112.21,112.21,5.61,23.45,8.48,138.53,EUR,delivered
O0000894,IT-202411-17550,C000310,S00008,P000178,2024-08-25T11:16:12,2,481.48,962.96,48.15,201.26,10.47,1126.54,EUR,delivered
O0000895,IT-202412-93326,C000310,S00008,P000248,2024-10-17T11:27:23,1,84.91,84.91,4.25,17.75,7.43,105.84,EUR,delivered
O0000896,IT-202412-93326,C000310,S00008,P000067,2024-10-17T11:27:23,3,239.88,719.64,71.96,142.49,5.13,795.3,EUR,delivered
O0000897,NL-202306-47427,C000712,S00010,P000235,2025-10-30T08:36:21,1,40.81,40.81,2.04,8.14,9.35,56.26,EUR,delivered
O0000898,NL-202306-47427,C000712,S00010,P000230,2025-10-30T08:36:21,1,92.12,92.12,0.0,19.35,7.56,119.03,EUR,delivered
O0000899,NL-202306-47427,C000712,S00010,P000076,2025-10-30T08:36:21,3,292.33,876.99,87.7,165.75,6.15,961.19,EUR,delivered
O0000900,NL-202505-27918,C000712,S00009,P000031,2025-12-08T17:07:17,3,30.71,92.13,4.61,18.38,0.0,105.9,EUR,delivered
O0000901,ES-202304-30632,C000588,S00014,P000204,2024-09-22T13:56:19,1,198.74,198.74,9.94,39.65,8.11,236.56,EUR,delivered
O0000902,SE-202211-12368,C000388,S00015,P000207,2025-09-24T19:07:31,1,103.38,103.38,0.0,25.85,4.39,133.62,EUR,delivered
O0000903,SE-202211-12368,C000388,S00015,P000231,2025-09-24T19:07:31,1,110.85,110.85,16.63,23.56,0.0,117.78,EUR,delivered
O0000904,SE-202211-12368,C000388,S00015,P000036,2025-09-24T19:07:31,3,108.35,325.05,32.51,73.14,4.29,369.97,EUR,delivered
O0000905,SE-202211-12368,C000388,S00015,P000030,2025-09-24T19:07:31,3,739.0,2217.0,110.85,526.54,0.0,2632.69,EUR,delivered
O0000906,PL-202504-94255,C000483,S00011,P000200,2025-12-21T18:01:44,3,10.44,31.32,0.0,7.2,0.0,38.52,EUR,delivered
O0000907,PL-202504-94255,C000483,S00011,P000221,2025-12-21T18:01:44,2,106.09,212.18,0.0,48.8,0.0,260.98,EUR,delivered
O0000908,FR-202501-24611,C000103,S00004,P000089,2025-08-15T08:59:48,1,167.64,167.64,0.0,33.53,12.41,213.58,EUR,delivered
O0000909,FR-202501-24611,C000103,S00004,P000038,2025-08-15T08:59:48,1,112.97,112.97,16.95,19.2,4.32,119.54,EUR,delivered
O0000910,ES-202308-99445,C000098,S00013,P000237,2024-11-09T10:20:29,1,55.55,55.55,8.33,9.92,3.61,60.75,EUR,delivered
O0000911,ES-202308-99445,C000098,S00013,P000030,2024-11-09T10:20:29,4,751.51,3006.04,0.0,631.27,0.0,3637.31,EUR,delivered
O0000912,UK-202208-31558,C000076,S00019,P000039,2024-09-13T14:39:22,2,400.75,801.5,40.08,152.28,0.0,913.7,EUR,delivered
O0000913,UK-202310-92728,C000614,S00020,P000225,2025-11-11T19:23:39,2,33.87,67.74,0.0,13.55,5.51,86.8,EUR,delivered
O0000914,IT-202504-90733,C000286,S00007,P000118,2024-12-31T10:00:18,2,90.52,181.04,18.1,35.85,4.12,202.91,EUR,delivered
O0000915,IT-202307-65944,C000286,S00007,P000012,2024-06-10T08:30:25,5,47.09,235.45,0.0,51.8,0.0,287.25,EUR,delivered
O0000916,IT-202209-30761,C000286,S00007,P000025,2023-09-11T08:31:07,2,633.92,1267.84,190.18,237.09,0.0,1314.75,EUR,delivered
O0000917,IT-202312-21749,C000286,S00008,P000064,2025-08-19T18:27:59,2,85.56,171.12,0.0,37.65,10.77,219.54,EUR,delivered
O0000918,IT-202312-21749,C000286,S00008,P000217,2025-08-19T18:27:59,1,320.47,320.47,48.07,59.93,5.94,338.27,EUR,delivered
O0000919,IT-202303-31153,C000286,S00007,P000086,2023-11-22T17:18:16,2,164.14,328.28,16.41,68.61,3.88,384.36,EUR,delivered
O0000920,IT-202303-31153,C000286,S00007,P000248,2023-11-22T17:18:16,4,80.83,323.32,0.0,71.13,6.08,400.53,EUR,delivered
O0000921,IT-202303-31153,C000286,S00007,P000216,2023-11-22T17:18:16,10,39.74,397.4,19.87,83.06,4.2,464.79,EUR,delivered
O0000922,IT-202303-31153,C000286,S00007,P000142,2023-11-22T17:18:16,3,182.75,548.25,0.0,120.62,3.32,672.19,EUR,delivered
O0000923,IT-202209-17264,C000286,S00008,P000002,2025-03-27T15:17:06,2,64.16,128.32,0.0,28.23,9.05,165.6,EUR,delivered
O0000924,IT-202209-17264,C000286,S00008,P000169,2025-03-27T15:17:06,1,972.41,972.41,0.0,213.93,10.96,1197.3,EUR,delivered
O0000925,IT-202209-17264,C000286,S00008,P000056,2025-03-27T15:17:06,1,143.73,143.73,0.0,31.62,6.57,181.92,EUR,delivered
O0000926,IT-202504-84830,C000286,S00008,P000119,2024-07-16T09:20:46,1,103.57,103.57,0.0,22.79,5.56,131.92,EUR,delivered
O0000927,IT-202206-21334,C000286,S00008,P000082,2023-10-08T17:49:58,2,301.75,603.5,0.0,132.77,7.37,743.64,EUR,delivered
O0000928,IT-202206-21334,C000286,S00008,P000067,2023-10-08T17:49:58,5,245.85,1229.25,0.0,270.44,8.46,1508.15,EUR,delivered
O0000929,IT-202301-72542,C000286,S00007,P000018,2023-07-22T10:27:10,1,894.89,894.89,44.74,187.03,0.0,1037.18,EUR,delivered
O0000930,IT-202301-72542,C000286,S00007,P000219,2023-07-22T10:27:10,1,259.32,259.32,0.0,57.05,7.52,323.89,EUR,delivered
O0000931,PL-202508-79727,C000788,S00012,P000107,2024-06-01T16:30:13,3,127.58,382.74,19.14,83.63,12.86,460.09,EUR,delivered
O0000932,PL-202303-67389,C000260,S00012,P000133,2025-07-15T15:21:44,2,39.9,79.8,0.0,18.35,9.73,107.88,EUR,delivered
O0000933,PL-202303-67389,C000260,S00012,P000157,2025-07-15T15:21:44,1,162.7,162.7,0.0,37.42,12.23,212.35,EUR,delivered
O0000934,PL-202404-25111,C000260,S00011,P000129,2025-07-20T13:19:12,2,343.18,686.36,0.0,157.86,0.0,844.22,EUR,delivered
O0000935,PL-202301-30780,C000260,S00011,P000094,2023-11-04T08:49:22,2,36.5,73.0,7.3,15.11,0.0,80.81,EUR,delivered
O0000936,PL-202301-30780,C000260,S00011,P000249,2023-11-04T08:49:22,2,400.87,801.74,0.0,184.4,0.0,986.14,EUR,delivered
O0000937,IT-202505-50525,C000179,S00008,P000077,2025-08-20T17:28:37,1,275.22,275.22,27.52,54.49,7.83,310.02,EUR,delivered
O0000938,IT-202505-50525,C000179,S00008,P000236,2025-08-20T17:28:37,10,71.12,711.2,0.0,156.46,4.2,871.86,EUR,delivered
O0000939,IT-202306-51252,C000179,S00007,P000141,2025-05-20T17:47:24,1,63.79,63.79,3.19,13.33,0.0,73.93,EUR,delivered
O0000940,IT-202306-51252,C000179,S00007,P000155,2025-05-20T17:47:24,2,128.84,257.68,0.0,56.69,5.96,320.33,EUR,delivered
O0000941,IT-202306-51252,C000179,S00007,P000242,2025-05-20T17:47:24,2,36.34,72.68,0.0,15.99,0.0,88.67,EUR,delivered
O0000942,IT-202306-51252,C000179,S00007,P000110,2025-05-20T17:47:24,1,59.06,59.06,0.0,12.99,0.0,72.05,EUR,delivered
O0000943,FR-202206-90488,C000692,S00004,P000154,2024-12-09T16:53:36,2,132.05,264.1,39.62,44.9,10.77,280.15,EUR,delivered
O0000944,FR-202206-90488,C000692,S00004,P000087,2024-12-09T16:53:36,3,76.45,229.35,0.0,45.87,5.98,281.2,EUR,delivered
O0000945,FR-202206-90488,C000692,S00004,P000069,2024-12-09T16:53:36,2,61.23,122.46,6.12,23.27,6.74,146.35,EUR,delivered
O0000946,FR-202207-84630,C000246,S00003,P000113,2023-11-19T19:54:16,1,385.51,385.51,38.55,69.39,0.0,416.35,EUR,delivered
O0000947,FR-202303-39429,C000246,S00003,P000182,2024-01-03T14:08:38,2,49.33,98.66,4.93,18.75,5.9,118.38,EUR,delivered
O0000948,FR-202303-39429,C000246,S00003,P000054,2024-01-03T14:08:38,4,102.06,408.24,0.0,81.65,7.98,497.87,EUR,delivered
O0000949,FR-202503-18022,C000246,S00003,P000226,2025-09-14T20:02:30,1,75.67,75.67,0.0,15.13,4.84,95.64,EUR,delivered
O0000950,PL-202510-27289,C000704,S00011,P000214,2024-02-01T08:19:17,1,137.8,137.8,0.0,31.69,0.0,169.49,EUR,delivered
O0000951,PL-202510-27289,C000704,S00011,P000095,2024-02-01T08:19:17,1,374.91,374.91,37.49,77.61,0.0,415.03,EUR,delivered
O0000952,PL-202204-70485,C000704,S00012,P000083,2025-11-02T16:45:38,1,113.11,113.11,0.0,26.02,4.01,143.14,EUR,delivered
O0000953,DE-202502-85191,C000078,S00005,P000175,2023-12-29T13:35:19,1,96.92,96.92,0.0,18.41,5.74,121.07,EUR,delivered
O0000954,AT-202204-48879,C000706,S00001,P000009,2025-06-05T10:59:42,1,144.68,144.68,0.0,28.94,0.0,173.62,EUR,delivered
O0000955,AT-202204-48879,C000706,S00001,P000061,2025-06-05T10:59:42,1,84.17,84.17,4.21,15.99,5.07,101.02,EUR,delivered
O0000956,AT-202509-13672,C000706,S00001,P000035,2025-04-11T18:20:45,1,199.34,199.34,0.0,39.87,6.26,245.47,EUR,delivered
O0000957,AT-202509-13672,C000706,S00001,P000217,2025-04-11T18:20:45,2,359.82,719.64,0.0,143.93,0.0,863.57,EUR,delivered
O0000958,DE-202505-34683,C000396,S00005,P000200,2023-12-16T13:03:09,3,11.65,34.95,0.0,6.64,6.04,47.63,EUR,delivered
O0000959,DE-202407-61228,C000396,S00006,P000191,2024-09-06T13:46:55,1,136.74,136.74,0.0,25.98,6.09,168.81,EUR,delivered
O0000960,DE-202407-61228,C000396,S00006,P000049,2024-09-06T13:46:55,1,269.37,269.37,0.0,51.18,12.91,333.46,EUR,delivered
O0000961,CH-202304-11305,C000295,S00017,P000185,2025-11-11T12:26:29,3,163.8,491.4,0.0,39.31,5.18,535.89,EUR,delivered
O0000962,CH-202304-11305,C000295,S00017,P000031,2025-11-11T12:26:29,1,34.38,34.38,0.0,2.75,0.0,37.13,EUR,delivered
O0000963,AT-202404-17427,C000033,S00001,P000043,2025-11-08T11:03:05,3,200.91,602.73,0.0,120.55,0.0,723.28,EUR,delivered
O0000964,AT-202404-17427,C000033,S00001,P000057,2025-11-08T11:03:05,4,70.75,283.0,0.0,56.6,0.0,339.6,EUR,delivered
O0000965,AT-202404-17427,C000033,S00001,P000146,2025-11-08T11:03:05,1,319.75,319.75,15.99,60.75,6.98,371.49,EUR,delivered
O0000966,AT-202404-17427,C000033,S00001,P000194,2025-11-08T11:03:05,4,88.44,353.76,0.0,70.75,0.0,424.51,EUR,delivered
O0000967,AT-202311-27354,C000033,S00002,P000103,2025-12-14T08:28:52,1,70.02,70.02,10.5,11.9,11.48,82.9,EUR,delivered
O0000968,AT-202311-27354,C000033,S00002,P000209,2025-12-14T08:28:52,1,121.04,121.04,0.0,24.21,11.41,156.66,EUR,delivered
O0000969,AT-202311-27354,C000033,S00002,P000167,2025-12-14T08:28:52,1,61.38,61.38,6.14,11.05,12.41,78.7,EUR,delivered
O0000970,IT-202305-16559,C000383,S00008,P000039,2024-12-25T11:34:55,1,445.93,445.93,0.0,98.1,5.39,549.42,EUR,delivered
O0000971,IT-202305-16559,C000383,S00008,P000171,2024-12-25T11:34:55,2,46.98,93.96,0.0,20.67,10.18,124.81,EUR,delivered
O0000972,IT-202305-16559,C000383,S00008,P000159,2024-12-25T11:34:55,1,96.84,96.84,0.0,21.3,6.28,124.42,EUR,delivered
O0000973,IT-202304-73631,C000383,S00007,P000025,2023-09-01T17:49:04,1,588.85,588.85,0.0,129.55,0.0,718.4,EUR,delivered
O0000974,IT-202304-73631,C000383,S00007,P000021,2023-09-01T17:49:04,1,123.97,123.97,0.0,27.27,6.06,157.3,EUR,delivered
O0000975,IT-202304-73631,C000383,S00007,P000246,2023-09-01T17:49:04,2,181.65,363.3,36.33,71.93,0.0,398.9,EUR,delivered
O0000976,DE-202208-48187,C000178,S00005,P000244,2025-12-05T17:09:22,2,188.68,377.36,0.0,71.7,0.0,449.06,EUR,delivered
O0000977,DE-202208-23372,C000178,S00005,P000054,2023-12-10T15:24:47,1,103.12,103.12,0.0,19.59,0.0,122.71,EUR,delivered
O0000978,SE-202302-59241,C000708,S00015,P000163,2025-12-14T18:51:16,1,279.01,279.01,13.95,66.27,7.07,338.4,EUR,delivered
O0000979,SE-202302-59241,C000708,S00015,P000214,2025-12-14T18:51:16,1,128.91,128.91,0.0,32.23,7.16,168.3,EUR,delivered
O0000980,AT-202409-77969,C000097,S00002,P000203,2025-10-10T13:00:17,1,14.26,14.26,0.71,2.71,10.15,26.41,EUR,delivered
O0000981,AT-202409-77969,C000097,S00002,P000003,2025-10-10T13:00:17,1,142.98,142.98,0.0,28.6,11.08,182.66,EUR,delivered
O0000982,AT-202508-43735,C000097,S00001,P000150,2025-06-30T18:13:10,4,619.31,2477.24,123.86,470.68,0.0,2824.06,EUR,delivered
O0000983,AT-202508-43735,C000097,S00001,P000079,2025-06-30T18:13:10,1,59.4,59.4,0.0,11.88,4.74,76.02,EUR,delivered
O0000984,AT-202508-43735,C000097,S00001,P000057,2025-06-30T18:13:10,1,70.93,70.93,0.0,14.19,5.85,90.97,EUR,delivered
O0000985,AT-202508-43735,C000097,S00001,P000046,2025-06-30T18:13:10,4,75.79,303.16,0.0,60.63,0.0,363.79,EUR,delivered
O0000986,AT-202504-15510,C000097,S00001,P000057,2025-06-03T20:42:44,2,70.96,141.92,7.1,26.96,0.0,161.78,EUR,delivered
O0000987,AT-202504-15510,C000097,S00001,P000060,2025-06-03T20:42:44,2,206.51,413.02,20.65,78.47,0.0,470.84,EUR,delivered
O0000988,IT-202507-19961,C000330,S00008,P000085,2023-12-10T16:01:41,2,638.88,1277.76,0.0,281.11,11.65,1570.52,EUR,delivered
O0000989,IT-202507-19961,C000330,S00008,P000048,2023-12-10T16:01:41,1,28.8,28.8,2.88,5.7,6.01,37.63,EUR,delivered
O0000990,DE-202302-94196,C000314,S00005,P000093,2025-11-18T09:53:11,3,109.1,327.3,0.0,62.19,5.71,395.2,EUR,delivered
O0000991,DE-202302-94196,C000314,S00005,P000073,2025-11-18T09:53:11,1,226.62,226.62,0.0,43.06,0.0,269.68,EUR,delivered
O0000992,DE-202302-94196,C000314,S00005,P000167,2025-11-18T09:53:11,2,56.63,113.26,0.0,21.52,0.0,134.78,EUR,delivered
O0000993,DE-202207-50541,C000314,S00006,P000044,2025-11-13T18:00:02,1,32.38,32.38,0.0,6.15,11.48,50.01,EUR,delivered
O0000994,DE-202207-50541,C000314,S00006,P000233,2025-11-13T18:00:02,1,15.82,15.82,2.37,2.56,9.73,25.74,EUR,delivered
O0000995,DE-202207-50541,C000314,S00006,P000230,2025-11-13T18:00:02,1,91.19,91.19,4.56,16.46,10.97,114.06,EUR,delivered
O0000996,DE-202210-67061,C000314,S00005,P000234,2024-12-01T10:07:39,3,15.26,45.78,0.0,8.7,0.0,54.48,EUR,delivered
O0000997,FR-202201-47266,C000380,S00003,P000122,2023-05-03T11:50:07,1,215.52,215.52,10.78,40.95,3.55,249.24,EUR,delivered
O0000998,ES-202510-68525,C000255,S00013,P000132,2024-12-10T17:39:17,1,148.54,148.54,7.43,29.63,0.0,170.74,EUR,delivered
O0000999,ES-202510-68525,C000255,S00013,P000164,2024-12-10T17:39:17,1,360.49,360.49,0.0,75.7,6.72,442.91,EUR,delivered
O0001000,ES-202201-10705,C000255,S00014,P000047,2025-05-13T16:21:12,1,146.25,146.25,7.31,29.18,6.42,174.54,EUR,delivered
O0001001,ES-202201-10705,C000255,S00014,P000024,2025-05-13T16:21:12,3,165.66,496.98,0.0,104.37,4.01,605.36,EUR,delivered
O0001002,NL-202409-31212,C000376,S00010,P000015,2023-11-30T20:36:49,2,45.77,91.54,0.0,19.22,7.92,118.68,EUR,delivered
O0001003,NL-202409-31212,C000376,S00010,P000099,2023-11-30T20:36:49,1,55.11,55.11,5.51,10.42,12.93,72.95,EUR,delivered
O0001004,IT-202309-89877,C000378,S00008,P000227,2025-07-01T11:13:52,1,138.79,138.79,0.0,30.53,8.87,178.19,EUR,delivered
O0001005,IT-202309-89877,C000378,S00008,P000021,2025-07-01T11:13:52,3,126.54,379.62,0.0,83.52,7.57,470.71,EUR,delivered
O0001006,IT-202204-66892,C000378,S00008,P000199,2023-02-26T09:12:09,1,68.08,68.08,0.0,14.98,8.86,91.92,EUR,delivered
O0001007,IT-202204-66892,C000378,S00008,P000050,2023-02-26T09:12:09,1,39.18,39.18,0.0,8.62,5.67,53.47,EUR,delivered
O0001008,SE-202209-72504,C000484,S00016,P000011,2024-12-28T15:31:24,2,191.74,383.48,38.35,86.28,5.49,436.9,EUR,delivered
O0001009,SE-202211-44917,C000484,S00015,P000030,2025-08-09T15:38:28,2,731.12,1462.24,0.0,365.56,0.0,1827.8,EUR,delivered
O0001010,SE-202211-44917,C000484,S00015,P000231,2025-08-09T15:38:28,2,110.63,221.26,0.0,55.32,3.07,279.65,EUR,delivered
O0001011,SE-202211-44917,C000484,S00015,P000175,2025-08-09T15:38:28,2,104.88,209.76,10.49,49.82,0.0,249.09,EUR,delivered
O0001012,SE-202211-44917,C000484,S00015,P000088,2025-08-09T15:38:28,2,68.95,137.9,0.0,34.48,6.05,178.43,EUR,delivered
O0001013,SE-202410-22347,C000484,S00015,P000225,2025-05-05T12:39:32,1,35.99,35.99,1.8,8.55,0.0,42.74,EUR,delivered
O0001014,SE-202410-22347,C000484,S00015,P000041,2025-05-05T12:39:32,1,108.81,108.81,0.0,27.2,0.0,136.01,EUR,delivered
O0001015,SE-202208-45142,C000484,S00016,P000075,2025-11-03T14:27:37,1,102.94,102.94,5.15,24.45,8.11,130.35,EUR,delivered
O0001016,SE-202208-45142,C000484,S00016,P000192,2025-11-03T14:27:37,2,99.76,199.52,0.0,49.88,10.16,259.56,EUR,delivered
O0001017,SE-202208-45142,C000484,S00016,P000144,2025-11-03T14:27:37,3,141.93,425.79,0.0,106.45,12.57,544.81,EUR,delivered
O0001018,SE-202208-45142,C000484,S00016,P000099,2025-11-03T14:27:37,1,58.48,58.48,0.0,14.62,6.71,79.81,EUR,delivered
O0001019,SE-202508-41789,C000484,S00016,P000146,2025-07-11T18:21:13,3,281.1,843.3,0.0,210.83,10.98,1065.11,EUR,delivered
O0001020,SE-202205-48012,C000484,S00016,P000099,2025-11-09T10:42:40,5,54.15,270.75,27.08,60.92,4.27,308.86,EUR,delivered
O0001021,SE-202205-48012,C000484,S00016,P000003,2025-11-09T10:42:40,1,147.1,147.1,0.0,36.78,7.59,191.47,EUR,delivered
O0001022,SE-202201-81350,C000484,S00015,P000055,2025-06-21T12:22:33,2,39.72,79.44,0.0,19.86,7.01,106.31,EUR,delivered
O0001023,SE-202408-49992,C000484,S00015,P000249,2025-09-18T15:16:53,3,401.76,1205.28,120.53,271.19,0.0,1355.94,EUR,delivered
O0001024,SE-202408-49992,C000484,S00015,P000138,2025-09-18T15:16:53,1,34.49,34.49,0.0,8.62,0.0,43.11,EUR,delivered
O0001025,SE-202408-49992,C000484,S00015,P000104,2025-09-18T15:16:53,1,235.26,235.26,11.76,55.88,0.0,279.38,EUR,delivered
O0001026,SE-202411-36647,C000484,S00015,P000047,2025-04-05T09:35:16,3,169.08,507.24,0.0,126.81,0.0,634.05,EUR,delivered
O0001027,SE-202411-36647,C000484,S00015,P000110,2025-04-05T09:35:16,1,59.67,59.67,2.98,14.17,0.0,70.86,EUR,delivered
O0001028,SE-202411-36647,C000484,S00015,P000136,2025-04-05T09:35:16,1,73.02,73.02,0.0,18.26,0.0,91.28,EUR,delivered
O0001029,SE-202201-24810,C000484,S00015,P000231,2025-04-09T19:07:03,1,121.42,121.42,0.0,30.36,0.0,151.78,EUR,delivered
O0001030,SE-202207-73432,C000484,S00016,P000206,2025-05-15T14:35:57,1,352.96,352.96,17.65,83.83,5.04,424.18,EUR,delivered
O0001031,SE-202207-73432,C000484,S00016,P000093,2025-05-15T14:35:57,4,107.48,429.92,0.0,107.48,8.29,545.69,EUR,delivered
O0001032,SE-202207-73432,C000484,S00016,P000074,2025-05-15T14:35:57,1,310.45,310.45,0.0,77.61,12.44,400.5,EUR,delivered
O0001033,SE-202302-89821,C000484,S00015,P000200,2025-01-02T18:41:42,1,10.58,10.58,1.06,2.38,0.0,11.9,EUR,delivered
O0001034,SE-202411-52687,C000484,S00016,P000208,2025-02-28T14:20:10,1,93.57,93.57,0.0,23.39,11.46,128.42,EUR,delivered
O0001035,SE-202305-53649,C000484,S00016,P000014,2024-11-23T19:53:55,2,202.35,404.7,40.47,91.06,4.6,459.89,EUR,delivered
O0001036,SE-202305-53649,C000484,S00016,P000187,2024-11-23T19:53:55,2,20.79,41.58,4.16,9.36,9.75,56.53,EUR,delivered
O0001037,SE-202305-53649,C000484,S00016,P000099,2024-11-23T19:53:55,2,57.2,114.4,0.0,28.6,10.94,153.94,EUR,delivered
O0001038,SE-202310-55417,C000484,S00016,P000076,2025-05-06T13:10:11,1,317.44,317.44,0.0,79.36,7.64,404.44,EUR,delivered
O0001039,SE-202310-55417,C000484,S00016,P000172,2025-05-06T13:10:11,5,217.26,1086.3,0.0,271.58,4.75,1362.63,EUR,delivered
O0001040,SE-202201-54038,C000484,S00015,P000063,2025-12-03T08:23:19,1,44.41,44.41,0.0,11.1,0.0,55.51,EUR,delivered
O0001041,SE-202201-54038,C000484,S00015,P000113,2025-12-03T08:23:19,2,352.83,705.66,70.57,158.77,7.26,801.12,EUR,delivered
O0001042,SE-202402-70456,C000484,S00015,P000063,2025-08-06T19:51:36,2,43.03,86.06,0.0,21.52,0.0,107.58,EUR,delivered
O0001043,SE-202402-70456,C000484,S00015,P000213,2025-08-06T19:51:36,1,159.22,159.22,0.0,39.81,0.0,199.03,EUR,delivered
O0001044,IT-202212-36350,C000214,S00007,P000129,2025-03-31T17:11:27,3,342.06,1026.18,0.0,225.76,0.0,1251.94,EUR,delivered
O0001045,IT-202212-36350,C000214,S00007,P000127,2025-03-31T17:11:27,1,406.1,406.1,0.0,89.34,0.0,495.44,EUR,delivered
O0001046,IT-202212-36350,C000214,S00007,P000224,2025-03-31T17:11:27,1,220.83,220.83,0.0,48.58,0.0,269.41,EUR,delivered
O0001047,IT-202407-52823,C000577,S00007,P000013,2025-08-24T15:51:51,1,134.73,134.73,0.0,29.64,0.0,164.37,EUR,delivered
O0001048,IT-202407-52823,C000577,S00007,P000129,2025-08-24T15:51:51,1,317.58,317.58,0.0,69.87,7.66,395.11,EUR,delivered
O0001049,IT-202407-52823,C000577,S00007,P000218,2025-08-24T15:51:51,2,129.55,259.1,25.91,51.3,4.11,288.6,EUR,delivered
O0001050,IT-202503-87025,C000577,S00008,P000153,2025-05-23T14:16:57,2,169.5,339.0,16.95,70.85,5.0,397.9,EUR,delivered
O0001051,IT-202408-39868,C000577,S00007,P000177,2025-12-03T18:45:21,1,94.97,94.97,0.0,20.89,3.84,119.7,EUR,delivered
O0001052,IT-202407-46298,C000159,S00008,P000092,2025-10-30T18:39:46,4,134.14,536.56,26.83,112.14,8.4,630.27,EUR,delivered
O0001053,IT-202407-46298,C000159,S00008,P000043,2025-10-30T18:39:46,2,213.95,427.9,21.4,89.43,5.13,501.06,EUR,delivered
O0001054,IT-202210-16729,C000159,S00007,P000153,2024-10-03T19:37:29,3,170.7,512.1,51.21,101.4,0.0,562.29,EUR,delivered
O0001055,IT-202210-16729,C000159,S00007,P000226,2024-10-03T19:37:29,1,81.13,81.13,8.11,16.06,0.0,89.08,EUR,delivered
O0001056,IT-202208-11885,C000159,S00008,P000199,2025-06-04T12:59:21,1,70.81,70.81,0.0,15.58,7.51,93.9,EUR,delivered
O0001057,IT-202208-11885,C000159,S00008,P000200,2025-06-04T12:59:21,1,10.2,10.2,0.51,2.13,9.73,21.55,EUR,delivered
O0001058,IT-202208-11885,C000159,S00008,P000051,2025-06-04T12:59:21,1,14.22,14.22,0.71,2.97,11.63,28.11,EUR,delivered
O0001059,UK-202202-85775,C000798,S00019,P000124,2025-12-31T23:59:59,2,32.15,64.3,0.0,12.86,6.27,83.43,EUR,delivered
O0001060,UK-202202-85775,C000798,S00019,P000135,2025-12-31T23:59:59,3,203.94,611.82,0.0,122.36,7.16,741.34,EUR,delivered
O0001061,UK-202202-85775,C000798,S00019,P000068,2025-12-31T23:59:59,1,237.13,237.13,0.0,47.43,0.0,284.56,EUR,delivered
O0001062,UK-202202-85775,C000798,S00019,P000230,2025-12-31T23:59:59,3,91.91,275.73,0.0,55.15,0.0,330.88,EUR,delivered
O0001063,UK-202402-92313,C000749,S00020,P000188,2024-11-01T08:48:46,2,252.93,505.86,25.29,96.11,4.17,580.85,EUR,delivered
O0001064,UK-202402-92313,C000749,S00020,P000194,2024-11-01T08:48:46,2,89.99,179.98,0.0,36.0,9.25,225.23,EUR,delivered
O0001065,NL-202204-79813,C000061,S00009,P000088,2025-12-30T12:08:41,2,67.62,135.24,0.0,28.4,0.0,163.64,EUR,delivered
O0001066,NL-202204-79813,C000061,S00009,P000059,2025-12-30T12:08:41,1,304.49,304.49,0.0,63.94,0.0,368.43,EUR,delivered
O0001067,NL-202204-79813,C000061,S00009,P000107,2025-12-30T12:08:41,1,125.62,125.62,0.0,26.38,0.0,152.0,EUR,delivered
O0001068,NL-202502-54990,C000061,S00010,P000054,2025-09-16T14:08:58,1,112.44,112.44,0.0,23.61,6.2,142.25,EUR,delivered
O0001069,NL-202404-91091,C000061,S00009,P000212,2025-11-10T16:20:55,1,46.25,46.25,2.31,9.23,7.09,60.26,EUR,delivered
O0001070,NL-202404-91091,C000061,S00009,P000108,2025-11-10T16:20:55,1,99.61,99.61,0.0,20.92,0.0,120.53,EUR,delivered
O0001071,NL-202404-91091,C000061,S00009,P000092,2025-11-10T16:20:55,3,128.47,385.41,0.0,80.94,0.0,466.35,EUR,delivered
O0001072,NL-202404-91091,C000061,S00009,P000240,2025-11-10T16:20:55,2,405.91,811.82,0.0,170.48,0.0,982.3,EUR,delivered
O0001073,SE-202308-73721,C000340,S00015,P000193,2025-03-16T10:34:38,1,68.91,68.91,6.89,15.51,0.0,77.53,EUR,delivered
O0001074,IT-202207-43408,C000210,S00008,P000026,2025-09-08T18:26:04,10,881.22,8812.2,881.22,1744.82,9.7,9685.5,EUR,delivered
O0001075,IT-202306-80177,C000210,S00008,P000169,2025-09-28T08:23:07,1,866.1,866.1,129.92,161.96,4.06,902.2,EUR,delivered
O0001076,DE-202308-65010,C000447,S00005,P000063,2022-12-30T16:55:06,1,43.6,43.6,2.18,7.87,0.0,49.29,EUR,delivered
O0001077,DE-202404-12832,C000447,S00006,P000190,2025-07-12T14:31:25,4,394.18,1576.72,0.0,299.58,10.22,1886.52,EUR,delivered
O0001078,DE-202210-32767,C000447,S00005,P000066,2024-07-03T12:39:32,5,201.73,1008.65,50.43,182.06,6.82,1147.1,EUR,delivered
O0001079,DE-202210-32767,C000447,S00005,P000080,2024-07-03T12:39:32,1,259.27,259.27,0.0,49.26,0.0,308.53,EUR,delivered
O0001080,IT-202505-35761,C000761,S00007,P000199,2025-12-30T20:35:35,2,69.7,139.4,0.0,30.67,0.0,170.07,EUR,delivered
O0001081,IT-202505-35761,C000761,S00007,P000191,2025-12-30T20:35:35,1,127.16,127.16,0.0,27.98,0.0,155.14,EUR,delivered
O0001082,IT-202505-35761,C000761,S00007,P000211,2025-12-30T20:35:35,1,237.92,237.92,0.0,52.34,7.8,298.06,EUR,delivered
O0001083,IT-202505-35761,C000761,S00007,P000207,2025-12-30T20:35:35,1,98.41,98.41,0.0,21.65,5.24,125.3,EUR,delivered
O0001084,UK-202402-40480,C000637,S00019,P000160,2022-07-12T09:22:12,1,370.22,370.22,0.0,74.04,0.0,444.26,EUR,delivered
O0001085,UK-202402-40480,C000637,S00019,P000105,2022-07-12T09:22:12,2,116.52,233.04,23.3,41.95,0.0,251.69,EUR,delivered
O0001086,UK-202304-21140,C000637,S00019,P000069,2023-11-02T15:08:00,1,60.53,60.53,0.0,12.11,0.0,72.64,EUR,delivered
O0001087,DE-202402-84059,C000593,S00005,P000019,2025-11-21T20:15:53,2,803.14,1606.28,240.94,259.41,3.71,1628.46,EUR,delivered
O0001088,DE-202402-84059,C000593,S00005,P000157,2025-11-21T20:15:53,1,170.58,170.58,0.0,32.41,5.78,208.77,EUR,delivered
O0001089,DE-202312-61088,C000593,S00006,P000125,2025-12-29T10:11:23,1,66.07,66.07,0.0,12.55,6.38,85.0,EUR,delivered
O0001090,DE-202303-64947,C000028,S00005,P000095,2024-11-20T17:03:02,1,363.51,363.51,0.0,69.07,0.0,432.58,EUR,delivered
O0001091,FR-202309-62344,C000509,S00004,P000009,2024-12-25T08:59:59,2,155.87,311.74,0.0,62.35,12.03,386.12,EUR,delivered
O0001092,FR-202512-27765,C000509,S00003,P000085,2024-01-20T14:34:37,1,648.12,648.12,0.0,129.62,0.0,777.74,EUR,delivered
O0001093,FR-202306-83804,C000509,S00003,P000189,2025-05-23T11:39:29,1,850.56,850.56,0.0,170.11,0.0,1020.67,EUR,delivered
O0001094,PL-202510-15407,C000398,S00012,P000203,2025-02-28T15:09:11,1,14.65,14.65,0.73,3.2,6.5,23.62,EUR,delivered
O0001095,PL-202502-75008,C000398,S00011,P000114,2024-01-10T20:04:30,5,755.41,3777.05,0.0,868.72,0.0,4645.77,EUR,delivered
O0001096,PL-202502-75008,C000398,S00011,P000076,2024-01-10T20:04:30,3,327.74,983.22,0.0,226.14,0.0,1209.36,EUR,delivered
O0001097,PL-202502-75008,C000398,S00011,P000102,2024-01-10T20:04:30,1,67.48,67.48,0.0,15.52,0.0,83.0,EUR,delivered
O0001098,PL-202402-28601,C000398,S00011,P000119,2024-05-02T19:52:28,1,102.43,102.43,5.12,22.38,0.0,119.69,EUR,delivered
O0001099,PL-202402-28601,C000398,S00011,P000045,2024-05-02T19:52:28,1,216.43,216.43,0.0,49.78,0.0,266.21,EUR,delivered
O0001100,PL-202402-28601,C000398,S00011,P000155,2024-05-02T19:52:28,1,141.17,141.17,7.06,30.85,0.0,164.96,EUR,delivered
O0001101,PL-202305-55212,C000398,S00012,P000027,2024-12-16T09:24:02,2,106.28,212.56,21.26,44.0,9.22,244.52,EUR,delivered
O0001102,PL-202203-66343,C000398,S00012,P000062,2024-06-01T17:51:34,3,284.31,852.93,0.0,196.17,5.92,1055.02,EUR,delivered
O0001103,PL-202203-66343,C000398,S00012,P000139,2024-06-01T17:51:34,1,176.35,176.35,0.0,40.56,8.72,225.63,EUR,delivered
O0001104,PL-202203-66343,C000398,S00012,P000199,2024-06-01T17:51:34,1,64.48,64.48,0.0,14.83,6.07,85.38,EUR,delivered
O0001105,PL-202210-24357,C000398,S00011,P000011,2024-05-14T17:08:05,1,192.13,192.13,9.61,41.98,6.83,231.33,EUR,delivered
O0001106,PL-202307-89682,C000398,S00011,P000109,2025-08-09T11:17:34,1,122.8,122.8,0.0,28.24,0.0,151.04,EUR,delivered
O0001107,PL-202506-45955,C000398,S00012,P000049,2023-12-11T08:10:04,3,279.24,837.72,0.0,192.68,11.9,1042.3,EUR,delivered
O0001108,PL-202506-45955,C000398,S00012,P000183,2023-12-11T08:10:04,2,44.49,88.98,0.0,20.47,8.93,118.38,EUR,delivered
O0001109,PL-202506-45955,C000398,S00012,P000173,2023-12-11T08:10:04,1,365.21,365.21,18.26,79.8,12.94,439.69,EUR,delivered
O0001110,PL-202506-45955,C000398,S00012,P000187,2023-12-11T08:10:04,1,21.18,21.18,0.0,4.87,4.02,30.07,EUR,delivered
O0001111,PL-202202-43046,C000398,S00011,P000096,2025-08-30T08:37:54,3,32.51,97.53,0.0,22.43,6.7,126.66,EUR,delivered
O0001112,PL-202202-43046,C000398,S00011,P000189,2025-08-30T08:37:54,2,861.17,1722.34,86.12,376.33,6.69,2019.24,EUR,delivered
O0001113,PL-202202-43046,C000398,S00011,P000158,2025-08-30T08:37:54,2,248.7,497.4,0.0,114.4,4.49,616.29,EUR,delivered
O0001114,PL-202209-65739,C000398,S00012,P000206,2024-08-20T08:03:01,2,359.13,718.26,0.0,165.2,4.86,888.32,EUR,delivered
O0001115,PL-202209-65739,C000398,S00012,P000244,2024-08-20T08:03:01,3,195.97,587.91,0.0,135.22,4.86,727.99,EUR,delivered
O0001116,PL-202209-65739,C000398,S00012,P000130,2024-08-20T08:03:01,3,50.34,151.02,7.55,33.0,8.99,185.46,EUR,delivered
O0001117,PL-202412-43965,C000398,S00012,P000005,2023-12-22T17:51:19,2,273.82,547.64,27.38,119.66,4.61,644.53,EUR,delivered
O0001118,PL-202306-41348,C000398,S00012,P000152,2024-09-26T15:20:24,3,35.67,107.01,0.0,24.61,4.47,136.09,EUR,delivered
O0001119,PL-202306-41348,C000398,S00012,P000061,2024-09-26T15:20:24,1,81.99,81.99,8.2,16.97,10.48,101.24,EUR,delivered
O0001120,PL-202306-41348,C000398,S00012,P000146,2024-09-26T15:20:24,3,308.7,926.1,0.0,213.0,4.81,1143.91,EUR,delivered
O0001121,PL-202306-41348,C000398,S00012,P000177,2024-09-26T15:20:24,1,102.54,102.54,5.13,22.4,8.61,128.42,EUR,delivered
O0001122,PL-202401-29567,C000398,S00012,P000064,2023-10-02T13:32:56,1,81.04,81.04,0.0,18.64,12.2,111.88,EUR,delivered
O0001123,PL-202307-50838,C000398,S00011,P000040,2024-06-20T15:01:00,1,117.1,117.1,17.57,22.89,0.0,122.42,EUR,delivered
O0001124,PL-202402-81952,C000398,S00011,P000245,2024-10-24T09:40:11,2,179.42,358.84,0.0,82.53,0.0,441.37,EUR,delivered
O0001125,PL-202402-81952,C000398,S00011,P000086,2024-10-24T09:40:11,1,152.02,152.02,0.0,34.96,0.0,186.98,EUR,delivered
O0001126,PL-202402-81952,C000398,S00011,P000005,2024-10-24T09:40:11,1,244.86,244.86,0.0,56.32,0.0,301.18,EUR,delivered
O0001127,PL-202502-13882,C000398,S00011,P000158,2024-01-04T10:36:47,3,270.43,811.29,40.56,177.27,0.0,948.0,EUR,delivered
O0001128,PL-202502-13882,C000398,S00011,P000017,2024-01-04T10:36:47,2,65.61,131.22,0.0,30.18,6.85,168.25,EUR,delivered
O0001129,PL-202502-13882,C000398,S00011,P000023,2024-01-04T10:36:47,2,181.95,363.9,0.0,83.7,0.0,447.6,EUR,delivered
O0001130,PL-202502-13882,C000398,S00011,P000008,2024-01-04T10:36:47,1,38.96,38.96,1.95,8.51,7.88,53.4,EUR,delivered
O0001131,PL-202504-93101,C000398,S00012,P000058,2025-09-28T08:06:39,1,57.81,57.81,2.89,12.63,12.84,80.39,EUR,delivered
O0001132,PL-202408-29516,C000263,S00012,P000134,2025-10-10T14:05:31,2,499.03,998.06,49.9,218.08,5.64,1171.88,EUR,delivered
O0001133,PL-202408-29516,C000263,S00012,P000041,2025-10-10T14:05:31,1,101.37,101.37,0.0,23.32,7.75,132.44,EUR,delivered
O0001134,PL-202408-29516,C000263,S00012,P000079,2025-10-10T14:05:31,3,66.94,200.82,20.08,41.57,11.04,233.35,EUR,delivered
O0001135,PL-202408-29516,C000263,S00012,P000026,2025-10-10T14:05:31,4,934.96,3739.84,0.0,860.16,4.68,4604.68,EUR,delivered
O0001136,PL-202507-81536,C000263,S00012,P000117,2025-12-18T12:50:39,1,260.68,260.68,0.0,59.96,5.86,326.5,EUR,delivered
O0001137,PL-202201-64104,C000215,S00011,P000032,2025-01-28T17:30:19,1,148.67,148.67,14.87,30.77,5.73,170.3,EUR,delivered
O0001138,PL-202201-64104,C000215,S00011,P000078,2025-01-28T17:30:19,4,96.7,386.8,0.0,88.96,0.0,475.76,EUR,delivered
O0001139,PL-202201-64104,C000215,S00011,P000067,2025-01-28T17:30:19,3,246.35,739.05,36.95,161.48,0.0,863.58,EUR,delivered
O0001140,PL-202201-64104,C000215,S00011,P000052,2025-01-28T17:30:19,1,208.47,208.47,0.0,47.95,0.0,256.42,EUR,delivered
O0001141,PL-202405-94255,C000215,S00011,P000137,2024-11-04T19:39:31,1,145.39,145.39,0.0,33.44,0.0,178.83,EUR,delivered
O0001142,PL-202405-94255,C000215,S00011,P000020,2024-11-04T19:39:31,1,110.48,110.48,0.0,25.41,5.5,141.39,EUR,delivered
O0001143,PL-202405-94255,C000215,S00011,P000037,2024-11-04T19:39:31,1,11.39,11.39,0.0,2.62,0.0,14.01,EUR,delivered
O0001144,PL-202509-13040,C000205,S00012,P000206,2024-12-21T20:01:22,1,395.28,395.28,0.0,90.91,9.9,496.09,EUR,delivered
O0001145,PL-202509-13040,C000205,S00012,P000249,2024-12-21T20:01:22,1,454.37,454.37,0.0,104.51,11.76,570.64,EUR,delivered
O0001146,PL-202509-13040,C000205,S00012,P000045,2024-12-21T20:01:22,1,200.13,200.13,0.0,46.03,10.69,256.85,EUR,delivered
O0001147,NL-202501-41420,C000152,S00010,P000013,2025-06-10T19:41:55,1,141.06,141.06,0.0,29.62,9.34,180.02,EUR,delivered
O0001148,NL-202501-41420,C000152,S00010,P000015,2025-06-10T19:41:55,2,48.95,97.9,0.0,20.56,12.61,131.07,EUR,delivered
O0001149,NL-202202-46178,C000152,S00009,P000189,2025-07-06T15:52:07,1,804.08,804.08,80.41,151.97,5.76,881.4,EUR,delivered
O0001150,AT-202212-23757,C000494,S00002,P000189,2025-02-02T13:43:45,1,804.03,804.03,40.2,152.77,11.6,928.2,EUR,delivered
O0001151,AT-202212-23757,C000494,S00002,P000013,2025-02-02T13:43:45,2,137.47,274.94,0.0,54.99,7.27,337.2,EUR,delivered
O0001152,AT-202211-25791,C000494,S00001,P000178,2025-12-05T13:14:21,4,493.27,1973.08,98.65,374.89,5.6,2254.92,EUR,delivered
O0001153,AT-202211-25791,C000494,S00001,P000006,2025-12-05T13:14:21,1,361.43,361.43,0.0,72.29,6.57,440.29,EUR,delivered
O0001154,CH-202502-64460,C000458,S00017,P000118,2022-04-14T19:32:07,1,86.6,86.6,4.33,6.58,0.0,88.85,EUR,delivered
O0001155,CH-202502-64460,C000458,S00017,P000210,2022-04-14T19:32:07,1,38.99,38.99,1.95,2.96,0.0,40.0,EUR,delivered
O0001156,CH-202502-64460,C000458,S00017,P000032,2022-04-14T19:32:07,1,151.14,151.14,0.0,12.09,5.79,169.02,EUR,delivered
O0001157,NL-202201-33863,C000111,S00010,P000088,2024-08-23T19:45:35,3,65.7,197.1,0.0,41.39,9.85,248.34,EUR,delivered
O0001158,NL-202404-27688,C000111,S00009,P000010,2025-12-22T10:52:07,10,47.99,479.9,24.0,95.74,0.0,551.64,EUR,delivered
O0001159,NL-202505-62220,C000111,S00010,P000109,2024-12-30T15:43:43,2,110.35,220.7,22.07,41.71,12.22,252.56,EUR,delivered
O0001160,NL-202412-28617,C000111,S00009,P000208,2024-08-27T09:53:26,4,93.45,373.8,0.0,78.5,7.76,460.06,EUR,delivered
O0001161,NL-202412-28617,C000111,S00009,P000097,2024-08-27T09:53:26,2,341.81,683.62,68.36,129.2,0.0,744.46,EUR,delivered
O0001162,NL-202412-28617,C000111,S00009,P000002,2024-08-27T09:53:26,3,68.21,204.63,10.23,40.82,0.0,235.22,EUR,delivered
O0001163,NL-202310-27950,C000111,S00010,P000075,2025-11-24T16:04:14,1,110.16,110.16,5.51,21.98,4.66,131.29,EUR,delivered
O0001164,NL-202206-39967,C000111,S00009,P000192,2024-09-12T09:24:30,5,102.84,514.2,0.0,107.98,4.15,626.33,EUR,delivered
O0001165,NL-202206-39967,C000111,S00009,P000180,2024-09-12T09:24:30,3,78.72,236.16,0.0,49.59,0.0,285.75,EUR,delivered
O0001166,SE-202202-10411,C000431,S00016,P000063,2025-11-29T20:17:58,1,48.61,48.61,0.0,12.15,7.81,68.57,EUR,delivered
O0001167,SE-202202-10411,C000431,S00016,P000249,2025-11-29T20:17:58,4,422.17,1688.68,0.0,422.17,7.02,2117.87,EUR,delivered
O0001168,IT-202203-81566,C000008,S00007,P000149,2025-11-13T13:51:06,2,121.83,243.66,0.0,53.61,0.0,297.27,EUR,delivered
O0001169,ES-202307-93819,C000025,S00013,P000005,2025-11-26T15:10:14,1,271.95,271.95,27.2,51.4,0.0,296.15,EUR,delivered
O0001170,ES-202307-93819,C000025,S00013,P000073,2025-11-26T15:10:14,1,219.54,219.54,0.0,46.1,0.0,265.64,EUR,delivered
O0001171,ES-202208-23336,C000025,S00013,P000203,2024-12-30T16:29:07,2,13.82,27.64,4.15,4.93,5.4,33.82,EUR,delivered
O0001172,ES-202204-22806,C000025,S00014,P000224,2025-01-30T11:33:01,1,226.2,226.2,11.31,45.13,10.04,270.06,EUR,delivered
O0001173,ES-202204-22806,C000025,S00014,P000073,2025-01-30T11:33:01,1,199.73,199.73,0.0,41.94,6.33,248.0,EUR,delivered
O0001174,ES-202204-22806,C000025,S00014,P000018,2025-01-30T11:33:01,2,975.0,1950.0,0.0,409.5,5.32,2364.82,EUR,delivered
O0001175,ES-202503-82745,C000025,S00014,P000164,2025-04-04T14:16:08,1,347.87,347.87,0.0,73.05,4.6,425.52,EUR,delivered
O0001176,ES-202306-37295,C000025,S00014,P000225,2025-05-02T10:22:38,1,35.45,35.45,0.0,7.44,4.46,47.35,EUR,delivered
O0001177,ES-202205-77765,C000025,S00014,P000092,2025-10-17T10:03:44,1,126.46,126.46,6.32,25.23,10.18,155.55,EUR,delivered
O0001178,ES-202308-36216,C000025,S00014,P000239,2025-12-21T13:38:54,1,18.72,18.72,0.94,3.73,7.69,29.2,EUR,delivered
O0001179,ES-202308-36216,C000025,S00014,P000195,2025-12-21T13:38:54,1,132.23,132.23,0.0,27.77,8.16,168.16,EUR,delivered
O0001180,ES-202406-43382,C000025,S00013,P000209,2025-11-30T17:45:55,1,112.12,112.12,0.0,23.55,0.0,135.67,EUR,delivered
O0001181,ES-202512-27070,C000025,S00014,P000037,2024-12-09T19:11:11,3,12.49,37.47,0.0,7.87,9.45,54.79,EUR,delivered
O0001182,ES-202512-27070,C000025,S00014,P000026,2024-12-09T19:11:11,5,832.77,4163.85,0.0,874.41,11.0,5049.26,EUR,delivered
O0001183,ES-202512-27070,C000025,S00014,P000192,2024-12-09T19:11:11,1,105.67,105.67,0.0,22.19,6.59,134.45,EUR,delivered
O0001184,ES-202512-27070,C000025,S00014,P000210,2024-12-09T19:11:11,3,38.53,115.59,0.0,24.27,4.28,144.14,EUR,delivered
O0001185,UK-202302-65683,C000216,S00019,P000045,2025-12-03T20:11:11,1,217.62,217.62,0.0,43.52,0.0,261.14,EUR,delivered
O0001186,UK-202205-34167,C000216,S00020,P000219,2025-11-28T09:03:27,3,282.64,847.92,84.79,152.63,11.25,927.01,EUR,delivered
O0001187,UK-202205-34167,C000216,S00020,P000112,2025-11-28T09:03:27,1,514.02,514.02,0.0,102.8,11.0,627.82,EUR,delivered
O0001188,UK-202411-11412,C000216,S00019,P000046,2025-12-05T11:11:26,1,75.32,75.32,3.77,14.31,0.0,85.86,EUR,delivered
O0001189,UK-202411-11412,C000216,S00019,P000230,2025-12-05T11:11:26,1,85.53,85.53,12.83,14.54,3.02,90.26,EUR,delivered
O0001190,UK-202411-11412,C000216,S00019,P000094,2025-12-05T11:11:26,1,37.1,37.1,1.86,7.05,4.62,46.91,EUR,delivered
O0001191,FR-202203-55848,C000578,S00004,P000115,2025-10-30T11:47:38,1,633.57,633.57,0.0,126.71,11.74,772.02,EUR,delivered
O0001192,FR-202310-25449,C000578,S00004,P000107,2025-05-21T08:19:49,1,131.44,131.44,0.0,26.29,6.97,164.7,EUR,delivered
O0001193,FR-202310-25449,C000578,S00004,P000032,2025-05-21T08:19:49,1,151.7,151.7,0.0,30.34,6.72,188.76,EUR,delivered
O0001194,FR-202310-74127,C000578,S00004,P000001,2025-11-22T17:23:01,1,215.9,215.9,0.0,43.18,8.45,267.53,EUR,delivered
O0001195,FR-202310-74127,C000578,S00004,P000216,2025-11-22T17:23:01,1,41.03,41.03,4.1,7.39,5.52,49.84,EUR,delivered
O0001196,FR-202211-23537,C000578,S00003,P000195,2025-02-28T10:49:04,1,123.22,123.22,0.0,24.64,0.0,147.86,EUR,delivered
O0001197,FR-202211-23537,C000578,S00003,P000237,2025-02-28T10:49:04,1,54.88,54.88,5.49,9.88,0.0,59.27,EUR,delivered
O0001198,FR-202211-23537,C000578,S00003,P000223,2025-02-28T10:49:04,1,111.55,111.55,0.0,22.31,0.0,133.86,EUR,delivered
O0001199,FR-202402-15339,C000578,S00003,P000015,2025-12-16T20:21:22,5,46.66,233.3,11.67,44.33,3.16,269.12,EUR,delivered
O0001200,FR-202402-15339,C000578,S00003,P000156,2025-12-16T20:21:22,3,214.4,643.2,32.16,122.21,4.41,737.66,EUR,delivered
O0001201,FR-202402-15339,C000578,S00003,P000184,2025-12-16T20:21:22,2,45.23,90.46,4.52,17.19,0.0,103.13,EUR,delivered
O0001202,FR-202305-42281,C000578,S00004,P000087,2025-09-17T10:00:51,1,73.18,73.18,0.0,14.64,11.47,99.29,EUR,delivered
O0001203,FR-202305-42281,C000578,S00004,P000188,2025-09-17T10:00:51,2,275.69,551.38,0.0,110.28,11.91,673.57,EUR,delivered
O0001204,FR-202208-53691,C000578,S00004,P000014,2025-12-16T17:38:39,1,202.95,202.95,0.0,40.59,4.67,248.21,EUR,delivered
O0001205,FR-202505-87070,C000578,S00004,P000219,2025-03-09T08:24:11,2,288.59,577.18,0.0,115.44,12.86,705.48,EUR,delivered
O0001206,FR-202505-87070,C000578,S00004,P000161,2025-03-09T08:24:11,1,336.51,336.51,0.0,67.3,4.67,408.48,EUR,delivered
O0001207,FR-202302-73126,C000017,S00004,P000118,2025-10-06T10:27:54,1,83.81,83.81,8.38,15.09,5.27,95.79,EUR,delivered
O0001208,FR-202302-73126,C000017,S00004,P000038,2025-10-06T10:27:54,1,114.74,114.74,0.0,22.95,11.27,148.96,EUR,delivered
O0001209,FR-202302-73126,C000017,S00004,P000215,2025-10-06T10:27:54,1,64.99,64.99,0.0,13.0,9.93,87.92,EUR,delivered
O0001210,FR-202302-73126,C000017,S00004,P000159,2025-10-06T10:27:54,3,98.91,296.73,0.0,59.35,5.23,361.31,EUR,delivered
O0001211,FR-202204-31786,C000017,S00003,P000079,2025-01-12T11:55:21,1,64.86,64.86,0.0,12.97,0.0,77.83,EUR,delivered
O0001212,NL-202205-41164,C000605,S00009,P000035,2025-10-11T15:58:37,5,193.04,965.2,48.26,192.56,3.76,1113.26,EUR,delivered
O0001213,NL-202205-41164,C000605,S00009,P000117,2025-10-11T15:58:37,1,277.0,277.0,13.85,55.26,0.0,318.41,EUR,delivered
O0001214,DE-202412-80739,C000085,S00005,P000124,2023-03-01T08:19:49,2,31.88,63.76,0.0,12.11,0.0,75.87,EUR,delivered
O0001215,DE-202412-80739,C000085,S00005,P000108,2023-03-01T08:19:49,1,94.74,94.74,0.0,18.0,0.0,112.74,EUR,delivered
O0001216,DE-202402-56919,C000085,S00005,P000108,2023-10-17T19:34:42,1,100.1,100.1,0.0,19.02,4.79,123.91,EUR,delivered
O0001217,DE-202312-80973,C000085,S00005,P000199,2024-12-19T19:50:30,1,67.04,67.04,0.0,12.74,0.0,79.78,EUR,delivered
O0001218,DE-202306-49995,C000085,S00005,P000098,2025-09-23T19:23:05,3,121.45,364.35,0.0,69.23,0.0,433.58,EUR,delivered
O0001219,DE-202306-49995,C000085,S00005,P000139,2025-09-23T19:23:05,2,193.95,387.9,0.0,73.7,0.0,461.6,EUR,delivered
O0001220,DE-202306-49995,C000085,S00005,P000043,2025-09-23T19:23:05,3,205.12,615.36,0.0,116.92,0.0,732.28,EUR,delivered
O0001221,DE-202403-94688,C000393,S00005,P000067,2025-11-13T10:50:10,1,245.19,245.19,0.0,46.59,6.02,297.8,EUR,delivered
O0001222,DE-202507-32313,C000393,S00006,P000225,2024-06-28T14:00:16,2,35.05,70.1,0.0,13.32,8.28,91.7,EUR,delivered
O0001223,DE-202507-32313,C000393,S00006,P000208,2024-06-28T14:00:16,1,90.77,90.77,4.54,16.38,9.52,112.13,EUR,delivered
O0001224,DE-202507-32313,C000393,S00006,P000013,2024-06-28T14:00:16,1,136.24,136.24,0.0,25.89,6.2,168.33,EUR,delivered
O0001225,DE-202309-91158,C000393,S00005,P000055,2024-08-06T15:05:05,1,39.65,39.65,0.0,7.53,4.59,51.77,EUR,delivered
O0001226,DE-202309-91158,C000393,S00005,P000215,2024-08-06T15:05:05,1,66.14,66.14,3.31,11.94,0.0,74.77,EUR,delivered
O0001227,DE-202309-91158,C000393,S00005,P000175,2024-08-06T15:05:05,3,100.86,302.58,0.0,57.49,0.0,360.07,EUR,delivered
O0001228,DE-202309-91158,C000393,S00005,P000105,2024-08-06T15:05:05,1,112.15,112.15,5.61,20.24,0.0,126.78,EUR,delivered
O0001229,DE-202210-52672,C000393,S00005,P000106,2024-09-21T12:27:05,1,63.34,63.34,9.5,10.23,6.92,70.99,EUR,delivered
O0001230,DE-202210-52672,C000393,S00005,P000037,2024-09-21T12:27:05,1,12.48,12.48,0.62,2.25,0.0,14.11,EUR,delivered
O0001231,UK-202207-49278,C000504,S00019,P000071,2025-11-14T14:22:17,1,51.68,51.68,5.17,9.3,0.0,55.81,EUR,delivered
O0001232,UK-202207-49278,C000504,S00019,P000230,2025-11-14T14:22:17,1,85.22,85.22,8.52,15.34,0.0,92.04,EUR,delivered
O0001233,UK-202207-49278,C000504,S00019,P000049,2025-11-14T14:22:17,3,272.62,817.86,0.0,163.57,0.0,981.43,EUR,delivered
O0001234,NL-202205-66173,C000304,S00009,P000006,2025-10-24T13:06:32,3,389.83,1169.49,0.0,245.59,0.0,1415.08,EUR,delivered
O0001235,NL-202205-66173,C000304,S00009,P000022,2025-10-24T13:06:32,2,50.2,100.4,0.0,21.08,0.0,121.48,EUR,delivered
O0001236,NL-202505-44944,C000304,S00010,P000197,2025-12-07T10:14:17,2,104.05,208.1,0.0,43.7,6.29,258.09,EUR,delivered
O0001237,NL-202203-57046,C000304,S00010,P000104,2025-11-03T11:24:53,1,228.17,228.17,0.0,47.92,10.34,286.43,EUR,delivered
O0001238,NL-202203-57046,C000304,S00010,P000142,2025-11-03T11:24:53,1,161.8,161.8,24.27,28.88,9.35,175.76,EUR,delivered
O0001239,NL-202203-57046,C000304,S00010,P000069,2025-11-03T11:24:53,1,62.03,62.03,0.0,13.03,6.81,81.87,EUR,delivered
O0001240,NL-202403-21976,C000304,S00010,P000201,2025-09-19T20:37:38,2,325.25,650.5,0.0,136.61,6.35,793.46,EUR,delivered
O0001241,NL-202501-49940,C000304,S00010,P000127,2025-12-02T19:06:18,3,410.4,1231.2,0.0,258.55,4.45,1494.2,EUR,delivered
O0001242,CH-202502-81071,C000020,S00018,P000103,2025-12-27T13:56:26,1,69.49,69.49,0.0,5.56,6.09,81.14,EUR,delivered
O0001243,CH-202206-96392,C000020,S00018,P000143,2025-05-30T13:52:33,1,102.63,102.63,5.13,7.8,9.18,114.48,EUR,delivered
O0001244,CH-202206-96392,C000020,S00018,P000236,2025-05-30T13:52:33,1,77.03,77.03,0.0,6.16,4.36,87.55,EUR,delivered
O0001245,CH-202511-83675,C000020,S00018,P000107,2025-06-05T11:23:26,1,137.29,137.29,0.0,10.98,12.22,160.49,EUR,delivered
O0001246,CH-202511-83675,C000020,S00018,P000085,2025-06-05T11:23:26,2,641.21,1282.42,0.0,102.59,8.34,1393.35,EUR,delivered
O0001247,NL-202511-37654,C000648,S00009,P000234,2024-02-11T20:56:57,1,15.27,15.27,0.0,3.21,7.55,26.03,EUR,delivered
O0001248,IT-202402-90518,C000177,S00007,P000126,2023-12-20T18:32:27,1,345.36,345.36,34.54,68.38,0.0,379.2,EUR,delivered
O0001249,SE-202310-64356,C000341,S00015,P000219,2025-05-31T10:44:32,1,267.6,267.6,13.38,63.56,0.0,317.78,EUR,delivered
O0001250,SE-202310-64356,C000341,S00015,P000127,2025-05-31T10:44:32,10,414.38,4143.8,0.0,1035.95,4.5,5184.25,EUR,delivered
O0001251,SE-202303-25459,C000341,S00016,P000020,2024-06-03T16:27:48,2,108.06,216.12,0.0,54.03,5.84,275.99,EUR,delivered
O0001252,SE-202303-25459,C000341,S00016,P000218,2024-06-03T16:27:48,3,136.94,410.82,0.0,102.71,5.46,518.99,EUR,delivered
O0001253,FR-202208-35120,C000189,S00003,P000234,2025-12-24T09:43:36,1,15.61,15.61,1.56,2.81,0.0,16.86,EUR,delivered
O0001254,FR-202208-35120,C000189,S00003,P000123,2025-12-24T09:43:36,3,155.09,465.27,0.0,93.05,3.02,561.34,EUR,delivered
O0001255,FR-202208-35120,C000189,S00003,P000141,2025-12-24T09:43:36,1,65.66,65.66,0.0,13.13,0.0,78.79,EUR,delivered
O0001256,FR-202403-13959,C000759,S00003,P000022,2024-12-31T18:42:15,5,54.86,274.3,0.0,54.86,0.0,329.16,EUR,delivered
O0001257,FR-202403-13959,C000759,S00003,P000194,2024-12-31T18:42:15,2,97.17,194.34,0.0,38.87,0.0,233.21,EUR,delivered
O0001258,FR-202403-13959,C000759,S00003,P000241,2024-12-31T18:42:15,1,570.91,570.91,0.0,114.18,5.19,690.28,EUR,delivered
O0001259,FR-202403-13959,C000759,S00003,P000075,2024-12-31T18:42:15,1,107.3,107.3,0.0,21.46,0.0,128.76,EUR,delivered
O0001260,FR-202404-83585,C000762,S00004,P000220,2025-04-09T20:03:44,2,38.81,77.62,0.0,15.52,8.84,101.98,EUR,delivered
O0001261,FR-202508-75797,C000762,S00003,P000029,2024-10-22T18:17:42,3,147.8,443.4,44.34,79.81,7.6,486.47,EUR,delivered
O0001262,AT-202207-95261,C000462,S00002,P000129,2025-11-25T18:09:57,1,315.43,315.43,0.0,63.09,12.42,390.94,EUR,delivered
O0001263,AT-202207-95261,C000462,S00002,P000082,2025-11-25T18:09:57,5,290.07,1450.35,0.0,290.07,8.01,1748.43,EUR,delivered
O0001264,AT-202207-95261,C000462,S00002,P000049,2025-11-25T18:09:57,1,264.83,264.83,0.0,52.97,4.27,322.07,EUR,delivered
O0001265,AT-202208-30884,C000462,S00002,P000220,2024-10-30T17:26:35,1,36.27,36.27,0.0,7.25,10.76,54.28,EUR,delivered
O0001266,UK-202211-12521,C000226,S00020,P000046,2024-03-11T18:37:21,1,73.95,73.95,7.4,13.31,10.16,90.02,EUR,delivered
O0001267,UK-202211-12521,C000226,S00020,P000163,2024-03-11T18:37:21,2,310.05,620.1,0.0,124.02,4.98,749.1,EUR,delivered
O0001268,UK-202211-12521,C000226,S00020,P000159,2024-03-11T18:37:21,2,91.8,183.6,0.0,36.72,9.01,229.33,EUR,delivered
O0001269,UK-202211-12521,C000226,S00020,P000022,2024-03-11T18:37:21,1,56.85,56.85,0.0,11.37,5.07,73.29,EUR,delivered
O0001270,UK-202211-32967,C000226,S00020,P000202,2024-11-19T12:17:17,1,140.18,140.18,7.01,26.63,7.0,166.8,EUR,delivered
O0001271,UK-202501-20646,C000226,S00019,P000036,2024-12-29T12:51:42,1,111.11,111.11,0.0,22.22,3.77,137.1,EUR,delivered
O0001272,UK-202501-20646,C000226,S00019,P000041,2024-12-29T12:51:42,1,107.45,107.45,0.0,21.49,0.0,128.94,EUR,delivered
O0001273,UK-202501-20646,C000226,S00019,P000221,2024-12-29T12:51:42,1,106.94,106.94,10.69,19.25,3.28,118.78,EUR,delivered
O0001274,UK-202511-68832,C000226,S00019,P000213,2025-11-06T12:15:24,3,162.13,486.39,0.0,97.28,0.0,583.67,EUR,delivered
O0001275,UK-202505-75697,C000226,S00019,P000069,2024-05-11T15:50:23,1,60.48,60.48,6.05,10.89,5.72,71.04,EUR,delivered
O0001276,UK-202505-75697,C000226,S00019,P000005,2024-05-11T15:50:23,1,276.61,276.61,0.0,55.32,4.23,336.16,EUR,delivered
O0001277,UK-202505-75697,C000226,S00019,P000059,2024-05-11T15:50:23,1,324.95,324.95,0.0,64.99,0.0,389.94,EUR,delivered
O0001278,UK-202303-40254,C000226,S00020,P000243,2023-10-17T20:29:38,1,41.31,41.31,0.0,8.26,8.35,57.92,EUR,delivered
O0001279,UK-202303-40254,C000226,S00020,P000102,2023-10-17T20:29:38,4,72.65,290.6,29.06,52.31,5.2,319.05,EUR,delivered
O0001280,UK-202303-40254,C000226,S00020,P000147,2023-10-17T20:29:38,1,193.9,193.9,0.0,38.78,7.47,240.15,EUR,delivered
O0001281,UK-202307-83882,C000226,S00019,P000143,2023-10-20T14:04:29,2,104.45,208.9,20.89,37.6,0.0,225.61,EUR,delivered
O0001282,UK-202307-83882,C000226,S00019,P000102,2023-10-20T14:04:29,3,69.49,208.47,10.42,39.61,6.66,244.32,EUR,delivered
O0001283,UK-202307-83882,C000226,S00019,P000047,2023-10-20T14:04:29,1,152.88,152.88,0.0,30.58,0.0,183.46,EUR,delivered
O0001284,UK-202307-83882,C000226,S00019,P000086,2023-10-20T14:04:29,5,161.45,807.25,0.0,161.45,0.0,968.7,EUR,delivered
O0001285,UK-202306-66862,C000226,S00019,P000238,2022-11-07T12:33:11,3,329.09,987.27,49.36,187.58,0.0,1125.49,EUR,delivered
O0001286,UK-202310-79190,C000226,S00019,P000226,2022-10-20T10:25:00,1,73.92,73.92,11.09,12.57,7.64,83.04,EUR,delivered
O0001287,UK-202310-18826,C000226,S00020,P000141,2024-11-20T08:55:18,1,59.64,59.64,2.98,11.33,8.45,76.44,EUR,delivered
O0001288,UK-202310-18826,C000226,S00020,P000054,2024-11-20T08:55:18,1,111.02,111.02,0.0,22.2,5.18,138.4,EUR,delivered
O0001289,UK-202511-52890,C000226,S00020,P000229,2022-12-04T20:42:44,1,34.17,34.17,1.71,6.49,4.49,43.44,EUR,delivered
O0001290,UK-202304-54149,C000226,S00019,P000201,2024-06-06T15:27:27,1,361.09,361.09,0.0,72.22,5.83,439.14,EUR,delivered
O0001291,UK-202304-54149,C000226,S00019,P000157,2024-06-06T15:27:27,5,166.28,831.4,83.14,149.65,3.16,901.07,EUR,delivered
O0001292,UK-202407-79985,C000226,S00019,P000001,2022-08-14T18:23:15,1,219.72,219.72,0.0,43.94,0.0,263.66,EUR,delivered
O0001293,UK-202407-79985,C000226,S00019,P000155,2022-08-14T18:23:15,1,139.91,139.91,7.0,26.58,7.81,167.3,EUR,delivered
O0001294,ES-202401-50582,C000021,S00013,P000242,2024-08-22T09:45:10,2,38.12,76.24,0.0,16.01,3.47,95.72,EUR,delivered
O0001295,ES-202208-74250,C000021,S00014,P000105,2024-12-20T09:31:22,2,113.04,226.08,0.0,47.48,4.39,277.95,EUR,delivered
O0001296,AT-202410-86523,C000374,S00001,P000047,2023-11-06T15:12:13,3,165.73,497.19,0.0,99.44,4.42,601.05,EUR,delivered
O0001297,AT-202410-86523,C000374,S00001,P000184,2023-11-06T15:12:13,2,46.29,92.58,0.0,18.52,0.0,111.1,EUR,delivered
O0001298,AT-202503-39555,C000374,S00002,P000080,2025-11-20T08:44:53,2,255.27,510.54,0.0,102.11,12.79,625.44,EUR,delivered
O0001299,AT-202503-39555,C000374,S00002,P000196,2025-11-20T08:44:53,2,67.03,134.06,20.11,22.79,4.8,141.54,EUR,delivered
O0001300,SE-202311-31818,C000555,S00016,P000205,2025-07-01T14:12:16,2,27.61,55.22,0.0,13.81,7.11,76.14,EUR,delivered
O0001301,SE-202212-22509,C000282,S00016,P000091,2023-10-08T19:51:39,2,46.38,92.76,0.0,23.19,9.81,125.76,EUR,delivered
O0001302,SE-202501-16629,C000282,S00016,P000225,2024-10-02T20:00:45,1,34.21,34.21,0.0,8.55,10.84,53.6,EUR,delivered
O0001303,IT-202303-20673,C000361,S00007,P000236,2024-04-02T14:25:49,2,70.91,141.82,0.0,31.2,5.76,178.78,EUR,delivered
O0001304,IT-202411-12757,C000361,S00008,P000176,2024-12-18T10:25:20,1,33.55,33.55,0.0,7.38,7.93,48.86,EUR,delivered
O0001305,DE-202304-41028,C000081,S00006,P000117,2023-08-19T08:59:12,1,292.35,292.35,29.24,49.99,10.85,323.95,EUR,delivered
O0001306,DE-202304-41028,C000081,S00006,P000064,2023-08-19T08:59:12,3,85.68,257.04,0.0,48.84,12.67,318.55,EUR,delivered
O0001307,DE-202501-88195,C000081,S00005,P000023,2025-12-21T19:07:38,3,172.96,518.88,77.83,83.8,3.38,528.23,EUR,delivered
O0001308,DE-202501-88195,C000081,S00005,P000211,2025-12-21T19:07:38,1,249.1,249.1,0.0,47.33,0.0,296.43,EUR,delivered
O0001309,PL-202202-53946,C000115,S00012,P000059,2023-11-10T08:21:10,2,282.49,564.98,84.75,110.45,11.18,601.86,EUR,delivered
O0001310,PL-202202-53946,C000115,S00012,P000166,2023-11-10T08:21:10,2,213.81,427.62,0.0,98.35,6.02,531.99,EUR,delivered
O0001311,PL-202202-53946,C000115,S00012,P000028,2023-11-10T08:21:10,3,95.61,286.83,0.0,65.97,12.56,365.36,EUR,delivered
O0001312,PL-202412-46505,C000115,S00012,P000225,2025-01-22T20:03:55,4,37.59,150.36,0.0,34.58,10.75,195.69,EUR,delivered
O0001313,PL-202412-46505,C000115,S00012,P000194,2025-01-22T20:03:55,1,99.16,99.16,9.92,20.53,9.14,118.91,EUR,delivered
O0001314,IT-202310-45690,C000137,S00008,P000061,2025-12-17T14:08:55,2,87.84,175.68,17.57,34.78,7.26,200.15,EUR,delivered
O0001315,NL-202203-60379,C000406,S00009,P000228,2024-05-06T10:23:31,1,627.41,627.41,62.74,118.58,0.0,683.25,EUR,delivered
O0001316,NL-202203-60379,C000406,S00009,P000002,2024-05-06T10:23:31,1,65.09,65.09,0.0,13.67,4.84,83.6,EUR,delivered
O0001317,NL-202312-79586,C000406,S00009,P000148,2025-02-18T12:53:00,1,144.58,144.58,0.0,30.36,0.0,174.94,EUR,delivered
O0001318,NL-202312-79586,C000406,S00009,P000003,2025-02-18T12:53:00,3,131.81,395.43,0.0,83.04,0.0,478.47,EUR,delivered
O0001319,PL-202210-44379,C000333,S00012,P000117,2025-10-14T20:29:48,2,263.71,527.42,0.0,121.31,9.83,658.56,EUR,delivered
O0001320,PL-202307-15460,C000756,S00011,P000116,2024-12-29T14:02:08,4,112.42,449.68,0.0,103.43,0.0,553.11,EUR,delivered
O0001321,PL-202307-15460,C000756,S00011,P000230,2024-12-29T14:02:08,2,92.27,184.54,0.0,42.44,0.0,226.98,EUR,delivered
O0001322,PL-202307-15460,C000756,S00011,P000238,2024-12-29T14:02:08,2,315.24,630.48,31.52,137.76,4.12,740.84,EUR,delivered
O0001323,SE-202202-83064,C000473,S00015,P000159,2025-10-10T19:35:38,1,90.04,90.04,9.0,20.26,0.0,101.3,EUR,delivered
O0001324,SE-202407-63234,C000473,S00015,P000155,2025-09-23T18:23:09,1,138.71,138.71,0.0,34.68,0.0,173.39,EUR,delivered
O0001325,ES-202502-65050,C000058,S00013,P000218,2025-02-07T08:28:00,1,130.04,130.04,13.0,24.58,0.0,141.62,EUR,delivered
O0001326,ES-202306-18242,C000058,S00014,P000017,2024-11-21T09:23:12,2,70.87,141.74,0.0,29.77,11.27,182.78,EUR,delivered
O0001327,ES-202306-18242,C000058,S00014,P000056,2024-11-21T09:23:12,1,130.63,130.63,0.0,27.43,9.14,167.2,EUR,delivered
O0001328,IT-202403-33493,C000185,S00008,P000142,2023-06-02T11:37:20,1,171.58,171.58,0.0,37.75,10.7,220.03,EUR,delivered
O0001329,IT-202302-99130,C000185,S00008,P000115,2025-12-02T15:37:03,2,631.44,1262.88,63.14,263.94,12.38,1476.06,EUR,delivered
O0001330,IT-202507-49366,C000185,S00008,P000057,2023-11-16T13:24:56,3,69.93,209.79,0.0,46.15,9.63,265.57,EUR,delivered
O0001331,ES-202507-81688,C000227,S00013,P000249,2025-06-16T08:49:11,1,418.51,418.51,41.85,79.1,3.49,459.25,EUR,delivered
O0001332,ES-202507-81688,C000227,S00013,P000175,2025-06-16T08:49:11,1,93.87,93.87,0.0,19.71,0.0,113.58,EUR,delivered
O0001333,ES-202507-81688,C000227,S00013,P000213,2025-06-16T08:49:11,1,176.06,176.06,0.0,36.97,6.48,219.51,EUR,delivered
O0001334,ES-202507-81688,C000227,S00013,P000202,2025-06-16T08:49:11,1,140.85,140.85,0.0,29.58,5.01,175.44,EUR,delivered
O0001335,ES-202401-34385,C000227,S00013,P000226,2024-07-23T10:52:25,2,75.6,151.2,0.0,31.75,0.0,182.95,EUR,delivered
O0001336,ES-202401-34385,C000227,S00013,P000115,2024-07-23T10:52:25,1,649.97,649.97,0.0,136.49,7.33,793.79,EUR,delivered
O0001337,ES-202401-34385,C000227,S00013,P000155,2024-07-23T10:52:25,2,125.19,250.38,0.0,52.58,0.0,302.96,EUR,delivered
O0001338,FR-202205-10017,C000659,S00003,P000069,2025-11-01T11:48:51,1,62.82,62.82,0.0,12.56,0.0,75.38,EUR,delivered
O0001339,FR-202310-11191,C000659,S00004,P000086,2025-12-04T09:21:53,3,149.18,447.54,44.75,80.56,6.9,490.25,EUR,delivered
O0001340,CH-202204-82235,C000446,S00017,P000247,2023-07-22T19:53:25,2,170.53,341.06,0.0,27.28,7.56,375.9,EUR,delivered
O0001341,CH-202204-82235,C000446,S00017,P000053,2023-07-22T19:53:25,1,676.13,676.13,0.0,54.09,5.06,735.28,EUR,delivered
O0001342,CH-202204-82235,C000446,S00017,P000039,2023-07-22T19:53:25,2,434.74,869.48,0.0,69.56,0.0,939.04,EUR,delivered
O0001343,PL-202412-72671,C000603,S00011,P000201,2024-12-12T16:23:03,1,330.11,330.11,0.0,75.93,3.67,409.71,EUR,delivered
O0001344,PL-202402-14927,C000603,S00012,P000170,2025-11-02T10:57:31,3,166.61,499.83,24.99,109.21,8.55,592.6,EUR,delivered
O0001345,PL-202508-65082,C000603,S00011,P000040,2025-08-22T08:53:59,3,108.0,324.0,0.0,74.52,6.3,404.82,EUR,delivered
O0001346,UK-202411-62892,C000448,S00020,P000149,2025-11-24T12:36:28,2,116.42,232.84,0.0,46.57,5.95,285.36,EUR,delivered
O0001347,UK-202512-85276,C000448,S00020,P000107,2025-12-05T12:38:58,2,129.29,258.58,0.0,51.72,11.79,322.09,EUR,delivered
O0001348,UK-202512-85276,C000448,S00020,P000148,2025-12-05T12:38:58,2,162.68,325.36,0.0,65.07,11.4,401.83,EUR,delivered
O0001349,UK-202505-38374,C000402,S00019,P000033,2025-08-07T17:16:57,1,109.62,109.62,5.48,20.83,7.02,131.99,EUR,delivered
O0001350,UK-202211-23674,C000402,S00020,P000176,2024-10-26T13:14:16,1,31.36,31.36,1.57,5.96,12.88,48.63,EUR,delivered
O0001351,FR-202303-35311,C000290,S00004,P000115,2025-10-26T18:10:21,1,608.6,608.6,60.86,109.55,10.96,668.25,EUR,delivered
O0001352,FR-202303-36873,C000290,S00004,P000137,2025-12-02T18:30:03,3,128.64,385.92,0.0,77.18,7.45,470.55,EUR,delivered
O0001353,FR-202212-36205,C000290,S00004,P000144,2025-12-03T14:19:29,3,141.63,424.89,0.0,84.98,10.11,519.98,EUR,delivered
O0001354,FR-202212-36205,C000290,S00004,P000135,2025-12-03T14:19:29,1,199.26,199.26,0.0,39.85,9.1,248.21,EUR,delivered
O0001355,FR-202504-98902,C000290,S00003,P000030,2025-12-16T15:09:12,3,673.32,2019.96,202.0,363.59,0.0,2181.55,EUR,delivered
O0001356,FR-202507-27355,C000290,S00003,P000173,2025-10-27T13:57:20,1,349.4,349.4,34.94,62.89,4.6,381.95,EUR,delivered
O0001357,FR-202507-27355,C000290,S00003,P000101,2025-10-27T13:57:20,2,42.3,84.6,0.0,16.92,0.0,101.52,EUR,delivered
O0001358,FR-202305-71637,C000290,S00004,P000131,2025-07-26T08:24:33,3,95.27,285.81,0.0,57.16,4.51,347.48,EUR,delivered
O0001359,FR-202305-71637,C000290,S00004,P000204,2025-07-26T08:24:33,1,197.81,197.81,0.0,39.56,4.95,242.32,EUR,delivered
O0001360,FR-202305-49654,C000290,S00004,P000002,2025-12-08T17:39:30,1,65.19,65.19,0.0,13.04,7.82,86.05,EUR,delivered
O0001361,FR-202305-49654,C000290,S00004,P000202,2025-12-08T17:39:30,1,131.38,131.38,0.0,26.28,8.22,165.88,EUR,delivered
O0001362,FR-202305-49654,C000290,S00004,P000210,2025-12-08T17:39:30,1,36.48,36.48,0.0,7.3,6.2,49.98,EUR,delivered
O0001363,FR-202301-91554,C000290,S00004,P000043,2025-09-04T11:32:41,2,206.19,412.38,0.0,82.48,9.49,504.35,EUR,delivered
O0001364,FR-202301-89785,C000290,S00004,P000108,2025-09-02T18:37:00,2,101.28,202.56,20.26,36.46,12.26,231.02,EUR,delivered
O0001365,FR-202301-89785,C000290,S00004,P000017,2025-09-02T18:37:00,3,70.12,210.36,0.0,42.07,6.44,258.87,EUR,delivered
O0001366,NL-202309-45222,C000269,S00009,P000079,2024-12-15T17:17:33,1,59.89,59.89,2.99,11.95,0.0,68.85,EUR,delivered
O0001367,NL-202505-76773,C000269,S00009,P000170,2024-12-14T18:40:14,2,170.59,341.18,0.0,71.65,0.0,412.83,EUR,delivered
O0001368,NL-202505-76773,C000269,S00009,P000224,2024-12-14T18:40:14,5,198.26,991.3,49.57,197.76,0.0,1139.49,EUR,delivered
O0001369,UK-202311-15805,C000375,S00019,P000131,2023-08-19T16:38:48,2,95.48,190.96,0.0,38.19,3.76,232.91,EUR,delivered
O0001370,UK-202302-83861,C000375,S00020,P000153,2023-12-30T12:34:27,1,157.48,157.48,0.0,31.5,7.82,196.8,EUR,delivered
O0001371,UK-202302-83861,C000375,S00020,P000240,2023-12-30T12:34:27,1,464.11,464.11,0.0,92.82,5.42,562.35,EUR,delivered
O0001372,UK-202209-78417,C000375,S00019,P000129,2023-08-04T18:33:55,4,318.54,1274.16,0.0,254.83,0.0,1528.99,EUR,delivered
O0001373,ES-202303-66277,C000574,S00013,P000069,2025-11-24T16:24:45,3,56.78,170.34,0.0,35.77,0.0,206.11,EUR,delivered
O0001374,ES-202303-66277,C000574,S00013,P000115,2025-11-24T16:24:45,5,580.54,2902.7,0.0,609.57,0.0,3512.27,EUR,delivered
O0001375,UK-202311-94179,C000267,S00019,P000192,2025-11-03T20:33:59,1,94.37,94.37,0.0,18.87,0.0,113.24,EUR,delivered
O0001376,UK-202311-94179,C000267,S00019,P000117,2025-11-03T20:33:59,1,267.15,267.15,0.0,53.43,0.0,320.58,EUR,delivered
O0001377,UK-202311-94179,C000267,S00019,P000126,2025-11-03T20:33:59,1,336.08,336.08,0.0,67.22,0.0,403.3,EUR,delivered
O0001378,UK-202304-95690,C000267,S00020,P000223,2025-11-19T16:37:01,1,122.44,122.44,6.12,23.26,7.85,147.43,EUR,delivered
O0001379,UK-202304-95690,C000267,S00020,P000056,2025-11-19T16:37:01,3,148.3,444.9,22.25,84.53,9.64,516.82,EUR,delivered
O0001380,UK-202304-95690,C000267,S00020,P000171,2025-11-19T16:37:01,1,46.07,46.07,0.0,9.21,11.28,66.56,EUR,delivered
O0001381,UK-202304-95690,C000267,S00020,P000144,2025-11-19T16:37:01,5,148.63,743.15,37.16,141.2,4.63,851.82,EUR,delivered
O0001382,UK-202507-75064,C000267,S00020,P000137,2025-11-08T16:04:52,1,131.67,131.67,0.0,26.33,7.16,165.16,EUR,delivered
O0001383,UK-202507-75064,C000267,S00020,P000157,2025-11-08T16:04:52,1,159.35,159.35,0.0,31.87,9.22,200.44,EUR,delivered
O0001384,UK-202507-75064,C000267,S00020,P000010,2025-11-08T16:04:52,1,50.79,50.79,2.54,9.65,9.63,67.53,EUR,delivered
O0001385,UK-202307-82080,C000267,S00019,P000006,2025-11-24T16:28:26,1,354.33,354.33,0.0,70.87,0.0,425.2,EUR,delivered
O0001386,UK-202310-62317,C000267,S00019,P000159,2025-10-18T18:50:42,1,98.57,98.57,0.0,19.71,0.0,118.28,EUR,delivered
O0001387,UK-202310-62317,C000267,S00019,P000084,2025-10-18T18:50:42,2,62.79,125.58,0.0,25.12,0.0,150.7,EUR,delivered
O0001388,UK-202209-27539,C000267,S00019,P000191,2025-12-26T08:58:25,5,118.02,590.1,0.0,118.02,0.0,708.12,EUR,delivered
O0001389,UK-202304-73051,C000267,S00019,P000055,2025-12-14T14:35:38,4,39.09,156.36,0.0,31.27,7.6,195.23,EUR,delivered
O0001390,UK-202304-73051,C000267,S00019,P000228,2025-12-14T14:35:38,1,655.18,655.18,0.0,131.04,0.0,786.22,EUR,delivered
O0001391,UK-202304-73051,C000267,S00019,P000129,2025-12-14T14:35:38,1,334.6,334.6,0.0,66.92,4.12,405.64,EUR,delivered
O0001392,UK-202306-56440,C000267,S00020,P000043,2025-12-16T15:15:47,3,224.62,673.86,0.0,134.77,6.9,815.53,EUR,delivered
O0001393,UK-202411-15597,C000267,S00020,P000132,2025-12-13T08:22:08,2,161.48,322.96,0.0,64.59,10.39,397.94,EUR,delivered
O0001394,UK-202411-15597,C000267,S00020,P000156,2025-12-13T08:22:08,1,196.93,196.93,0.0,39.39,8.57,244.89,EUR,delivered
O0001395,UK-202302-20007,C000267,S00020,P000026,2025-11-05T15:03:41,2,862.24,1724.48,0.0,344.9,7.6,2076.98,EUR,delivered
O0001396,UK-202302-20007,C000267,S00020,P000038,2025-11-05T15:03:41,10,105.95,1059.5,0.0,211.9,7.53,1278.93,EUR,delivered
O0001397,UK-202302-20007,C000267,S00020,P000056,2025-11-05T15:03:41,4,140.98,563.92,0.0,112.78,4.33,681.03,EUR,delivered
O0001398,UK-202508-90990,C000267,S00020,P000203,2025-11-15T10:14:40,1,14.88,14.88,0.0,2.98,6.63,24.49,EUR,delivered
O0001399,UK-202508-90990,C000267,S00020,P000158,2025-11-15T10:14:40,4,272.12,1088.48,54.42,206.81,7.8,1248.67,EUR,delivered
O0001400,UK-202508-90990,C000267,S00020,P000089,2025-11-15T10:14:40,3,178.32,534.96,26.75,101.64,4.59,614.44,EUR,delivered
O0001401,UK-202508-90990,C000267,S00020,P000129,2025-11-15T10:14:40,1,320.04,320.04,0.0,64.01,5.96,390.01,EUR,delivered
O0001402,CH-202509-96757,C000395,S00017,P000040,2023-09-13T15:23:28,2,115.22,230.44,0.0,18.44,0.0,248.88,EUR,delivered
O0001403,CH-202509-96757,C000395,S00017,P000229,2023-09-13T15:23:28,5,33.21,166.05,0.0,13.28,0.0,179.33,EUR,delivered
O0001404,CH-202206-83296,C000395,S00018,P000074,2023-12-18T10:52:14,1,337.85,337.85,0.0,27.03,8.94,373.82,EUR,delivered
O0001405,CH-202409-42432,C000395,S00018,P000200,2023-02-07T15:58:13,3,11.25,33.75,0.0,2.7,10.53,46.98,EUR,delivered
O0001406,ES-202412-92862,C000796,S00014,P000187,2025-02-25T09:58:40,2,20.63,41.26,0.0,8.66,7.02,56.94,EUR,delivered
O0001407,ES-202412-92862,C000796,S00014,P000232,2025-02-25T09:58:40,4,909.87,3639.48,0.0,764.29,9.97,4413.74,EUR,delivered
O0001408,ES-202510-82327,C000796,S00013,P000192,2025-11-30T12:57:06,3,102.37,307.11,0.0,64.49,6.52,378.12,EUR,delivered
O0001409,PL-202409-36659,C000438,S00012,P000216,2024-12-17T19:08:37,2,39.93,79.86,0.0,18.37,12.4,110.63,EUR,delivered
O0001410,PL-202409-36659,C000438,S00012,P000135,2024-12-17T19:08:37,3,191.45,574.35,57.44,118.89,7.12,642.92,EUR,delivered
O0001411,PL-202409-36659,C000438,S00012,P000071,2024-12-17T19:08:37,4,48.16,192.64,9.63,42.09,9.26,234.36,EUR,delivered
O0001412,PL-202302-83115,C000438,S00011,P000248,2025-01-19T15:07:38,4,75.74,302.96,45.44,59.23,7.57,324.32,EUR,delivered
O0001413,PL-202302-83115,C000438,S00011,P000103,2025-01-19T15:07:38,1,70.86,70.86,7.09,14.67,0.0,78.44,EUR,delivered
O0001414,PL-202303-99135,C000438,S00011,P000051,2025-06-30T16:02:04,1,14.04,14.04,0.0,3.23,3.46,20.73,EUR,delivered
O0001415,PL-202303-99135,C000438,S00011,P000109,2025-06-30T16:02:04,3,116.85,350.55,0.0,80.63,0.0,431.18,EUR,delivered
O0001416,PL-202303-99135,C000438,S00011,P000106,2025-06-30T16:02:04,1,66.37,66.37,0.0,15.27,0.0,81.64,EUR,delivered
O0001417,PL-202304-42153,C000438,S00012,P000076,2025-02-24T14:58:23,3,301.56,904.68,0.0,208.08,8.94,1121.7,EUR,delivered
O0001418,PL-202308-26808,C000438,S00012,P000228,2024-09-02T17:50:48,1,685.9,685.9,0.0,157.76,9.23,852.89,EUR,delivered
O0001419,PL-202311-33947,C000438,S00012,P000012,2025-03-21T12:51:05,1,53.42,53.42,2.67,11.67,11.32,73.74,EUR,delivered
O0001420,PL-202401-33448,C000438,S00012,P000243,2024-09-12T19:13:53,1,41.1,41.1,0.0,9.45,5.62,56.17,EUR,delivered
O0001421,PL-202401-33448,C000438,S00012,P000196,2024-09-12T19:13:53,4,60.92,243.68,0.0,56.05,8.21,307.94,EUR,delivered
O0001422,PL-202401-33448,C000438,S00012,P000233,2024-09-12T19:13:53,1,14.55,14.55,0.0,3.35,7.24,25.14,EUR,delivered
O0001423,PL-202512-20969,C000438,S00012,P000023,2025-04-19T17:53:12,1,176.94,176.94,0.0,40.7,8.64,226.28,EUR,delivered
O0001424,PL-202404-18326,C000438,S00011,P000110,2024-09-16T08:37:20,2,59.16,118.32,0.0,27.21,0.0,145.53,EUR,delivered
O0001425,UK-202409-16763,C000656,S00019,P000051,2025-05-17T16:30:15,1,13.32,13.32,0.0,2.66,0.0,15.98,EUR,delivered
O0001426,UK-202509-64074,C000656,S00019,P000020,2023-12-13T20:00:31,2,111.22,222.44,0.0,44.49,0.0,266.93,EUR,delivered
O0001427,UK-202509-64074,C000656,S00019,P000114,2023-12-13T20:00:31,1,793.45,793.45,0.0,158.69,0.0,952.14,EUR,delivered
O0001428,UK-202509-64074,C000656,S00019,P000012,2023-12-13T20:00:31,2,46.75,93.5,9.35,16.83,6.27,107.25,EUR,delivered
O0001429,DE-202312-19450,C000672,S00006,P000013,2024-12-17T19:12:00,1,124.64,124.64,0.0,23.68,11.86,160.18,EUR,delivered
O0001430,DE-202412-12472,C000672,S00006,P000039,2024-12-08T19:06:06,1,420.5,420.5,0.0,79.9,4.67,505.07,EUR,delivered
O0001431,ES-202412-87178,C000328,S00013,P000214,2025-06-24T14:27:57,1,125.61,125.61,12.56,23.74,0.0,136.79,EUR,delivered
O0001432,ES-202206-40422,C000328,S00013,P000008,2025-11-25T08:23:24,5,38.19,190.95,9.55,38.09,3.56,223.05,EUR,delivered
O0001433,FR-202305-80016,C000233,S00004,P000091,2024-07-01T09:12:14,4,46.38,185.52,0.0,37.1,6.18,228.8,EUR,delivered
O0001434,FR-202305-80016,C000233,S00004,P000130,2024-07-01T09:12:14,2,50.47,100.94,10.09,18.17,10.1,119.12,EUR,delivered
O0001435,FR-202403-38387,C000233,S00004,P000111,2024-12-25T12:49:51,2,658.89,1317.78,0.0,263.56,7.86,1589.2,EUR,delivered
O0001436,FR-202305-32789,C000233,S00003,P000169,2025-12-16T11:27:48,3,881.22,2643.66,132.18,502.3,0.0,3013.78,EUR,delivered
O0001437,FR-202305-32789,C000233,S00003,P000157,2025-12-16T11:27:48,2,151.57,303.14,0.0,60.63,0.0,363.77,EUR,delivered
O0001438,FR-202502-53857,C000233,S00003,P000213,2025-12-26T14:23:52,1,173.84,173.84,0.0,34.77,0.0,208.61,EUR,delivered
O0001439,FR-202311-76964,C000233,S00003,P000197,2025-12-05T14:19:06,1,100.02,100.02,10.0,18.0,3.79,111.81,EUR,delivered
O0001440,FR-202505-61617,C000233,S00004,P000174,2025-05-31T13:13:35,1,147.49,147.49,7.37,28.02,8.95,177.09,EUR,delivered
O0001441,FR-202505-61617,C000233,S00004,P000233,2025-05-31T13:13:35,1,14.59,14.59,0.0,2.92,11.89,29.4,EUR,delivered
O0001442,FR-202508-87645,C000233,S00003,P000218,2024-04-03T15:05:10,1,125.48,125.48,0.0,25.1,4.61,155.19,EUR,delivered
O0001443,FR-202508-87645,C000233,S00003,P000176,2024-04-03T15:05:10,1,32.37,32.37,0.0,6.47,0.0,38.84,EUR,delivered
O0001444,FR-202504-97655,C000233,S00003,P000142,2025-09-29T14:46:34,2,167.84,335.68,0.0,67.14,5.72,408.54,EUR,delivered
O0001445,FR-202207-22606,C000233,S00004,P000197,2025-05-28T16:05:06,2,107.15,214.3,0.0,42.86,6.19,263.35,EUR,delivered
O0001446,PL-202504-72126,C000676,S00011,P000002,2025-05-11T19:10:49,1,65.96,65.96,0.0,15.17,5.77,86.9,EUR,delivered
O0001447,PL-202504-72126,C000676,S00011,P000024,2025-05-11T19:10:49,1,161.65,161.65,0.0,37.18,0.0,198.83,EUR,delivered
O0001448,PL-202504-72126,C000676,S00011,P000135,2025-05-11T19:10:49,5,207.97,1039.85,0.0,239.17,0.0,1279.02,EUR,delivered
O0001449,PL-202408-62017,C000676,S00011,P000159,2025-11-13T10:47:37,1,99.12,99.12,0.0,22.8,0.0,121.92,EUR,delivered
O0001450,PL-202408-62017,C000676,S00011,P000097,2025-11-13T10:47:37,1,350.09,350.09,35.01,72.47,0.0,387.55,EUR,delivered
O0001451,PL-202408-62017,C000676,S00011,P000177,2025-11-13T10:47:37,3,89.07,267.21,0.0,61.46,0.0,328.67,EUR,delivered
O0001452,PL-202408-62017,C000676,S00011,P000086,2025-11-13T10:47:37,1,164.14,164.14,24.62,32.09,0.0,171.61,EUR,delivered
O0001453,IT-202512-60235,C000478,S00008,P000007,2025-03-24T17:26:28,1,158.37,158.37,0.0,34.84,7.5,200.71,EUR,delivered
O0001454,IT-202512-60235,C000478,S00008,P000172,2025-03-24T17:26:28,1,232.97,232.97,0.0,51.25,5.01,289.23,EUR,delivered
O0001455,IT-202512-60235,C000478,S00008,P000138,2025-03-24T17:26:28,2,35.83,71.66,0.0,15.77,10.57,98.0,EUR,delivered
O0001456,IT-202512-60235,C000478,S00008,P000054,2025-03-24T17:26:28,1,113.01,113.01,0.0,24.86,6.07,143.94,EUR,delivered
O0001457,IT-202404-72421,C000478,S00008,P000025,2025-08-12T11:43:17,2,619.79,1239.58,0.0,272.71,10.55,1522.84,EUR,delivered
O0001458,IT-202404-72421,C000478,S00008,P000012,2025-08-12T11:43:17,4,53.47,213.88,0.0,47.05,5.94,266.87,EUR,delivered
O0001459,NL-202205-81356,C000755,S00009,P000167,2024-05-20T12:37:41,1,63.47,63.47,3.17,12.66,7.46,80.42,EUR,delivered
O0001460,NL-202205-81356,C000755,S00009,P000021,2024-05-20T12:37:41,1,121.03,121.03,12.1,22.88,0.0,131.81,EUR,delivered
O0001461,DE-202502-62979,C000499,S00005,P000031,2025-09-05T17:02:15,3,31.46,94.38,0.0,17.93,4.64,116.95,EUR,delivered
O0001462,SE-202403-17853,C000117,S00015,P000247,2025-04-09T14:03:44,3,183.67,551.01,0.0,137.75,4.9,693.66,EUR,delivered
O0001463,SE-202403-17853,C000117,S00015,P000024,2025-04-09T14:03:44,1,162.97,162.97,0.0,40.74,3.42,207.13,EUR,delivered
O0001464,SE-202502-36644,C000117,S00015,P000250,2025-09-14T12:59:54,3,144.7,434.1,43.41,97.67,0.0,488.36,EUR,delivered
O0001465,SE-202502-36644,C000117,S00015,P000075,2025-09-14T12:59:54,2,107.83,215.66,0.0,53.92,5.29,274.87,EUR,delivered
O0001466,SE-202502-36644,C000117,S00015,P000116,2025-09-14T12:59:54,2,106.61,213.22,21.32,47.98,3.37,243.25,EUR,delivered
O0001467,UK-202307-72447,C000437,S00020,P000139,2025-01-19T14:12:38,5,175.73,878.65,0.0,175.73,6.7,1061.08,EUR,delivered
O0001468,UK-202211-59669,C000437,S00019,P000087,2025-12-31T10:15:41,3,66.92,200.76,0.0,40.15,4.08,244.99,EUR,delivered
O0001469,UK-202207-88225,C000437,S00020,P000086,2024-11-23T09:26:35,1,155.72,155.72,7.79,29.59,8.46,185.98,EUR,delivered
O0001470,UK-202402-10264,C000437,S00019,P000178,2025-01-18T15:46:51,2,496.21,992.42,0.0,198.48,0.0,1190.9,EUR,delivered
O0001471,UK-202407-61174,C000437,S00020,P000027,2025-05-31T17:14:03,10,112.69,1126.9,0.0,225.38,8.05,1360.33,EUR,delivered
O0001472,DE-202504-57922,C000272,S00006,P000182,2024-04-13T10:54:11,1,44.38,44.38,2.22,8.01,7.64,57.81,EUR,delivered
O0001473,DE-202504-57922,C000272,S00006,P000114,2024-04-13T10:54:11,1,784.68,784.68,0.0,149.09,4.19,937.96,EUR,delivered
O0001474,DE-202202-48543,C000272,S00006,P000240,2025-09-30T08:52:24,1,405.77,405.77,20.29,73.24,8.0,466.72,EUR,delivered
O0001475,DE-202202-48543,C000272,S00006,P000105,2025-09-30T08:52:24,3,114.97,344.91,0.0,65.53,9.73,420.17,EUR,delivered
O0001476,DE-202507-80974,C000272,S00005,P000135,2024-04-01T20:48:06,1,184.52,184.52,9.23,33.31,0.0,208.6,EUR,delivered
O0001477,DE-202507-80974,C000272,S00005,P000002,2024-04-01T20:48:06,3,67.77,203.31,0.0,38.63,0.0,241.94,EUR,delivered
O0001478,CH-202303-32936,C000503,S00017,P000132,2024-07-17T12:30:20,2,144.53,289.06,0.0,23.12,0.0,312.18,EUR,delivered
O0001479,CH-202303-32936,C000503,S00017,P000090,2024-07-17T12:30:20,2,334.64,669.28,0.0,53.54,0.0,722.82,EUR,delivered
O0001480,CH-202303-32936,C000503,S00017,P000152,2024-07-17T12:30:20,1,37.61,37.61,1.88,2.86,4.73,43.32,EUR,delivered
O0001481,ES-202206-35459,C000066,S00014,P000033,2025-11-16T10:49:41,2,107.76,215.52,0.0,45.26,10.29,271.07,EUR,delivered
O0001482,ES-202206-35459,C000066,S00014,P000208,2025-11-16T10:49:41,2,104.56,209.12,0.0,43.92,4.36,257.4,EUR,delivered
O0001483,ES-202509-41491,C000608,S00013,P000074,2025-12-09T08:54:04,2,333.86,667.72,33.39,133.21,0.0,767.54,EUR,delivered
O0001484,ES-202402-90381,C000608,S00014,P000165,2025-10-11T16:48:58,1,316.01,316.01,15.8,63.04,6.58,369.83,EUR,delivered
O0001485,IT-202309-14772,C000090,S00007,P000006,2025-09-01T18:35:59,1,411.12,411.12,0.0,90.45,3.11,504.68,EUR,delivered
O0001486,IT-202309-14772,C000090,S00007,P000055,2025-09-01T18:35:59,10,39.26,392.6,0.0,86.37,0.0,478.97,EUR,delivered
O0001487,IT-202302-39087,C000090,S00008,P000144,2025-12-17T11:52:46,1,143.01,143.01,0.0,31.46,7.09,181.56,EUR,delivered
O0001488,IT-202506-87641,C000090,S00008,P000225,2025-11-23T16:48:17,1,34.99,34.99,5.25,6.54,9.09,45.37,EUR,delivered
O0001489,ES-202212-49064,C000100,S00014,P000017,2025-08-30T20:34:27,1,64.55,64.55,0.0,13.56,6.09,84.2,EUR,delivered
O0001490,ES-202406-68202,C000100,S00013,P000055,2025-06-11T10:28:26,2,36.86,73.72,0.0,15.48,0.0,89.2,EUR,delivered
O0001491,ES-202306-38829,C000100,S00013,P000040,2025-06-07T15:46:25,1,108.42,108.42,0.0,22.77,7.29,138.48,EUR,delivered
O0001492,ES-202306-38829,C000100,S00013,P000154,2025-06-07T15:46:25,1,143.78,143.78,7.19,28.68,0.0,165.27,EUR,delivered
O0001493,ES-202304-28459,C000100,S00014,P000020,2025-04-06T16:00:49,2,105.8,211.6,10.58,42.21,7.07,250.3,EUR,delivered
O0001494,ES-202510-24157,C000100,S00014,P000233,2025-07-08T15:18:54,1,14.38,14.38,0.0,3.02,8.06,25.46,EUR,delivered
O0001495,ES-202510-24157,C000100,S00014,P000096,2025-07-08T15:18:54,1,35.82,35.82,0.0,7.52,5.29,48.63,EUR,delivered
O0001496,ES-202510-24157,C000100,S00014,P000210,2025-07-08T15:18:54,2,40.16,80.32,0.0,16.87,5.62,102.81,EUR,delivered
O0001497,ES-202510-24157,C000100,S00014,P000141,2025-07-08T15:18:54,1,58.47,58.47,2.92,11.67,12.28,79.5,EUR,delivered
O0001498,ES-202309-60708,C000100,S00013,P000228,2025-04-03T10:38:27,2,684.63,1369.26,0.0,287.54,0.0,1656.8,EUR,delivered
O0001499,ES-202403-88674,C000100,S00013,P000194,2024-12-30T09:26:29,1,91.74,91.74,0.0,19.27,0.0,111.01,EUR,delivered
O0001500,ES-202403-88674,C000100,S00013,P000228,2024-12-30T09:26:29,2,671.64,1343.28,201.49,239.78,0.0,1381.57,EUR,delivered
O0001501,ES-202303-56524,C000100,S00013,P000075,2025-02-28T11:37:10,3,103.0,309.0,0.0,64.89,0.0,373.89,EUR,delivered
O0001502,ES-202303-56524,C000100,S00013,P000197,2025-02-28T11:37:10,2,96.81,193.62,0.0,40.66,0.0,234.28,EUR,delivered
O0001503,ES-202306-91132,C000100,S00013,P000163,2025-10-23T09:38:03,1,296.42,296.42,0.0,62.25,0.0,358.67,EUR,delivered
O0001504,ES-202303-54631,C000100,S00014,P000088,2025-06-25T15:04:32,1,65.19,65.19,9.78,11.64,11.3,78.35,EUR,delivered
O0001505,ES-202303-54631,C000100,S00014,P000151,2025-06-25T15:04:32,1,106.6,106.6,5.33,21.27,7.09,129.63,EUR,delivered
O0001506,ES-202303-40714,C000100,S00013,P000193,2025-11-03T15:29:58,1,72.16,72.16,0.0,15.15,0.0,87.31,EUR,delivered
O0001507,ES-202303-40714,C000100,S00013,P000070,2025-11-03T15:29:58,2,14.04,28.08,2.81,5.31,0.0,30.58,EUR,delivered
O0001508,ES-202303-40714,C000100,S00013,P000094,2025-11-03T15:29:58,2,37.87,75.74,0.0,15.91,0.0,91.65,EUR,delivered
O0001509,NL-202508-66086,C000515,S00010,P000226,2023-10-09T13:11:42,1,82.89,82.89,0.0,17.41,4.77,105.07,EUR,delivered
O0001510,NL-202508-66086,C000515,S00010,P000104,2023-10-09T13:11:42,2,232.71,465.42,0.0,97.74,7.65,570.81,EUR,delivered
O0001511,NL-202212-91913,C000321,S00009,P000158,2025-05-05T09:43:07,2,250.79,501.58,0.0,105.33,6.15,613.06,EUR,delivered
O0001512,NL-202306-42253,C000321,S00009,P000039,2025-05-30T15:07:34,3,413.89,1241.67,0.0,260.75,6.23,1508.65,EUR,delivered
O0001513,NL-202407-38923,C000321,S00010,P000010,2025-04-08T10:38:19,4,45.39,181.56,18.16,34.31,10.95,208.66,EUR,delivered
O0001514,NL-202310-80500,C000321,S00009,P000086,2025-11-20T09:13:09,2,160.13,320.26,0.0,67.25,0.0,387.51,EUR,delivered
O0001515,NL-202308-80172,C000321,S00010,P000103,2025-09-25T16:12:51,3,65.97,197.91,0.0,41.56,8.7,248.17,EUR,delivered
O0001516,NL-202308-80172,C000321,S00010,P000143,2025-09-25T16:12:51,1,96.65,96.65,0.0,20.3,11.83,128.78,EUR,delivered
O0001517,IT-202506-31452,C000401,S00008,P000054,2025-06-24T14:28:55,1,103.45,103.45,0.0,22.76,12.48,138.69,EUR,delivered
O0001518,IT-202506-31452,C000401,S00008,P000224,2025-06-24T14:28:55,1,224.91,224.91,0.0,49.48,12.54,286.93,EUR,delivered
O0001519,IT-202506-31452,C000401,S00008,P000016,2025-06-24T14:28:55,1,299.66,299.66,29.97,59.33,7.46,336.48,EUR,delivered
O0001520,IT-202507-44102,C000401,S00008,P000202,2025-07-07T14:10:10,1,134.21,134.21,0.0,29.53,6.75,170.49,EUR,delivered
O0001521,IT-202306-10761,C000401,S00008,P000233,2025-05-08T17:26:20,3,14.34,43.02,2.15,8.99,11.79,61.65,EUR,delivered
O0001522,IT-202308-64773,C000401,S00008,P000155,2025-10-17T11:47:20,1,138.41,138.41,0.0,30.45,5.24,174.1,EUR,delivered
O0001523,IT-202308-64773,C000401,S00008,P000147,2025-10-17T11:47:20,1,189.37,189.37,0.0,41.66,11.03,242.06,EUR,delivered
O0001524,IT-202401-34385,C000401,S00007,P000174,2025-06-03T15:29:35,1,141.07,141.07,0.0,31.04,0.0,172.11,EUR,delivered
O0001525,IT-202401-34385,C000401,S00007,P000215,2025-06-03T15:29:35,3,66.43,199.29,0.0,43.84,0.0,243.13,EUR,delivered
O0001526,IT-202401-34385,C000401,S00007,P000168,2025-06-03T15:29:35,2,247.43,494.86,0.0,108.87,0.0,603.73,EUR,delivered
O0001527,IT-202401-34385,C000401,S00007,P000176,2025-06-03T15:29:35,2,29.82,59.64,0.0,13.12,0.0,72.76,EUR,delivered
O0001528,IT-202304-35305,C000401,S00008,P000176,2025-11-25T10:44:03,4,31.54,126.16,6.31,26.37,8.0,154.22,EUR,delivered
O0001529,IT-202304-35305,C000401,S00008,P000066,2025-11-25T10:44:03,1,211.47,211.47,0.0,46.52,5.26,263.25,EUR,delivered
O0001530,IT-202304-35305,C000401,S00008,P000016,2025-11-25T10:44:03,3,327.19,981.57,0.0,215.95,5.79,1203.31,EUR,delivered
O0001531,DE-202202-28129,C000143,S00005,P000130,2025-07-04T08:57:56,1,50.89,50.89,0.0,9.67,5.71,66.27,EUR,delivered
O0001532,DE-202202-28129,C000143,S00005,P000127,2025-07-04T08:57:56,1,442.57,442.57,0.0,84.09,0.0,526.66,EUR,delivered
O0001533,DE-202501-76782,C000143,S00005,P000021,2024-10-21T14:31:46,1,117.43,117.43,5.87,21.2,0.0,132.76,EUR,delivered
O0001534,DE-202501-76782,C000143,S00005,P000051,2024-10-21T14:31:46,1,14.07,14.07,1.41,2.41,0.0,15.07,EUR,delivered
O0001535,DE-202407-46691,C000143,S00005,P000219,2025-09-19T10:16:39,3,289.79,869.37,0.0,165.18,7.84,1042.39,EUR,delivered
O0001536,CH-202202-24192,C000057,S00018,P000180,2024-03-22T15:22:50,1,71.99,71.99,10.8,4.9,10.59,76.68,EUR,delivered
O0001537,CH-202202-24192,C000057,S00018,P000225,2024-03-22T15:22:50,2,36.83,73.66,3.68,5.6,6.56,82.14,EUR,delivered
O0001538,CH-202202-24192,C000057,S00018,P000162,2024-03-22T15:22:50,2,158.6,317.2,0.0,25.38,6.17,348.75,EUR,delivered
O0001539,CH-202407-60457,C000057,S00018,P000026,2025-01-29T13:12:33,1,860.55,860.55,0.0,68.84,8.54,937.93,EUR,delivered
O0001540,CH-202407-60457,C000057,S00018,P000130,2025-01-29T13:12:33,1,52.77,52.77,0.0,4.22,12.29,69.28,EUR,delivered
O0001541,CH-202407-46940,C000057,S00018,P000242,2024-08-09T15:35:16,2,36.2,72.4,0.0,5.79,12.2,90.39,EUR,delivered
O0001542,CH-202207-89470,C000057,S00017,P000233,2024-12-30T14:05:06,1,15.87,15.87,2.38,1.08,0.0,14.57,EUR,delivered
O0001543,CH-202507-67480,C000057,S00018,P000103,2025-04-05T16:12:42,1,62.86,62.86,0.0,5.03,4.24,72.13,EUR,delivered
O0001544,CH-202306-34850,C000057,S00018,P000110,2024-12-21T09:37:22,1,58.65,58.65,0.0,4.69,6.14,69.48,EUR,delivered
O0001545,CH-202310-96000,C000057,S00017,P000228,2023-02-21T14:42:09,2,657.15,1314.3,0.0,105.14,5.69,1425.13,EUR,delivered
O0001546,CH-202407-66066,C000057,S00018,P000002,2025-10-11T08:52:55,1,69.46,69.46,0.0,5.56,10.78,85.8,EUR,delivered
O0001547,CH-202407-66066,C000057,S00018,P000199,2025-10-11T08:52:55,1,67.58,67.58,3.38,5.14,6.29,75.63,EUR,delivered
O0001548,CH-202407-66066,C000057,S00018,P000085,2025-10-11T08:52:55,1,654.07,654.07,32.7,49.71,4.54,675.62,EUR,delivered
O0001549,CH-202403-77876,C000057,S00018,P000206,2024-05-08T11:00:51,1,397.46,397.46,39.75,28.62,5.12,391.45,EUR,delivered
O0001550,CH-202403-77876,C000057,S00018,P000237,2024-05-08T11:00:51,2,52.96,105.92,0.0,8.47,11.45,125.84,EUR,delivered
O0001551,CH-202308-72274,C000057,S00018,P000126,2025-11-20T20:07:07,2,348.23,696.46,69.65,50.14,5.78,682.73,EUR,delivered
O0001552,CH-202308-72274,C000057,S00018,P000035,2025-11-20T20:07:07,2,183.56,367.12,0.0,29.37,4.74,401.23,EUR,delivered
O0001553,CH-202308-72274,C000057,S00018,P000032,2025-11-20T20:07:07,1,150.91,150.91,7.55,11.47,6.5,161.33,EUR,delivered
O0001554,CH-202305-98491,C000057,S00018,P000121,2023-10-31T18:03:22,2,114.8,229.6,0.0,18.37,9.56,257.53,EUR,delivered
O0001555,CH-202305-98491,C000057,S00018,P000207,2023-10-31T18:03:22,4,105.95,423.8,0.0,33.9,5.07,462.77,EUR,delivered
O0001556,CH-202502-59309,C000057,S00018,P000102,2024-05-19T20:25:25,2,68.82,137.64,0.0,11.01,6.58,155.23,EUR,delivered
O0001557,CH-202502-59309,C000057,S00018,P000010,2024-05-19T20:25:25,1,43.74,43.74,2.19,3.32,5.36,50.23,EUR,delivered
O0001558,CH-202502-59309,C000057,S00018,P000153,2024-05-19T20:25:25,4,170.73,682.92,68.29,49.17,12.87,676.67,EUR,delivered
O0001559,CH-202511-57779,C000057,S00017,P000145,2024-11-14T19:11:08,2,270.08,540.16,0.0,43.21,5.38,588.75,EUR,delivered
O0001560,CH-202511-57779,C000057,S00017,P000191,2024-11-14T19:11:08,1,118.28,118.28,0.0,9.46,0.0,127.74,EUR,delivered
O0001561,CH-202511-57779,C000057,S00017,P000059,2024-11-14T19:11:08,2,286.32,572.64,57.26,41.23,0.0,556.61,EUR,delivered
O0001562,CH-202201-19075,C000057,S00018,P000087,2024-04-28T08:32:02,2,68.38,136.76,0.0,10.94,8.21,155.91,EUR,delivered
O0001563,CH-202410-69731,C000057,S00017,P000124,2023-10-27T16:32:45,1,28.88,28.88,0.0,2.31,0.0,31.19,EUR,delivered
O0001564,CH-202205-60384,C000057,S00017,P000209,2025-11-17T18:24:54,3,109.86,329.58,0.0,26.37,7.74,363.69,EUR,delivered
O0001565,ES-202311-63433,C000352,S00014,P000083,2025-07-11T16:09:19,3,111.67,335.01,0.0,70.35,10.48,415.84,EUR,delivered
O0001566,ES-202305-10342,C000352,S00013,P000137,2025-11-19T19:43:42,2,129.05,258.1,12.91,51.49,0.0,296.68,EUR,delivered
O0001567,PL-202206-21274,C000617,S00011,P000222,2025-03-08T12:13:52,1,62.49,62.49,3.12,13.66,6.47,79.5,EUR,delivered
O0001568,DE-202304-51978,C000004,S00006,P000226,2025-12-09T14:38:45,1,82.14,82.14,0.0,15.61,8.73,106.48,EUR,delivered
O0001569,DE-202304-51978,C000004,S00006,P000205,2025-12-09T14:38:45,2,27.09,54.18,0.0,10.29,8.68,73.15,EUR,delivered
O0001570,DE-202304-51978,C000004,S00006,P000023,2025-12-09T14:38:45,2,177.67,355.34,0.0,67.51,11.41,434.26,EUR,delivered
O0001571,DE-202203-79039,C000004,S00005,P000237,2025-09-02T12:04:21,2,53.34,106.68,5.33,19.26,0.0,120.61,EUR,delivered
O0001572,DE-202203-79039,C000004,S00005,P000190,2025-09-02T12:04:21,1,357.43,357.43,0.0,67.91,0.0,425.34,EUR,delivered
O0001573,DE-202307-61630,C000004,S00005,P000035,2025-12-10T08:32:50,1,192.26,192.26,28.84,31.05,4.51,198.98,EUR,delivered
O0001574,DE-202307-61630,C000004,S00005,P000034,2025-12-10T08:32:50,1,318.49,318.49,0.0,60.51,0.0,379.0,EUR,delivered
O0001575,DE-202307-61630,C000004,S00005,P000160,2025-12-10T08:32:50,1,359.05,359.05,17.95,64.81,0.0,405.91,EUR,delivered
O0001576,IT-202201-55724,C000399,S00007,P000125,2025-07-03T11:00:55,1,69.94,69.94,10.49,13.08,0.0,72.53,EUR,delivered
O0001577,IT-202201-55724,C000399,S00007,P000050,2025-07-03T11:00:55,2,34.42,68.84,0.0,15.14,6.02,90.0,EUR,delivered
O0001578,IT-202507-56658,C000399,S00007,P000025,2024-05-05T15:27:30,1,628.98,628.98,31.45,131.46,0.0,728.99,EUR,delivered
O0001579,IT-202507-56658,C000399,S00007,P000124,2024-05-05T15:27:30,4,29.92,119.68,0.0,26.33,0.0,146.01,EUR,delivered
O0001580,ES-202401-21505,C000356,S00014,P000106,2023-07-29T14:11:37,1,67.53,67.53,3.38,13.47,4.09,81.71,EUR,delivered
O0001581,ES-202308-94355,C000356,S00014,P000161,2025-12-03T13:10:11,2,382.33,764.66,0.0,160.58,6.61,931.85,EUR,delivered
O0001582,ES-202308-94355,C000356,S00014,P000170,2025-12-03T13:10:11,2,175.24,350.48,0.0,73.6,4.95,429.03,EUR,delivered
O0001583,ES-202406-91590,C000356,S00014,P000095,2024-05-17T14:20:38,4,346.22,1384.88,69.24,276.28,4.21,1596.13,EUR,delivered
O0001584,ES-202406-91590,C000356,S00014,P000007,2024-05-17T14:20:38,1,157.37,157.37,7.87,31.4,12.41,193.31,EUR,delivered
O0001585,ES-202406-91590,C000356,S00014,P000211,2024-05-17T14:20:38,1,234.01,234.01,23.4,44.23,11.02,265.86,EUR,delivered
O0001586,ES-202408-82277,C000356,S00013,P000099,2023-02-24T10:37:55,3,57.83,173.49,0.0,36.43,0.0,209.92,EUR,delivered
O0001587,ES-202409-66168,C000356,S00013,P000151,2025-09-25T13:49:02,1,117.16,117.16,0.0,24.6,0.0,141.76,EUR,delivered
O0001588,ES-202509-74392,C000356,S00014,P000195,2024-06-14T08:40:14,1,124.63,124.63,12.46,23.56,7.05,142.78,EUR,delivered
O0001589,ES-202509-74392,C000356,S00014,P000148,2024-06-14T08:40:14,1,158.93,158.93,0.0,33.38,9.62,201.93,EUR,delivered
O0001590,FR-202505-32402,C000296,S00003,P000041,2025-12-15T17:22:09,1,110.77,110.77,0.0,22.15,3.06,135.98,EUR,delivered
O0001591,FR-202505-32402,C000296,S00003,P000214,2025-12-15T17:22:09,4,136.06,544.24,0.0,108.85,0.0,653.09,EUR,delivered
O0001592,FR-202505-32402,C000296,S00003,P000102,2025-12-15T17:22:09,1,65.11,65.11,0.0,13.02,3.68,81.81,EUR,delivered
O0001593,FR-202505-32402,C000296,S00003,P000052,2025-12-15T17:22:09,2,201.97,403.94,0.0,80.79,0.0,484.73,EUR,delivered
O0001594,FR-202401-52812,C000296,S00004,P000237,2025-12-19T18:48:17,5,56.13,280.65,0.0,56.13,10.98,347.76,EUR,delivered
O0001595,DE-202505-16514,C000019,S00006,P000062,2025-11-17T20:13:23,1,293.52,293.52,0.0,55.77,9.89,359.18,EUR,delivered
O0001596,DE-202505-16514,C000019,S00006,P000093,2025-11-17T20:13:23,3,113.4,340.2,17.01,61.41,7.76,392.36,EUR,delivered
O0001597,ES-202311-45083,C000186,S00013,P000137,2025-03-16T11:42:59,1,130.61,130.61,0.0,27.43,0.0,158.04,EUR,delivered
O0001598,ES-202507-49284,C000186,S00014,P000132,2024-06-23T18:51:29,1,158.36,158.36,0.0,33.26,10.95,202.57,EUR,delivered
O0001599,ES-202507-49284,C000186,S00014,P000002,2024-06-23T18:51:29,2,68.91,137.82,0.0,28.94,5.96,172.72,EUR,delivered
O0001600,ES-202405-41962,C000186,S00014,P000182,2025-07-26T16:02:22,1,49.2,49.2,0.0,10.33,10.48,70.01,EUR,delivered
O0001601,ES-202309-45276,C000186,S00014,P000043,2024-08-03T08:03:29,5,215.0,1075.0,0.0,225.75,4.4,1305.15,EUR,delivered
O0001602,ES-202508-39789,C000186,S00014,P000232,2025-11-08T17:20:17,5,792.1,3960.5,0.0,831.71,4.25,4796.46,EUR,delivered
O0001603,ES-202508-39789,C000186,S00014,P000168,2025-11-08T17:20:17,1,259.0,259.0,38.85,46.23,4.98,271.36,EUR,delivered
O0001604,ES-202211-27387,C000186,S00013,P000024,2025-12-29T08:42:11,3,158.4,475.2,23.76,94.8,6.41,552.65,EUR,delivered
O0001605,ES-202211-27387,C000186,S00013,P000052,2025-12-29T08:42:11,3,207.39,622.17,0.0,130.66,4.64,757.47,EUR,delivered
O0001606,ES-202211-27387,C000186,S00013,P000056,2025-12-29T08:42:11,1,145.03,145.03,14.5,27.41,0.0,157.94,EUR,delivered
O0001607,ES-202211-27387,C000186,S00013,P000016,2025-12-29T08:42:11,1,297.8,297.8,0.0,62.54,3.82,364.16,EUR,delivered
O0001608,ES-202403-70387,C000186,S00014,P000168,2025-02-27T18:24:57,1,247.39,247.39,0.0,51.95,6.0,305.34,EUR,delivered
O0001609,ES-202309-98722,C000186,S00014,P000245,2024-11-02T09:16:40,3,172.49,517.47,0.0,108.67,6.91,633.05,EUR,delivered
O0001610,ES-202309-98722,C000186,S00014,P000201,2024-11-02T09:16:40,1,348.53,348.53,34.85,65.87,7.09,386.64,EUR,delivered
O0001611,ES-202406-99687,C000186,S00013,P000119,2025-01-11T08:59:48,1,101.19,101.19,0.0,21.25,0.0,122.44,EUR,delivered
O0001612,ES-202407-22513,C000186,S00013,P000192,2025-06-07T15:23:27,2,96.07,192.14,0.0,40.35,3.13,235.62,EUR,delivered
O0001613,ES-202407-22513,C000186,S00013,P000188,2025-06-07T15:23:27,1,249.8,249.8,37.47,44.59,4.95,261.87,EUR,delivered
O0001614,ES-202210-91452,C000186,S00013,P000006,2025-03-31T09:38:53,3,407.68,1223.04,0.0,256.84,5.17,1485.05,EUR,delivered
O0001615,ES-202501-50732,C000186,S00014,P000036,2025-07-22T19:39:52,4,112.92,451.68,0.0,94.85,6.04,552.57,EUR,delivered
O0001616,ES-202501-50732,C000186,S00014,P000207,2025-07-22T19:39:52,3,109.68,329.04,49.36,58.73,5.93,344.34,EUR,delivered
O0001617,ES-202309-82883,C000186,S00013,P000015,2025-01-25T09:42:18,3,47.53,142.59,0.0,29.94,3.71,176.24,EUR,delivered
O0001618,ES-202309-82883,C000186,S00013,P000092,2025-01-25T09:42:18,1,141.54,141.54,0.0,29.72,0.0,171.26,EUR,delivered
O0001619,ES-202506-58638,C000186,S00014,P000083,2024-12-31T17:39:04,2,114.32,228.64,0.0,48.01,5.74,282.39,EUR,delivered
O0001620,ES-202209-36623,C000186,S00014,P000021,2024-12-18T17:23:14,1,129.4,129.4,0.0,27.17,5.06,161.63,EUR,delivered
O0001621,ES-202209-36623,C000186,S00014,P000010,2024-12-18T17:23:14,2,45.95,91.9,0.0,19.3,10.14,121.34,EUR,delivered
O0001622,ES-202209-36623,C000186,S00014,P000164,2024-12-18T17:23:14,1,374.0,374.0,0.0,78.54,5.13,457.67,EUR,delivered
O0001623,ES-202402-69233,C000186,S00013,P000187,2025-01-22T14:09:43,1,21.9,21.9,0.0,4.6,0.0,26.5,EUR,delivered
O0001624,ES-202402-69233,C000186,S00013,P000184,2025-01-22T14:09:43,1,43.68,43.68,4.37,8.26,5.2,52.77,EUR,delivered
O0001625,ES-202507-73444,C000186,S00013,P000001,2024-11-15T17:32:43,1,208.9,208.9,0.0,43.87,4.86,257.63,EUR,delivered
O0001626,ES-202507-73444,C000186,S00013,P000162,2024-11-15T17:32:43,1,163.65,163.65,0.0,34.37,0.0,198.02,EUR,delivered
O0001627,NL-202301-27161,C000760,S00010,P000053,2024-03-25T15:35:39,4,693.96,2775.84,277.58,524.63,5.52,3028.41,EUR,delivered
O0001628,UK-202409-62398,C000409,S00020,P000152,2025-03-23T18:49:03,2,34.41,68.82,0.0,13.76,10.2,92.78,EUR,delivered
O0001629,UK-202405-91976,C000409,S00019,P000127,2025-11-21T10:15:50,1,451.48,451.48,45.15,81.27,5.22,492.82,EUR,delivered
O0001630,FR-202201-51100,C000298,S00003,P000040,2024-10-24T14:03:06,1,115.13,115.13,0.0,23.03,3.86,142.02,EUR,delivered
O0001631,FR-202201-51100,C000298,S00003,P000001,2024-10-24T14:03:06,2,213.5,427.0,21.35,81.13,0.0,486.78,EUR,delivered
O0001632,FR-202509-25932,C000298,S00004,P000168,2024-12-22T08:15:34,4,264.88,1059.52,0.0,211.9,7.41,1278.83,EUR,delivered
O0001633,FR-202509-25932,C000298,S00004,P000022,2024-12-22T08:15:34,1,56.08,56.08,0.0,11.22,6.75,74.05,EUR,delivered
O0001634,AT-202507-73195,C000527,S00001,P000180,2023-10-23T13:08:05,2,82.91,165.82,16.58,29.85,0.0,179.09,EUR,delivered
O0001635,PL-202504-45257,C000581,S00012,P000026,2025-08-19T18:34:53,1,868.87,868.87,43.44,189.85,11.93,1027.21,EUR,delivered
O0001636,PL-202504-45257,C000581,S00012,P000053,2025-08-19T18:34:53,2,635.68,1271.36,0.0,292.41,9.77,1573.54,EUR,delivered
O0001637,NL-202405-57627,C000525,S00010,P000207,2025-11-10T17:25:22,2,101.88,203.76,0.0,42.79,6.12,252.67,EUR,delivered
O0001638,IT-202512-99699,C000682,S00007,P000213,2025-11-25T16:32:26,1,156.94,156.94,7.85,32.8,4.9,186.79,EUR,delivered
O0001639,IT-202512-99699,C000682,S00007,P000059,2025-11-25T16:32:26,2,306.44,612.88,61.29,121.35,0.0,672.94,EUR,delivered
O0001640,IT-202504-70131,C000682,S00007,P000249,2025-09-03T16:30:47,1,410.13,410.13,20.51,85.72,6.8,482.14,EUR,delivered
O0001641,IT-202411-59909,C000682,S00007,P000106,2025-05-17T14:56:24,2,62.2,124.4,18.66,23.26,0.0,129.0,EUR,delivered
O0001642,FR-202507-22682,C000687,S00004,P000056,2024-11-11T09:23:11,2,150.83,301.66,15.08,57.32,5.85,349.75,EUR,delivered
O0001643,FR-202505-72809,C000687,S00003,P000128,2023-12-17T14:34:36,1,130.01,130.01,0.0,26.0,0.0,156.01,EUR,delivered
O0001644,FR-202301-13710,C000687,S00004,P000100,2023-07-20T18:38:58,3,142.01,426.03,0.0,85.21,5.62,516.86,EUR,delivered
O0001645,FR-202301-13710,C000687,S00004,P000056,2023-07-20T18:38:58,4,146.28,585.12,29.26,111.17,12.52,679.55,EUR,delivered
O0001646,FR-202211-94390,C000687,S00003,P000016,2025-11-24T14:21:38,3,283.61,850.83,42.54,161.66,5.89,975.84,EUR,delivered
O0001647,FR-202209-69200,C000687,S00003,P000006,2024-05-24T12:30:07,1,387.69,387.69,58.15,65.91,0.0,395.45,EUR,delivered
O0001648,FR-202209-69200,C000687,S00003,P000135,2024-05-24T12:30:07,1,203.45,203.45,0.0,40.69,0.0,244.14,EUR,delivered
O0001649,FR-202410-72529,C000687,S00004,P000234,2024-11-15T17:38:03,1,16.02,16.02,0.0,3.2,8.91,28.13,EUR,delivered
O0001650,FR-202506-64723,C000687,S00004,P000249,2025-02-28T16:39:34,1,405.93,405.93,0.0,81.19,11.2,498.32,EUR,delivered
O0001651,FR-202506-64723,C000687,S00004,P000225,2025-02-28T16:39:34,3,37.42,112.26,0.0,22.45,11.74,146.45,EUR,delivered
O0001652,FR-202207-36229,C000728,S00003,P000044,2025-01-19T13:53:22,1,31.31,31.31,0.0,6.26,0.0,37.57,EUR,delivered
O0001653,FR-202207-36229,C000728,S00003,P000219,2025-01-19T13:53:22,1,274.32,274.32,0.0,54.86,0.0,329.18,EUR,delivered
O0001654,PL-202309-87329,C000654,S00011,P000051,2025-12-11T10:44:03,3,14.21,42.63,0.0,9.8,0.0,52.43,EUR,delivered
O0001655,NL-202311-32510,C000305,S00009,P000202,2023-04-11T19:12:26,3,133.4,400.2,0.0,84.04,3.22,487.46,EUR,delivered
O0001656,NL-202311-32510,C000305,S00009,P000059,2023-04-11T19:12:26,2,320.06,640.12,0.0,134.43,6.0,780.55,EUR,delivered
O0001657,NL-202311-32510,C000305,S00009,P000118,2023-04-11T19:12:26,2,83.66,167.32,8.37,33.38,0.0,192.33,EUR,delivered
O0001658,IT-202412-65194,C000345,S00007,P000147,2025-12-31T23:59:59,1,200.88,200.88,0.0,44.19,6.01,251.08,EUR,delivered
O0001659,IT-202412-65194,C000345,S00007,P000191,2025-12-31T23:59:59,1,135.11,135.11,6.76,28.24,3.52,160.11,EUR,delivered
O0001660,IT-202402-88669,C000345,S00007,P000227,2025-12-25T09:40:47,3,156.58,469.74,46.97,93.01,0.0,515.78,EUR,delivered
O0001661,IT-202402-88669,C000345,S00007,P000209,2025-12-25T09:40:47,2,112.76,225.52,0.0,49.61,3.6,278.73,EUR,delivered
O0001662,AT-202504-84900,C000099,S00002,P000079,2024-03-29T11:46:49,1,65.41,65.41,0.0,13.08,4.07,82.56,EUR,delivered
O0001663,AT-202504-84900,C000099,S00002,P000023,2024-03-29T11:46:49,2,168.82,337.64,0.0,67.53,9.94,415.11,EUR,delivered
O0001664,AT-202410-16047,C000099,S00002,P000116,2025-04-10T13:56:50,4,101.8,407.2,61.08,69.22,9.49,424.83,EUR,delivered
O0001665,AT-202410-16047,C000099,S00002,P000159,2025-04-10T13:56:50,3,96.05,288.15,0.0,57.63,9.71,355.49,EUR,delivered
O0001666,AT-202306-95308,C000099,S00001,P000242,2024-09-18T09:04:56,1,40.78,40.78,0.0,8.16,0.0,48.94,EUR,delivered
O0001667,IT-202302-72760,C000190,S00007,P000164,2025-12-28T19:58:11,2,377.47,754.94,75.49,149.48,0.0,828.93,EUR,delivered
O0001668,AT-202301-63974,C000237,S00001,P000024,2025-06-07T14:20:19,1,150.52,150.52,0.0,30.1,7.35,187.97,EUR,delivered
O0001669,AT-202301-63974,C000237,S00001,P000136,2025-06-07T14:20:19,1,75.24,75.24,3.76,14.3,0.0,85.78,EUR,delivered
O0001670,AT-202301-63974,C000237,S00001,P000163,2025-06-07T14:20:19,1,306.63,306.63,15.33,58.26,0.0,349.56,EUR,delivered
O0001671,AT-202408-63916,C000327,S00002,P000107,2025-12-06T09:07:42,1,143.1,143.1,0.0,28.62,11.21,182.93,EUR,delivered
O0001672,AT-202408-63916,C000327,S00002,P000017,2025-12-06T09:07:42,1,64.32,64.32,0.0,12.86,9.58,86.76,EUR,delivered
O0001673,AT-202204-71270,C000327,S00001,P000248,2024-12-21T18:08:19,1,86.12,86.12,0.0,17.22,0.0,103.34,EUR,delivered
O0001674,AT-202204-71270,C000327,S00001,P000173,2024-12-21T18:08:19,3,364.49,1093.47,0.0,218.69,0.0,1312.16,EUR,delivered
O0001675,AT-202204-71270,C000327,S00001,P000157,2024-12-21T18:08:19,1,162.35,162.35,0.0,32.47,0.0,194.82,EUR,delivered
O0001676,SE-202301-93122,C000364,S00015,P000235,2024-09-26T19:24:27,1,39.69,39.69,0.0,9.92,0.0,49.61,EUR,delivered
O0001677,SE-202301-93122,C000364,S00015,P000106,2024-09-26T19:24:27,1,68.08,68.08,0.0,17.02,0.0,85.1,EUR,delivered
O0001678,NL-202310-98710,C000649,S00009,P000164,2025-11-10T20:50:19,3,352.76,1058.28,0.0,222.24,5.55,1286.07,EUR,delivered
O0001679,NL-202305-63754,C000649,S00009,P000239,2025-11-09T18:33:34,1,17.1,17.1,2.57,3.05,0.0,17.58,EUR,delivered
O0001680,NL-202305-63754,C000649,S00009,P000063,2025-11-09T18:33:34,1,47.13,47.13,2.36,9.4,0.0,54.17,EUR,delivered
O0001681,FR-202405-33033,C000199,S00004,P000139,2025-12-15T10:24:39,3,175.27,525.81,52.58,94.65,5.46,573.34,EUR,delivered
O0001682,FR-202405-33033,C000199,S00004,P000086,2025-12-15T10:24:39,2,161.54,323.08,32.31,58.15,8.7,357.62,EUR,delivered
O0001683,FR-202405-33033,C000199,S00004,P000112,2025-12-15T10:24:39,2,473.14,946.28,0.0,189.26,12.86,1148.4,EUR,delivered
O0001684,FR-202405-33033,C000199,S00004,P000050,2025-12-15T10:24:39,1,37.27,37.27,0.0,7.45,9.11,53.83,EUR,delivered
O0001685,DE-202505-52828,C000184,S00005,P000114,2024-12-30T15:25:21,3,801.92,2405.76,0.0,457.09,6.98,2869.83,EUR,delivered
O0001686,DE-202405-27874,C000184,S00006,P000100,2025-12-04T12:47:46,5,134.97,674.85,0.0,128.22,9.49,812.56,EUR,delivered
O0001687,DE-202405-27874,C000184,S00006,P000094,2025-12-04T12:47:46,1,34.01,34.01,1.7,6.14,8.11,46.56,EUR,delivered
O0001688,FR-202207-86577,C000308,S00003,P000007,2025-12-08T17:28:58,2,176.18,352.36,0.0,70.47,6.57,429.4,EUR,delivered
O0001689,ES-202502-54134,C000689,S00014,P000164,2025-11-25T14:27:46,1,377.08,377.08,0.0,79.19,4.17,460.44,EUR,delivered
O0001690,ES-202207-74408,C000181,S00014,P000175,2025-05-20T19:43:11,5,99.21,496.05,49.61,93.75,12.84,553.03,EUR,delivered
O0001691,ES-202401-46469,C000181,S00014,P000145,2025-07-16T20:26:26,1,275.58,275.58,13.78,54.98,12.1,328.88,EUR,delivered
O0001692,ES-202401-46469,C000181,S00014,P000238,2025-07-16T20:26:26,3,324.32,972.96,0.0,204.32,8.23,1185.51,EUR,delivered
O0001693,ES-202401-46469,C000181,S00014,P000122,2025-07-16T20:26:26,2,206.37,412.74,41.27,78.01,11.2,460.68,EUR,delivered
O0001694,ES-202205-14363,C000181,S00013,P000220,2024-09-06T18:54:15,1,35.54,35.54,0.0,7.46,5.56,48.56,EUR,delivered
O0001695,ES-202205-14363,C000181,S00013,P000250,2024-09-06T18:54:15,2,155.68,311.36,15.57,62.12,0.0,357.91,EUR,delivered
O0001696,UK-202410-42046,C000611,S00020,P000088,2025-09-06T18:24:12,1,69.13,69.13,0.0,13.83,4.71,87.67,EUR,delivered
O0001697,UK-202308-81994,C000611,S00020,P000191,2023-10-11T20:39:41,2,127.15,254.3,0.0,50.86,12.15,317.31,EUR,delivered
O0001698,UK-202508-55911,C000611,S00020,P000013,2022-09-20T11:24:20,1,129.43,129.43,0.0,25.89,10.11,165.43,EUR,delivered
O0001699,UK-202311-88005,C000611,S00020,P000060,2024-04-06T17:24:47,1,228.36,228.36,0.0,45.67,7.33,281.36,EUR,delivered
O0001700,UK-202311-88005,C000611,S00020,P000026,2024-04-06T17:24:47,2,830.34,1660.68,83.03,315.53,10.68,1903.86,EUR,delivered
O0001701,UK-202208-38814,C000611,S00019,P000043,2023-08-10T13:29:29,1,208.13,208.13,0.0,41.63,5.54,255.3,EUR,delivered
O0001702,UK-202208-38814,C000611,S00019,P000103,2023-08-10T13:29:29,3,68.19,204.57,20.46,36.82,0.0,220.93,EUR,delivered
O0001703,UK-202208-38814,C000611,S00019,P000034,2023-08-10T13:29:29,1,322.59,322.59,48.39,54.84,6.06,335.1,EUR,delivered
O0001704,UK-202411-41382,C000611,S00020,P000111,2024-12-25T10:37:22,3,643.33,1929.99,96.5,366.7,6.15,2206.34,EUR,delivered
O0001705,UK-202411-41382,C000611,S00020,P000115,2024-12-25T10:37:22,1,601.86,601.86,0.0,120.37,4.22,726.45,EUR,delivered
O0001706,UK-202411-41382,C000611,S00020,P000062,2024-12-25T10:37:22,3,262.87,788.61,78.86,141.95,7.78,859.48,EUR,delivered
O0001707,UK-202402-50386,C000611,S00020,P000193,2023-02-06T09:04:20,1,76.0,76.0,0.0,15.2,4.28,95.48,EUR,delivered
O0001708,UK-202402-50386,C000611,S00020,P000164,2023-02-06T09:04:20,2,368.28,736.56,0.0,147.31,4.29,888.16,EUR,delivered
O0001709,UK-202506-62222,C000490,S00020,P000059,2024-06-18T19:18:46,5,318.46,1592.3,79.62,302.54,7.79,1823.01,EUR,delivered
O0001710,UK-202306-33631,C000490,S00019,P000230,2024-06-21T14:27:02,1,92.36,92.36,0.0,18.47,0.0,110.83,EUR,delivered
O0001711,UK-202306-33631,C000490,S00019,P000169,2024-06-21T14:27:02,10,951.01,9510.1,0.0,1902.02,7.06,11419.18,EUR,delivered
O0001712,AT-202407-20196,C000016,S00001,P000100,2025-08-27T17:32:36,1,137.44,137.44,6.87,26.11,0.0,156.68,EUR,delivered
O0001713,AT-202407-20196,C000016,S00001,P000078,2025-08-27T17:32:36,1,109.45,109.45,5.47,20.8,0.0,124.78,EUR,delivered
O0001714,AT-202502-50889,C000016,S00002,P000102,2025-02-16T09:32:41,2,71.02,142.04,0.0,28.41,10.03,180.48,EUR,delivered
O0001715,AT-202502-50889,C000016,S00002,P000122,2025-02-16T09:32:41,3,214.08,642.24,0.0,128.45,5.32,776.01,EUR,delivered
O0001716,AT-202502-50889,C000016,S00002,P000001,2025-02-16T09:32:41,2,213.5,427.0,21.35,81.13,7.31,494.09,EUR,delivered
O0001717,AT-202410-86830,C000016,S00002,P000176,2025-03-19T17:04:17,1,30.05,30.05,1.5,5.71,8.46,42.72,EUR,delivered
O0001718,AT-202410-86830,C000016,S00002,P000174,2025-03-19T17:04:17,3,152.42,457.26,0.0,91.45,11.53,560.24,EUR,delivered
O0001719,AT-202310-80127,C000016,S00002,P000053,2025-12-07T09:16:03,1,667.88,667.88,0.0,133.58,8.35,809.81,EUR,delivered
O0001720,AT-202504-37946,C000016,S00001,P000114,2025-02-06T19:32:21,3,839.37,2518.11,0.0,503.62,0.0,3021.73,EUR,delivered
O0001721,AT-202405-23515,C000016,S00001,P000162,2024-11-05T19:14:50,10,171.05,1710.5,85.53,324.99,7.29,1957.25,EUR,delivered
O0001722,AT-202405-23515,C000016,S00001,P000211,2024-11-05T19:14:50,1,251.63,251.63,25.16,45.29,0.0,271.76,EUR,delivered
O0001723,AT-202204-21819,C000016,S00001,P000129,2024-08-13T18:12:00,1,360.0,360.0,54.0,61.2,5.66,372.86,EUR,delivered
O0001724,CH-202206-37530,C000377,S00018,P000086,2025-04-12T09:31:35,2,167.68,335.36,0.0,26.83,10.34,372.53,EUR,delivered
O0001725,CH-202206-37530,C000377,S00018,P000157,2025-04-12T09:31:35,2,171.11,342.22,34.22,24.64,12.73,345.37,EUR,delivered
O0001726,CH-202506-57317,C000377,S00017,P000051,2025-08-05T20:39:11,3,14.41,43.23,0.0,3.46,5.85,52.54,EUR,delivered
O0001727,CH-202212-17272,C000377,S00017,P000032,2025-02-16T12:55:24,2,150.67,301.34,0.0,24.11,0.0,325.45,EUR,delivered
O0001728,DE-202410-70727,C000040,S00005,P000130,2025-07-05T19:59:06,1,55.01,55.01,0.0,10.45,4.47,69.93,EUR,delivered
O0001729,DE-202502-35774,C000040,S00005,P000014,2023-08-26T18:22:23,1,181.29,181.29,0.0,34.45,4.47,220.21,EUR,delivered
O0001730,CH-202508-79838,C000569,S00017,P000090,2025-11-25T08:39:56,2,337.04,674.08,0.0,53.93,6.53,734.54,EUR,delivered
O0001731,CH-202508-79838,C000569,S00017,P000137,2025-11-25T08:39:56,1,144.18,144.18,0.0,11.53,3.59,159.3,EUR,delivered
O0001732,CH-202310-87465,C000569,S00017,P000085,2025-08-10T17:54:57,1,624.41,624.41,0.0,49.95,3.5,677.86,EUR,delivered
O0001733,CH-202310-87465,C000569,S00017,P000014,2025-08-10T17:54:57,1,177.83,177.83,8.89,13.52,0.0,182.46,EUR,delivered
O0001734,ES-202512-90721,C000563,S00013,P000183,2025-04-14T20:56:53,1,50.41,50.41,0.0,10.59,0.0,61.0,EUR,delivered
O0001735,ES-202512-90721,C000563,S00013,P000160,2025-04-14T20:56:53,1,367.87,367.87,0.0,77.25,6.15,451.27,EUR,delivered
O0001736,ES-202512-90721,C000563,S00013,P000040,2025-04-14T20:56:53,1,119.81,119.81,0.0,25.16,4.9,149.87,EUR,delivered
O0001737,ES-202503-13994,C000563,S00013,P000188,2025-09-07T17:51:59,2,250.64,501.28,25.06,100.01,0.0,576.23,EUR,delivered
O0001738,ES-202503-13994,C000563,S00013,P000003,2025-09-07T17:51:59,4,140.18,560.72,0.0,117.75,5.75,684.22,EUR,delivered
O0001739,ES-202501-36376,C000563,S00013,P000065,2025-04-19T18:42:29,1,252.8,252.8,0.0,53.09,3.71,309.6,EUR,delivered
O0001740,ES-202501-36376,C000563,S00013,P000085,2025-04-19T18:42:29,1,646.3,646.3,0.0,135.72,3.21,785.23,EUR,delivered
O0001741,ES-202501-36376,C000563,S00013,P000124,2025-04-19T18:42:29,2,30.4,60.8,6.08,11.49,0.0,66.21,EUR,delivered
O0001742,ES-202311-77634,C000563,S00014,P000199,2025-12-05T08:18:35,3,64.51,193.53,0.0,40.64,7.22,241.39,EUR,delivered
O0001743,ES-202408-44536,C000563,S00014,P000007,2025-11-24T17:21:02,2,180.68,361.36,0.0,75.89,6.96,444.21,EUR,delivered
O0001744,ES-202408-44536,C000563,S00014,P000220,2025-11-24T17:21:02,1,38.51,38.51,0.0,8.09,4.83,51.43,EUR,delivered
O0001745,ES-202506-92182,C000563,S00014,P000128,2025-12-09T11:32:35,2,137.76,275.52,0.0,57.86,12.83,346.21,EUR,delivered
O0001746,ES-202302-37001,C000563,S00014,P000035,2025-12-27T14:41:08,10,205.91,2059.1,205.91,389.17,8.99,2251.35,EUR,delivered
O0001747,ES-202302-37001,C000563,S00014,P000149,2025-12-27T14:41:08,1,117.74,117.74,11.77,22.25,6.48,134.7,EUR,delivered
O0001748,ES-202302-37001,C000563,S00014,P000223,2025-12-27T14:41:08,2,124.06,248.12,0.0,52.11,9.19,309.42,EUR,delivered
O0001749,ES-202204-76707,C000563,S00013,P000249,2025-08-19T20:46:46,2,466.94,933.88,0.0,196.11,0.0,1129.99,EUR,delivered
O0001750,ES-202312-84650,C000563,S00014,P000204,2025-05-24T19:48:07,2,215.61,431.22,0.0,90.56,7.95,529.73,EUR,delivered
O0001751,ES-202310-56977,C000563,S00013,P000183,2025-10-19T18:03:52,2,48.14,96.28,4.81,19.21,0.0,110.68,EUR,delivered
O0001752,ES-202310-56977,C000563,S00013,P000032,2025-10-19T18:03:52,1,144.05,144.05,7.2,28.74,0.0,165.59,EUR,delivered
O0001753,ES-202506-59807,C000563,S00013,P000134,2025-12-20T13:49:42,1,450.69,450.69,0.0,94.64,0.0,545.33,EUR,delivered
O0001754,ES-202506-59807,C000563,S00013,P000046,2025-12-20T13:49:42,2,80.42,160.84,0.0,33.78,0.0,194.62,EUR,delivered
O0001755,ES-202506-59807,C000563,S00013,P000223,2025-12-20T13:49:42,1,123.98,123.98,0.0,26.04,0.0,150.02,EUR,delivered
O0001756,ES-202411-65365,C000563,S00014,P000069,2025-11-17T16:01:39,2,59.33,118.66,11.87,22.43,8.26,137.48,EUR,delivered
O0001757,ES-202411-65365,C000563,S00014,P000202,2025-11-17T16:01:39,1,131.33,131.33,0.0,27.58,4.72,163.63,EUR,delivered
O0001758,ES-202411-65365,C000563,S00014,P000054,2025-11-17T16:01:39,1,115.4,115.4,5.77,23.02,10.37,143.02,EUR,delivered
O0001759,ES-202411-65365,C000563,S00014,P000244,2025-11-17T16:01:39,2,173.58,347.16,0.0,72.9,9.59,429.65,EUR,delivered
O0001760,ES-202409-69946,C000563,S00014,P000132,2025-12-27T09:45:40,2,167.31,334.62,0.0,70.27,7.98,412.87,EUR,delivered
O0001761,IT-202212-95447,C000202,S00007,P000154,2025-08-16T14:16:21,1,133.54,133.54,6.68,27.91,5.17,159.94,EUR,delivered
O0001762,IT-202210-62861,C000202,S00008,P000204,2025-07-29T11:59:46,2,192.35,384.7,19.24,80.4,11.35,457.21,EUR,delivered
O0001763,IT-202202-61904,C000202,S00007,P000161,2024-10-08T19:20:36,1,336.17,336.17,0.0,73.96,0.0,410.13,EUR,delivered
O0001764,IT-202202-61904,C000202,S00007,P000043,2024-10-08T19:20:36,2,205.29,410.58,20.53,85.81,0.0,475.86,EUR,delivered
O0001765,IT-202507-82521,C000202,S00007,P000012,2025-08-20T20:16:27,2,50.68,101.36,0.0,22.3,0.0,123.66,EUR,delivered
O0001766,IT-202507-82521,C000202,S00007,P000021,2025-08-20T20:16:27,1,128.08,128.08,0.0,28.18,0.0,156.26,EUR,delivered
O0001767,IT-202404-67492,C000202,S00007,P000122,2025-11-09T16:25:25,3,198.77,596.31,0.0,131.19,3.19,730.69,EUR,delivered
O0001768,IT-202404-67492,C000202,S00007,P000233,2025-11-09T16:25:25,3,15.13,45.39,0.0,9.99,7.94,63.32,EUR,delivered
O0001769,IT-202404-67492,C000202,S00007,P000081,2025-11-09T16:25:25,2,183.01,366.02,0.0,80.52,0.0,446.54,EUR,delivered
O0001770,IT-202404-67492,C000202,S00007,P000067,2025-11-09T16:25:25,2,238.54,477.08,23.85,99.71,6.11,559.05,EUR,delivered
O0001771,IT-202202-88551,C000202,S00007,P000233,2025-11-18T13:26:28,1,15.73,15.73,0.0,3.46,0.0,19.19,EUR,delivered
O0001772,IT-202202-88551,C000202,S00007,P000039,2025-11-18T13:26:28,3,412.52,1237.56,0.0,272.26,6.91,1516.73,EUR,delivered
O0001773,IT-202309-42230,C000202,S00007,P000023,2025-05-27T13:55:20,1,163.33,163.33,16.33,32.34,0.0,179.34,EUR,delivered
O0001774,IT-202309-42230,C000202,S00007,P000040,2025-05-27T13:55:20,1,112.62,112.62,0.0,24.78,0.0,137.4,EUR,delivered
O0001775,IT-202509-89889,C000202,S00007,P000175,2025-11-20T09:42:50,1,101.0,101.0,0.0,22.22,0.0,123.22,EUR,delivered
O0001776,IT-202509-89889,C000202,S00007,P000236,2025-11-20T09:42:50,2,71.35,142.7,0.0,31.39,0.0,174.09,EUR,delivered
O0001777,IT-202509-89889,C000202,S00007,P000152,2025-11-20T09:42:50,2,35.15,70.3,3.52,14.69,0.0,81.47,EUR,delivered
O0001778,IT-202410-80975,C000202,S00007,P000084,2025-11-02T20:15:33,1,58.74,58.74,2.94,12.28,0.0,68.08,EUR,delivered
O0001779,IT-202410-80975,C000202,S00007,P000143,2025-11-02T20:15:33,1,95.39,95.39,0.0,20.99,4.31,120.69,EUR,delivered
O0001780,IT-202410-80975,C000202,S00007,P000067,2025-11-02T20:15:33,2,231.65,463.3,46.33,91.73,0.0,508.7,EUR,delivered
O0001781,NL-202509-71702,C000251,S00010,P000035,2023-11-27T14:51:36,1,199.33,199.33,9.97,39.77,11.72,240.85,EUR,delivered
O0001782,NL-202208-63073,C000251,S00009,P000117,2025-09-25T13:13:23,2,258.57,517.14,51.71,97.74,0.0,563.17,EUR,delivered
O0001783,NL-202208-63073,C000251,S00009,P000249,2025-09-25T13:13:23,1,458.15,458.15,22.91,91.4,0.0,526.64,EUR,delivered
O0001784,NL-202404-96928,C000251,S00009,P000237,2023-11-30T16:30:08,1,57.3,57.3,0.0,12.03,0.0,69.33,EUR,delivered
O0001785,PL-202405-94955,C000367,S00012,P000117,2025-10-24T16:21:56,1,263.99,263.99,0.0,60.72,7.29,332.0,EUR,delivered
O0001786,PL-202405-94955,C000367,S00012,P000156,2025-10-24T16:21:56,1,213.48,213.48,21.35,44.19,10.06,246.38,EUR,delivered
O0001787,PL-202408-88355,C000367,S00012,P000011,2025-11-25T16:06:41,2,197.06,394.12,19.71,86.11,6.35,466.87,EUR,delivered
O0001788,SE-202204-63810,C000439,S00015,P000075,2023-12-29T19:41:50,1,113.04,113.04,16.96,24.02,0.0,120.1,EUR,delivered
O0001789,SE-202204-63810,C000439,S00015,P000001,2023-12-29T19:41:50,1,213.16,213.16,0.0,53.29,0.0,266.45,EUR,delivered
O0001790,SE-202204-63810,C000439,S00015,P000005,2023-12-29T19:41:50,2,273.89,547.78,27.39,130.1,3.61,654.1,EUR,delivered
O0001791,SE-202204-63810,C000439,S00015,P000026,2023-12-29T19:41:50,1,861.78,861.78,0.0,215.45,0.0,1077.23,EUR,delivered
O0001792,SE-202308-47145,C000439,S00016,P000097,2023-09-25T15:01:12,1,334.18,334.18,0.0,83.55,11.61,429.34,EUR,delivered
O0001793,SE-202308-47145,C000439,S00016,P000006,2023-09-25T15:01:12,2,379.14,758.28,0.0,189.57,7.44,955.29,EUR,delivered
O0001794,SE-202410-14383,C000439,S00016,P000171,2024-10-03T17:11:33,1,46.3,46.3,0.0,11.58,11.17,69.05,EUR,delivered
O0001795,SE-202311-82047,C000439,S00016,P000122,2024-08-23T11:22:12,2,209.99,419.98,0.0,105.0,4.4,529.38,EUR,delivered
O0001796,SE-202311-82047,C000439,S00016,P000058,2024-08-23T11:22:12,1,52.73,52.73,0.0,13.18,5.92,71.83,EUR,delivered
O0001797,SE-202311-82047,C000439,S00016,P000222,2024-08-23T11:22:12,2,65.45,130.9,0.0,32.73,7.1,170.73,EUR,delivered
O0001798,IT-202204-90228,C000089,S00007,P000077,2024-03-13T08:38:29,2,285.46,570.92,57.09,113.04,4.56,631.43,EUR,delivered
O0001799,IT-202204-90228,C000089,S00007,P000124,2024-03-13T08:38:29,2,31.4,62.8,0.0,13.82,7.41,84.03,EUR,delivered
O0001800,IT-202409-12929,C000089,S00007,P000056,2023-11-04T08:58:29,2,147.67,295.34,0.0,64.97,0.0,360.31,EUR,delivered
O0001801,IT-202409-12929,C000089,S00007,P000091,2023-11-04T08:58:29,3,49.39,148.17,22.23,27.71,0.0,153.65,EUR,delivered
O0001802,NL-202504-71718,C000005,S00010,P000107,2023-11-28T16:55:48,1,125.43,125.43,0.0,26.34,5.76,157.53,EUR,delivered
O0001803,NL-202504-71718,C000005,S00010,P000147,2023-11-28T16:55:48,3,188.29,564.87,0.0,118.62,5.49,688.98,EUR,delivered
O0001804,IT-202307-20827,C000549,S00007,P000037,2024-10-18T18:34:36,1,13.1,13.1,0.66,2.74,0.0,15.18,EUR,delivered
O0001805,IT-202307-20827,C000549,S00007,P000083,2024-10-18T18:34:36,1,112.29,112.29,0.0,24.7,0.0,136.99,EUR,delivered
O0001806,IT-202307-20827,C000549,S00007,P000156,2024-10-18T18:34:36,1,207.68,207.68,10.38,43.41,0.0,240.71,EUR,delivered
O0001807,IT-202202-78258,C000510,S00007,P000053,2024-11-24T20:57:44,4,646.87,2587.48,388.12,483.86,3.71,2686.93,EUR,delivered
O0001808,IT-202309-94943,C000510,S00007,P000074,2024-12-21T15:53:46,1,327.51,327.51,0.0,72.05,0.0,399.56,EUR,delivered
O0001809,IT-202205-60069,C000510,S00007,P000049,2023-05-27T09:16:42,5,302.96,1514.8,0.0,333.26,0.0,1848.06,EUR,delivered
O0001810,IT-202205-60069,C000510,S00007,P000081,2023-05-27T09:16:42,1,206.08,206.08,0.0,45.34,0.0,251.42,EUR,delivered
O0001811,IT-202507-48152,C000510,S00008,P000121,2023-08-07T17:00:26,1,111.35,111.35,0.0,24.5,10.65,146.5,EUR,delivered
O0001812,IT-202507-48152,C000510,S00008,P000027,2023-08-07T17:00:26,1,109.03,109.03,5.45,22.79,10.19,136.56,EUR,delivered
O0001813,IT-202211-64530,C000510,S00007,P000130,2024-10-12T08:18:34,2,48.62,97.24,0.0,21.39,0.0,118.63,EUR,delivered
O0001814,IT-202211-64530,C000510,S00007,P000141,2024-10-12T08:18:34,1,66.2,66.2,3.31,13.84,0.0,76.73,EUR,delivered
O0001815,IT-202411-53058,C000510,S00008,P000021,2024-12-23T15:19:06,2,123.9,247.8,0.0,54.52,10.13,312.45,EUR,delivered
O0001816,IT-202411-53058,C000510,S00008,P000010,2024-12-23T15:19:06,1,50.24,50.24,2.51,10.5,9.11,67.34,EUR,delivered
O0001817,DE-202511-12027,C000715,S00005,P000113,2022-12-17T18:07:45,1,368.31,368.31,0.0,69.98,3.7,441.99,EUR,delivered
O0001818,DE-202511-12027,C000715,S00005,P000014,2022-12-17T18:07:45,1,202.58,202.58,0.0,38.49,0.0,241.07,EUR,delivered
O0001819,DE-202511-12027,C000715,S00005,P000138,2022-12-17T18:07:45,5,39.71,198.55,0.0,37.72,0.0,236.27,EUR,delivered
O0001820,DE-202511-12027,C000715,S00005,P000186,2022-12-17T18:07:45,3,118.73,356.19,17.81,64.29,0.0,402.67,EUR,delivered
O0001821,DE-202307-10451,C000715,S00005,P000138,2022-12-02T17:47:59,1,36.0,36.0,0.0,6.84,7.63,50.47,EUR,delivered
O0001822,DE-202307-10451,C000715,S00005,P000128,2022-12-02T17:47:59,1,146.22,146.22,0.0,27.78,0.0,174.0,EUR,delivered
O0001823,DE-202404-99449,C000715,S00005,P000214,2023-12-08T15:15:56,1,134.73,134.73,6.74,24.32,3.6,155.91,EUR,delivered
O0001824,DE-202404-99449,C000715,S00005,P000120,2023-12-08T15:15:56,3,327.57,982.71,0.0,186.71,6.82,1176.24,EUR,delivered
O0001825,DE-202404-99449,C000715,S00005,P000085,2023-12-08T15:15:56,1,671.74,671.74,0.0,127.63,0.0,799.37,EUR,delivered
O0001826,DE-202409-93202,C000715,S00006,P000151,2024-11-23T11:21:51,4,108.04,432.16,0.0,82.11,4.23,518.5,EUR,delivered
O0001827,DE-202409-93202,C000715,S00006,P000025,2024-11-23T11:21:51,1,584.56,584.56,0.0,111.07,4.5,700.13,EUR,delivered
O0001828,DE-202402-26982,C000715,S00006,P000204,2024-04-04T13:05:25,2,205.51,411.02,0.0,78.09,5.87,494.98,EUR,delivered
O0001829,NL-202507-83218,C000002,S00010,P000116,2025-06-18T15:48:53,2,115.73,231.46,0.0,48.61,6.51,286.58,EUR,delivered
O0001830,NL-202406-95990,C000002,S00010,P000118,2025-02-20T11:53:05,1,81.1,81.1,0.0,17.03,7.77,105.9,EUR,delivered
O0001831,NL-202406-95990,C000002,S00010,P000058,2025-02-20T11:53:05,3,57.86,173.58,0.0,36.45,10.78,220.81,EUR,delivered
O0001832,NL-202505-54601,C000002,S00009,P000147,2024-03-23T12:57:34,2,192.68,385.36,0.0,80.93,0.0,466.29,EUR,delivered
O0001833,NL-202505-54601,C000002,S00009,P000176,2024-03-23T12:57:34,1,29.26,29.26,0.0,6.14,0.0,35.4,EUR,delivered
O0001834,NL-202505-54601,C000002,S00009,P000247,2024-03-23T12:57:34,1,171.13,171.13,8.56,34.14,0.0,196.71,EUR,delivered
O0001835,NL-202410-49176,C000069,S00010,P000249,2025-12-26T09:06:03,1,430.82,430.82,0.0,90.47,10.68,531.97,EUR,delivered
O0001836,NL-202410-49176,C000069,S00010,P000118,2025-12-26T09:06:03,1,84.83,84.83,0.0,17.81,11.1,113.74,EUR,delivered
O0001837,NL-202303-60777,C000069,S00009,P000146,2025-12-10T12:43:01,1,307.73,307.73,0.0,64.62,0.0,372.35,EUR,delivered
O0001838,NL-202303-60777,C000069,S00009,P000153,2025-12-10T12:43:01,1,170.81,170.81,0.0,35.87,0.0,206.68,EUR,delivered
O0001839,FR-202311-63441,C000700,S00003,P000157,2025-02-10T14:50:35,3,169.07,507.21,0.0,101.44,0.0,608.65,EUR,delivered
O0001840,FR-202311-63441,C000700,S00003,P000217,2025-02-10T14:50:35,1,343.41,343.41,0.0,68.68,5.02,417.11,EUR,delivered
O0001841,PL-202504-75143,C000721,S00012,P000018,2025-05-18T19:51:48,1,909.82,909.82,0.0,209.26,5.16,1124.24,EUR,delivered
O0001842,PL-202504-75143,C000721,S00012,P000198,2025-05-18T19:51:48,2,211.86,423.72,21.19,92.58,4.28,499.39,EUR,delivered
O0001843,PL-202504-75143,C000721,S00012,P000014,2025-05-18T19:51:48,1,201.03,201.03,20.1,41.61,6.58,229.12,EUR,delivered
O0001844,PL-202304-35243,C000721,S00011,P000062,2025-11-25T11:39:37,3,300.72,902.16,90.22,186.75,4.88,1003.57,EUR,delivered
O0001845,PL-202304-35243,C000721,S00011,P000094,2025-11-25T11:39:37,5,35.38,176.9,0.0,40.69,4.98,222.57,EUR,delivered
O0001846,PL-202304-35243,C000721,S00011,P000198,2025-11-25T11:39:37,1,210.43,210.43,0.0,48.4,0.0,258.83,EUR,delivered
O0001847,CH-202506-28425,C000369,S00018,P000012,2025-07-21T13:15:30,3,48.8,146.4,0.0,11.71,11.44,169.55,EUR,delivered
O0001848,CH-202506-28425,C000369,S00018,P000198,2025-07-21T13:15:30,1,224.2,224.2,11.21,17.04,7.06,237.09,EUR,delivered
O0001849,CH-202202-85845,C000369,S00017,P000202,2025-08-17T13:19:57,1,147.0,147.0,0.0,11.76,7.84,166.6,EUR,delivered
O0001850,DE-202406-13914,C000236,S00006,P000112,2025-12-16T14:35:33,2,448.56,897.12,44.86,161.93,12.55,1026.74,EUR,delivered
O0001851,DE-202406-13914,C000236,S00006,P000099,2025-12-16T14:35:33,1,55.3,55.3,0.0,10.51,8.31,74.12,EUR,delivered
O0001852,DE-202210-52733,C000236,S00006,P000136,2025-12-22T17:49:36,1,73.15,73.15,7.32,12.51,8.66,87.0,EUR,delivered
O0001853,DE-202210-52733,C000236,S00006,P000118,2025-12-22T17:49:36,1,89.25,89.25,0.0,16.96,11.2,117.41,EUR,delivered
O0001854,DE-202410-57486,C000236,S00006,P000098,2025-11-02T09:30:58,1,126.01,126.01,6.3,22.74,8.87,151.32,EUR,delivered
O0001855,DE-202410-57486,C000236,S00006,P000074,2025-11-02T09:30:58,1,312.65,312.65,0.0,59.4,4.7,376.75,EUR,delivered
O0001856,DE-202203-79084,C000236,S00006,P000040,2025-08-28T09:09:01,2,116.77,233.54,0.0,44.37,11.98,289.89,EUR,delivered
O0001857,DE-202405-58047,C000236,S00006,P000218,2025-08-29T16:31:39,1,139.09,139.09,0.0,26.43,7.73,173.25,EUR,delivered
O0001858,DE-202506-95227,C000236,S00005,P000062,2025-08-16T14:43:43,1,299.77,299.77,0.0,56.96,0.0,356.73,EUR,delivered
O0001859,DE-202506-95227,C000236,S00005,P000043,2025-08-16T14:43:43,3,206.48,619.44,30.97,111.81,7.02,707.3,EUR,delivered
O0001860,DE-202301-85086,C000236,S00006,P000053,2025-12-26T10:57:15,2,671.83,1343.66,67.18,242.53,11.77,1530.78,EUR,delivered
O0001861,DE-202301-85086,C000236,S00006,P000134,2025-12-26T10:57:15,1,510.13,510.13,0.0,96.92,5.2,612.25,EUR,delivered
O0001862,DE-202502-45113,C000236,S00006,P000091,2025-11-27T17:40:29,2,49.78,99.56,0.0,18.92,12.82,131.3,EUR,delivered
O0001863,DE-202511-27332,C000236,S00005,P000214,2025-07-20T09:36:08,1,137.8,137.8,0.0,26.18,0.0,163.98,EUR,delivered
O0001864,SE-202310-68977,C000404,S00015,P000127,2025-10-12T11:48:30,1,428.34,428.34,42.83,96.38,7.56,489.45,EUR,delivered
O0001865,SE-202310-68977,C000404,S00015,P000149,2025-10-12T11:48:30,3,113.95,341.85,34.19,76.92,6.22,390.8,EUR,delivered
O0001866,SE-202205-88845,C000404,S00015,P000075,2025-12-16T15:21:53,5,118.55,592.75,0.0,148.19,7.12,748.06,EUR,delivered
O0001867,SE-202205-88845,C000404,S00015,P000216,2025-12-16T15:21:53,2,39.4,78.8,0.0,19.7,0.0,98.5,EUR,delivered
O0001868,SE-202205-88845,C000404,S00015,P000249,2025-12-16T15:21:53,1,437.22,437.22,21.86,103.84,0.0,519.2,EUR,delivered
O0001869,FR-202512-68921,C000477,S00003,P000189,2025-11-29T20:29:30,1,874.8,874.8,0.0,174.96,7.29,1057.05,EUR,delivered
O0001870,FR-202509-74934,C000477,S00003,P000227,2025-12-30T14:23:30,2,155.52,311.04,0.0,62.21,0.0,373.25,EUR,delivered
O0001871,AT-202203-90397,C000636,S00001,P000032,2024-07-06T16:41:01,3,153.87,461.61,0.0,92.32,5.83,559.76,EUR,delivered
O0001872,AT-202203-90397,C000636,S00001,P000118,2024-07-06T16:41:01,1,79.64,79.64,3.98,15.13,0.0,90.79,EUR,delivered
O0001873,AT-202507-26704,C000636,S00002,P000032,2024-11-04T19:49:44,1,141.74,141.74,0.0,28.35,4.47,174.56,EUR,delivered
O0001874,AT-202507-26704,C000636,S00002,P000064,2024-11-04T19:49:44,2,88.73,177.46,0.0,35.49,11.46,224.41,EUR,delivered
O0001875,AT-202507-26704,C000636,S00002,P000039,2024-11-04T19:49:44,5,448.53,2242.65,112.13,426.1,5.32,2561.94,EUR,delivered
O0001876,AT-202302-24896,C000636,S00002,P000123,2025-10-08T14:19:58,3,154.07,462.21,69.33,78.58,4.1,475.56,EUR,delivered
O0001877,ES-202211-18621,C000621,S00014,P000154,2025-12-12T20:14:13,1,138.97,138.97,0.0,29.18,11.5,179.65,EUR,delivered
O0001878,ES-202211-18621,C000621,S00014,P000247,2025-12-12T20:14:13,5,176.23,881.15,0.0,185.04,7.75,1073.94,EUR,delivered
O0001879,ES-202211-18621,C000621,S00014,P000067,2025-12-12T20:14:13,1,249.67,249.67,12.48,49.81,11.17,298.17,EUR,delivered
O0001880,ES-202211-18621,C000621,S00014,P000202,2025-12-12T20:14:13,1,133.9,133.9,13.39,25.31,4.17,149.99,EUR,delivered
O0001881,ES-202303-66528,C000621,S00013,P000011,2025-04-24T20:15:25,1,188.36,188.36,0.0,39.56,0.0,227.92,EUR,delivered
O0001882,ES-202207-49402,C000621,S00014,P000127,2024-11-14T18:19:19,1,441.58,441.58,0.0,92.73,6.33,540.64,EUR,delivered
O0001883,ES-202212-47242,C000621,S00013,P000182,2025-02-04T14:39:31,2,46.62,93.24,0.0,19.58,7.72,120.54,EUR,delivered
O0001884,ES-202212-47242,C000621,S00013,P000189,2025-02-04T14:39:31,1,816.94,816.94,122.54,145.82,4.99,845.21,EUR,delivered
O0001885,ES-202205-51872,C000621,S00013,P000129,2025-08-26T10:50:44,2,324.61,649.22,0.0,136.34,0.0,785.56,EUR,delivered
O0001886,ES-202204-42279,C000621,S00013,P000171,2024-12-27T13:15:40,1,42.14,42.14,0.0,8.85,0.0,50.99,EUR,delivered
O0001887,ES-202204-42279,C000621,S00013,P000013,2024-12-27T13:15:40,1,126.02,126.02,0.0,26.46,0.0,152.48,EUR,delivered
O0001888,ES-202204-42279,C000621,S00013,P000247,2024-12-27T13:15:40,1,180.78,180.78,0.0,37.96,0.0,218.74,EUR,delivered
O0001889,SE-202401-52493,C000799,S00015,P000206,2025-08-21T11:52:08,1,349.98,349.98,35.0,78.75,0.0,393.73,EUR,delivered
O0001890,SE-202501-87038,C000799,S00016,P000163,2025-12-31T08:17:09,2,283.69,567.38,0.0,141.85,6.74,715.97,EUR,delivered
O0001891,ES-202210-91349,C000565,S00013,P000201,2025-11-23T09:08:20,1,339.16,339.16,0.0,71.22,0.0,410.38,EUR,delivered
O0001892,ES-202312-55253,C000565,S00013,P000241,2025-10-28T11:46:44,4,644.3,2577.2,0.0,541.21,3.54,3121.95,EUR,delivered
O0001893,ES-202506-56916,C000565,S00014,P000241,2025-12-08T14:27:51,2,566.46,1132.92,0.0,237.91,6.2,1377.03,EUR,delivered
O0001894,ES-202502-63807,C000565,S00013,P000180,2025-09-16T16:42:23,3,71.42,214.26,0.0,44.99,0.0,259.25,EUR,delivered
O0001895,ES-202502-63807,C000565,S00013,P000058,2025-09-16T16:42:23,1,52.95,52.95,0.0,11.12,0.0,64.07,EUR,delivered
O0001896,ES-202502-63807,C000565,S00013,P000033,2025-09-16T16:42:23,1,113.99,113.99,5.7,22.74,0.0,131.03,EUR,delivered
O0001897,ES-202508-20137,C000565,S00014,P000127,2025-10-01T19:27:01,1,398.39,398.39,0.0,83.66,10.78,492.83,EUR,delivered
O0001898,ES-202508-20137,C000565,S00014,P000187,2025-10-01T19:27:01,2,22.0,44.0,2.2,8.78,9.39,59.97,EUR,delivered
O0001899,ES-202508-20137,C000565,S00014,P000149,2025-10-01T19:27:01,1,122.13,122.13,0.0,25.65,4.87,152.65,EUR,delivered
O0001900,ES-202301-46837,C000565,S00014,P000243,2025-02-22T11:35:33,1,41.02,41.02,0.0,8.61,8.74,58.37,EUR,delivered
O0001901,ES-202407-88103,C000565,S00013,P000100,2025-09-14T18:37:24,2,141.87,283.74,0.0,59.59,0.0,343.33,EUR,delivered
O0001902,ES-202201-72805,C000565,S00013,P000028,2025-01-23T08:46:40,2,92.46,184.92,0.0,38.83,0.0,223.75,EUR,delivered
O0001903,ES-202201-72805,C000565,S00013,P000169,2025-01-23T08:46:40,1,878.51,878.51,43.93,175.26,7.79,1017.63,EUR,delivered
O0001904,ES-202201-72805,C000565,S00013,P000218,2025-01-23T08:46:40,1,137.07,137.07,0.0,28.78,5.59,171.44,EUR,delivered
O0001905,ES-202201-72805,C000565,S00013,P000112,2025-01-23T08:46:40,2,492.12,984.24,0.0,206.69,0.0,1190.93,EUR,delivered
O0001906,ES-202406-47231,C000565,S00013,P000141,2025-06-14T09:16:24,1,62.63,62.63,0.0,13.15,0.0,75.78,EUR,delivered
O0001907,ES-202406-47231,C000565,S00013,P000237,2025-06-14T09:16:24,3,55.87,167.61,0.0,35.2,0.0,202.81,EUR,delivered
O0001908,ES-202505-56441,C000565,S00014,P000051,2025-02-15T17:50:23,1,13.23,13.23,0.0,2.78,7.94,23.95,EUR,delivered
O0001909,ES-202505-56441,C000565,S00014,P000075,2025-02-15T17:50:23,2,105.38,210.76,10.54,42.05,5.2,247.47,EUR,delivered
O0001910,ES-202505-56441,C000565,S00014,P000233,2025-02-15T17:50:23,1,16.25,16.25,0.0,3.41,10.82,30.48,EUR,delivered
O0001911,ES-202304-71567,C000565,S00014,P000124,2025-11-21T08:43:12,2,28.51,57.02,2.85,11.38,11.55,77.1,EUR,delivered
O0001912,UK-202206-47115,C000609,S00020,P000035,2025-11-03T09:09:16,3,191.91,575.73,0.0,115.15,4.51,695.39,EUR,delivered
O0001913,UK-202206-47115,C000609,S00020,P000093,2025-11-03T09:09:16,1,107.13,107.13,0.0,21.43,12.93,141.49,EUR,delivered
O0001914,UK-202211-83870,C000609,S00019,P000128,2025-12-21T14:40:29,1,137.69,137.69,0.0,27.54,0.0,165.23,EUR,delivered
O0001915,AT-202404-78963,C000392,S00001,P000078,2025-08-23T08:37:05,2,104.05,208.1,0.0,41.62,0.0,249.72,EUR,delivered
O0001916,SE-202402-67367,C000753,S00016,P000156,2025-12-29T14:48:24,2,207.17,414.34,0.0,103.59,11.18,529.11,EUR,delivered
O0001917,SE-202303-54148,C000753,S00015,P000032,2025-10-22T18:25:03,1,137.59,137.59,20.64,29.24,0.0,146.19,EUR,delivered
O0001918,SE-202512-71354,C000753,S00016,P000185,2024-10-02T09:42:23,1,157.36,157.36,0.0,39.34,10.94,207.64,EUR,delivered
O0001919,SE-202512-71354,C000753,S00016,P000208,2024-10-02T09:42:23,1,103.83,103.83,0.0,25.96,7.71,137.5,EUR,delivered
O0001920,SE-202501-81075,C000753,S00015,P000194,2024-10-31T10:31:33,2,96.78,193.56,0.0,48.39,0.0,241.95,EUR,delivered
O0001921,SE-202501-81075,C000753,S00015,P000122,2024-10-31T10:31:33,1,192.36,192.36,0.0,48.09,0.0,240.45,EUR,delivered
O0001922,SE-202405-49705,C000753,S00015,P000061,2024-08-22T20:16:44,1,89.82,89.82,0.0,22.46,0.0,112.28,EUR,delivered
O0001923,SE-202405-49705,C000753,S00015,P000136,2024-08-22T20:16:44,1,71.08,71.08,0.0,17.77,7.18,96.03,EUR,delivered
O0001924,SE-202209-14137,C000753,S00015,P000064,2025-08-10T18:37:51,1,89.31,89.31,4.47,21.21,0.0,106.05,EUR,delivered
O0001925,SE-202502-13212,C000753,S00016,P000210,2025-12-13T20:05:55,1,39.59,39.59,1.98,9.4,5.12,52.13,EUR,delivered
O0001926,SE-202502-13212,C000753,S00016,P000031,2025-12-13T20:05:55,1,35.26,35.26,5.29,7.49,10.08,47.54,EUR,delivered
O0001927,SE-202305-73727,C000753,S00016,P000012,2025-05-05T20:13:18,1,48.93,48.93,0.0,12.23,4.62,65.78,EUR,delivered
O0001928,FR-202202-83710,C000418,S00003,P000057,2023-02-18T13:58:05,1,71.6,71.6,3.58,13.6,0.0,81.62,EUR,delivered
O0001929,FR-202202-83710,C000418,S00003,P000079,2023-02-18T13:58:05,1,62.76,62.76,0.0,12.55,0.0,75.31,EUR,delivered
O0001930,FR-202401-60645,C000418,S00004,P000006,2023-12-15T16:29:33,1,400.99,400.99,0.0,80.2,12.18,493.37,EUR,delivered
O0001931,FR-202406-72102,C000418,S00003,P000014,2024-06-30T18:30:38,2,175.58,351.16,0.0,70.23,5.24,426.63,EUR,delivered
O0001932,FR-202410-92232,C000418,S00004,P000056,2024-11-29T11:15:38,2,151.02,302.04,0.0,60.41,5.66,368.11,EUR,delivered
O0001933,FR-202505-19280,C000418,S00003,P000088,2023-03-10T10:27:48,2,64.16,128.32,12.83,23.1,0.0,138.59,EUR,delivered
O0001934,FR-202505-19280,C000418,S00003,P000236,2023-03-10T10:27:48,1,77.71,77.71,0.0,15.54,6.0,99.25,EUR,delivered
O0001935,FR-202505-19280,C000418,S00003,P000177,2023-03-10T10:27:48,2,93.28,186.56,9.33,35.45,0.0,212.68,EUR,delivered
O0001936,FR-202307-14908,C000418,S00004,P000100,2023-03-03T12:28:18,2,138.2,276.4,0.0,55.28,6.43,338.11,EUR,delivered
O0001937,FR-202307-14908,C000418,S00004,P000151,2023-03-03T12:28:18,1,107.83,107.83,0.0,21.57,9.84,139.24,EUR,delivered
O0001938,FR-202307-14908,C000418,S00004,P000221,2023-03-03T12:28:18,1,101.22,101.22,15.18,17.21,12.28,115.53,EUR,delivered
O0001939,FR-202307-14908,C000418,S00004,P000094,2023-03-03T12:28:18,1,36.57,36.57,1.83,6.95,7.99,49.68,EUR,delivered
O0001940,FR-202311-72976,C000418,S00004,P000248,2025-11-15T17:12:51,1,82.38,82.38,0.0,16.48,11.95,110.81,EUR,delivered
O0001941,FR-202502-85200,C000418,S00004,P000023,2025-12-28T12:39:01,1,158.79,158.79,23.82,26.99,7.2,169.16,EUR,delivered
O0001942,FR-202508-46610,C000418,S00003,P000184,2023-11-17T18:33:19,4,43.52,174.08,0.0,34.82,0.0,208.9,EUR,delivered
O0001943,FR-202508-46610,C000418,S00003,P000247,2023-11-17T18:33:19,1,179.64,179.64,0.0,35.93,0.0,215.57,EUR,delivered
O0001944,ES-202306-41955,C000423,S00013,P000096,2024-10-19T19:51:37,1,35.59,35.59,1.78,7.1,6.06,46.97,EUR,delivered
O0001945,ES-202306-41955,C000423,S00013,P000101,2024-10-19T19:51:37,2,42.95,85.9,0.0,18.04,0.0,103.94,EUR,delivered
O0001946,FR-202407-30286,C000674,S00004,P000200,2025-12-05T19:09:59,3,10.69,32.07,0.0,6.41,9.94,48.42,EUR,delivered
O0001947,FR-202407-30286,C000674,S00004,P000205,2025-12-05T19:09:59,3,26.74,80.22,0.0,16.04,11.3,107.56,EUR,delivered
O0001948,FR-202407-30286,C000674,S00004,P000207,2025-12-05T19:09:59,2,105.19,210.38,0.0,42.08,4.69,257.15,EUR,delivered
O0001949,FR-202305-85563,C000624,S00003,P000235,2025-11-27T15:58:38,1,40.96,40.96,0.0,8.19,0.0,49.15,EUR,delivered
O0001950,FR-202306-70621,C000624,S00003,P000098,2025-11-22T09:24:08,3,132.54,397.62,0.0,79.52,6.74,483.88,EUR,delivered
O0001951,FR-202505-62513,C000624,S00003,P000073,2025-03-13T17:28:00,5,215.42,1077.1,0.0,215.42,0.0,1292.52,EUR,delivered
O0001952,UK-202310-41108,C000222,S00020,P000247,2022-12-24T19:53:06,2,184.65,369.3,0.0,73.86,5.13,448.29,EUR,delivered
O0001953,UK-202310-41108,C000222,S00020,P000099,2022-12-24T19:53:06,3,58.84,176.52,0.0,35.3,9.58,221.4,EUR,delivered
O0001954,UK-202307-17024,C000222,S00019,P000194,2024-11-24T20:50:52,1,100.22,100.22,0.0,20.04,0.0,120.26,EUR,delivered
O0001955,UK-202504-83642,C000222,S00020,P000035,2025-12-12T19:39:40,1,183.12,183.12,9.16,34.79,8.6,217.35,EUR,delivered
O0001956,UK-202504-83642,C000222,S00020,P000022,2025-12-12T19:39:40,2,51.47,102.94,10.29,18.53,9.98,121.16,EUR,delivered
O0001957,UK-202510-91853,C000222,S00019,P000120,2024-12-15T19:52:35,1,304.68,304.68,0.0,60.94,0.0,365.62,EUR,delivered
O0001958,UK-202510-91853,C000222,S00019,P000049,2024-12-15T19:52:35,2,304.92,609.84,0.0,121.97,0.0,731.81,EUR,delivered
O0001959,UK-202510-91853,C000222,S00019,P000234,2024-12-15T19:52:35,2,15.83,31.66,3.17,5.7,0.0,34.19,EUR,delivered
O0001960,UK-202412-64917,C000222,S00019,P000222,2022-12-26T09:49:33,1,57.13,57.13,2.86,10.85,0.0,65.12,EUR,delivered
O0001961,UK-202412-64917,C000222,S00019,P000006,2022-12-26T09:49:33,1,381.64,381.64,0.0,76.33,0.0,457.97,EUR,delivered
O0001962,UK-202301-30387,C000222,S00019,P000058,2023-06-15T09:44:40,1,54.35,54.35,0.0,10.87,0.0,65.22,EUR,delivered
O0001963,UK-202508-66956,C000222,S00020,P000017,2025-07-05T10:14:50,1,63.0,63.0,0.0,12.6,11.09,86.69,EUR,delivered
O0001964,UK-202508-66956,C000222,S00020,P000143,2025-07-05T10:14:50,1,109.13,109.13,0.0,21.83,7.61,138.57,EUR,delivered
O0001965,UK-202502-32912,C000222,S00020,P000142,2023-05-27T17:16:38,1,166.46,166.46,0.0,33.29,10.84,210.59,EUR,delivered
O0001966,UK-202502-32912,C000222,S00020,P000213,2023-05-27T17:16:38,1,171.78,171.78,0.0,34.36,12.64,218.78,EUR,delivered
O0001967,UK-202502-32912,C000222,S00020,P000041,2023-05-27T17:16:38,3,113.92,341.76,0.0,68.35,10.32,420.43,EUR,delivered
O0001968,UK-202509-24806,C000222,S00019,P000007,2023-08-15T11:14:02,2,156.13,312.26,0.0,62.45,0.0,374.71,EUR,delivered
O0001969,UK-202406-55576,C000222,S00019,P000133,2025-11-05T19:56:10,4,40.87,163.48,8.17,31.06,0.0,186.37,EUR,delivered
O0001970,UK-202406-55576,C000222,S00019,P000233,2025-11-05T19:56:10,2,16.23,32.46,4.87,5.52,0.0,33.11,EUR,delivered
O0001971,UK-202406-55576,C000222,S00019,P000013,2025-11-05T19:56:10,1,124.51,124.51,6.23,23.66,0.0,141.94,EUR,delivered
O0001972,UK-202204-29104,C000222,S00019,P000157,2024-04-16T09:34:50,1,162.42,162.42,0.0,32.48,0.0,194.9,EUR,delivered
O0001973,UK-202312-69686,C000222,S00019,P000087,2025-07-06T15:54:37,2,73.16,146.32,0.0,29.26,4.34,179.92,EUR,delivered
O0001974,UK-202202-18439,C000222,S00020,P000179,2023-04-25T14:59:29,1,66.24,66.24,0.0,13.25,9.87,89.36,EUR,delivered
O0001975,UK-202502-23554,C000222,S00019,P000051,2025-12-01T12:46:54,2,14.31,28.62,0.0,5.72,3.15,37.49,EUR,delivered
O0001976,UK-202310-31774,C000222,S00020,P000211,2024-07-31T16:29:14,2,236.95,473.9,0.0,94.78,5.54,574.22,EUR,delivered
O0001977,UK-202310-31774,C000222,S00020,P000043,2024-07-31T16:29:14,1,218.68,218.68,32.8,37.18,10.85,233.91,EUR,delivered
O0001978,UK-202310-31774,C000222,S00020,P000028,2024-07-31T16:29:14,1,90.9,90.9,0.0,18.18,8.24,117.32,EUR,delivered
O0001979,UK-202310-31774,C000222,S00020,P000224,2024-07-31T16:29:14,1,218.62,218.62,21.86,39.35,8.94,245.05,EUR,delivered
O0001980,UK-202309-71598,C000222,S00020,P000176,2022-11-16T18:45:10,1,31.09,31.09,0.0,6.22,9.61,46.92,EUR,delivered
O0001981,UK-202309-71598,C000222,S00020,P000192,2022-11-16T18:45:10,2,97.54,195.08,0.0,39.02,10.37,244.47,EUR,delivered
O0001982,UK-202206-20585,C000222,S00019,P000178,2022-12-08T12:44:34,1,454.87,454.87,0.0,90.97,0.0,545.84,EUR,delivered
O0001983,UK-202206-20585,C000222,S00019,P000032,2022-12-08T12:44:34,1,135.48,135.48,0.0,27.1,0.0,162.58,EUR,delivered
O0001984,UK-202206-20585,C000222,S00019,P000222,2022-12-08T12:44:34,2,58.54,117.08,5.85,22.25,0.0,133.48,EUR,delivered
O0001985,NL-202411-28657,C000628,S00010,P000246,2025-12-30T13:51:13,1,183.39,183.39,0.0,38.51,9.45,231.35,EUR,delivered
O0001986,NL-202411-28657,C000628,S00010,P000193,2025-12-30T13:51:13,3,77.0,231.0,0.0,48.51,7.79,287.3,EUR,delivered
O0001987,NL-202510-60529,C000628,S00010,P000093,2025-01-02T11:13:54,3,98.59,295.77,0.0,62.11,4.89,362.77,EUR,delivered
O0001988,FR-202505-86059,C000652,S00004,P000083,2022-04-11T16:18:18,2,109.93,219.86,0.0,43.97,9.21,273.04,EUR,delivered
O0001989,FR-202505-86059,C000652,S00004,P000008,2022-04-11T16:18:18,1,37.93,37.93,0.0,7.59,9.27,54.79,EUR,delivered
O0001990,FR-202505-86059,C000652,S00004,P000082,2022-04-11T16:18:18,1,276.81,276.81,0.0,55.36,11.35,343.52,EUR,delivered
O0001991,FR-202510-85123,C000652,S00004,P000041,2024-12-25T20:12:07,1,104.0,104.0,0.0,20.8,5.45,130.25,EUR,delivered
O0001992,FR-202206-75957,C000652,S00003,P000067,2024-11-03T18:19:15,1,249.89,249.89,12.49,47.48,0.0,284.88,EUR,delivered
O0001993,FR-202503-54546,C000652,S00003,P000082,2023-10-20T20:06:05,1,286.11,286.11,0.0,57.22,0.0,343.33,EUR,delivered
O0001994,FR-202308-68369,C000652,S00003,P000005,2022-06-19T09:28:17,1,280.22,280.22,14.01,53.24,0.0,319.45,EUR,delivered
O0001995,FR-202308-68369,C000652,S00003,P000058,2022-06-19T09:28:17,2,51.68,103.36,5.17,19.64,0.0,117.83,EUR,delivered
O0001996,FR-202502-50566,C000652,S00003,P000174,2024-08-23T11:23:44,1,149.65,149.65,0.0,29.93,0.0,179.58,EUR,delivered
O0001997,FR-202412-56219,C000652,S00004,P000022,2023-07-27T15:38:38,2,51.72,103.44,5.17,19.65,10.82,128.74,EUR,delivered
O0001998,FR-202412-56219,C000652,S00004,P000171,2023-07-27T15:38:38,1,48.15,48.15,0.0,9.63,6.24,64.02,EUR,delivered
O0001999,FR-202412-56219,C000652,S00004,P000198,2023-07-27T15:38:38,2,229.38,458.76,0.0,91.75,7.49,558.0,EUR,delivered
O0002000,FR-202412-56219,C000652,S00004,P000248,2023-07-27T15:38:38,1,88.07,88.07,8.81,15.85,12.7,107.81,EUR,delivered
O0002001,UK-202501-24290,C000792,S00020,P000050,2025-12-28T10:11:07,1,33.77,33.77,0.0,6.75,6.44,46.96,EUR,delivered
O0002002,UK-202501-24290,C000792,S00020,P000178,2025-12-28T10:11:07,1,507.57,507.57,0.0,101.51,8.56,617.64,EUR,delivered
O0002003,UK-202501-24290,C000792,S00020,P000149,2025-12-28T10:11:07,2,122.18,244.36,0.0,48.87,6.04,299.27,EUR,delivered
O0002004,IT-202505-61172,C000719,S00007,P000161,2025-12-09T19:53:36,3,361.85,1085.55,0.0,238.82,0.0,1324.37,EUR,delivered
O0002005,IT-202505-61172,C000719,S00007,P000145,2025-12-09T19:53:36,4,300.74,1202.96,120.3,238.19,7.27,1328.12,EUR,delivered
O0002006,IT-202304-78271,C000683,S00008,P000129,2025-10-31T18:22:56,2,345.08,690.16,0.0,151.84,9.86,851.86,EUR,delivered
O0002007,IT-202304-78271,C000683,S00008,P000185,2025-10-31T18:22:56,1,163.4,163.4,8.17,34.15,12.71,202.09,EUR,delivered
O0002008,IT-202304-78271,C000683,S00008,P000242,2025-10-31T18:22:56,1,39.39,39.39,0.0,8.67,12.17,60.23,EUR,delivered
O0002009,CH-202211-10533,C000606,S00018,P000214,2025-09-08T12:39:37,1,132.45,132.45,13.25,9.54,9.93,138.67,EUR,delivered
O0002010,CH-202211-10533,C000606,S00018,P000237,2025-09-08T12:39:37,3,55.62,166.86,0.0,13.35,12.66,192.87,EUR,delivered
O0002011,CH-202211-10533,C000606,S00018,P000164,2025-09-08T12:39:37,1,368.87,368.87,36.89,26.56,10.68,369.22,EUR,delivered
O0002012,CH-202211-10533,C000606,S00018,P000073,2025-09-08T12:39:37,1,215.23,215.23,21.52,15.5,6.55,215.76,EUR,delivered
O0002013,PL-202305-69234,C000154,S00012,P000063,2024-04-12T14:01:59,1,49.33,49.33,0.0,11.35,12.58,73.26,EUR,delivered
O0002014,PL-202305-69234,C000154,S00012,P000085,2024-04-12T14:01:59,2,704.51,1409.02,70.45,307.87,8.15,1654.59,EUR,delivered
O0002015,PL-202305-69234,C000154,S00012,P000164,2024-04-12T14:01:59,2,380.15,760.3,114.05,148.64,7.26,802.15,EUR,delivered
O0002016,PL-202408-76503,C000154,S00011,P000094,2025-01-07T14:42:51,10,35.15,351.5,0.0,80.85,0.0,432.35,EUR,delivered
O0002017,PL-202408-76503,C000154,S00011,P000132,2025-01-07T14:42:51,3,160.38,481.14,0.0,110.66,0.0,591.8,EUR,delivered
O0002018,NL-202211-71075,C000036,S00010,P000166,2024-03-27T18:40:55,2,208.39,416.78,0.0,87.52,5.95,510.25,EUR,delivered
O0002019,NL-202303-35001,C000036,S00009,P000146,2024-11-02T08:15:57,2,282.16,564.32,0.0,118.51,3.21,686.04,EUR,delivered
O0002020,NL-202304-21403,C000036,S00009,P000078,2025-10-16T13:12:10,1,96.2,96.2,0.0,20.2,0.0,116.4,EUR,delivered
O0002021,NL-202304-21403,C000036,S00009,P000169,2025-10-16T13:12:10,2,854.56,1709.12,0.0,358.92,0.0,2068.04,EUR,delivered
O0002022,NL-202408-73871,C000036,S00009,P000059,2024-11-30T17:21:56,1,298.21,298.21,14.91,59.49,3.2,345.99,EUR,delivered
O0002023,NL-202301-15367,C000036,S00010,P000065,2024-12-04T09:12:26,1,237.44,237.44,11.87,47.37,4.96,277.9,EUR,delivered
O0002024,NL-202301-15367,C000036,S00010,P000235,2024-12-04T09:12:26,2,44.58,89.16,0.0,18.72,12.6,120.48,EUR,delivered
O0002025,NL-202301-15367,C000036,S00010,P000090,2024-12-04T09:12:26,1,356.48,356.48,17.82,71.12,4.12,413.9,EUR,delivered
O0002026,NL-202301-15367,C000036,S00010,P000067,2024-12-04T09:12:26,1,224.91,224.91,11.25,44.87,4.92,263.45,EUR,delivered
O0002027,NL-202303-29585,C000036,S00009,P000105,2025-07-28T08:23:24,2,104.46,208.92,0.0,43.87,0.0,252.79,EUR,delivered
O0002028,AT-202406-54578,C000289,S00002,P000002,2024-12-31T14:13:45,1,68.87,68.87,0.0,13.77,10.04,92.68,EUR,delivered
O0002029,AT-202304-94694,C000289,S00001,P000064,2025-08-02T11:36:46,1,86.11,86.11,4.31,16.36,4.99,103.15,EUR,delivered
O0002030,AT-202304-94694,C000289,S00001,P000208,2025-08-02T11:36:46,1,100.11,100.11,5.01,19.02,0.0,114.12,EUR,delivered
O0002031,ES-202510-12276,C000538,S00013,P000084,2024-07-20T08:36:28,1,56.46,56.46,2.82,11.26,0.0,64.9,EUR,delivered
O0002032,IT-202501-18799,C000083,S00008,P000051,2023-11-04T08:03:13,1,14.08,14.08,0.0,3.1,5.46,22.64,EUR,delivered
O0002033,IT-202501-18799,C000083,S00008,P000077,2023-11-04T08:03:13,1,274.37,274.37,0.0,60.36,9.83,344.56,EUR,delivered
O0002034,IT-202311-40305,C000083,S00007,P000028,2023-11-26T14:50:41,1,92.78,92.78,0.0,20.41,3.2,116.39,EUR,delivered
O0002035,IT-202311-40305,C000083,S00007,P000214,2023-11-26T14:50:41,1,134.43,134.43,13.44,26.62,0.0,147.61,EUR,delivered
O0002036,IT-202508-46664,C000083,S00007,P000123,2025-07-12T13:18:39,3,162.9,488.7,48.87,96.76,3.3,539.89,EUR,delivered
O0002037,IT-202508-46664,C000083,S00007,P000136,2025-07-12T13:18:39,1,69.48,69.48,3.47,14.52,6.73,87.26,EUR,delivered
O0002038,DE-202202-31942,C000482,S00006,P000091,2025-03-03T12:16:26,1,52.18,52.18,0.0,9.91,4.11,66.2,EUR,delivered
O0002039,DE-202202-31942,C000482,S00006,P000145,2025-03-03T12:16:26,2,306.25,612.5,61.25,104.74,9.81,665.8,EUR,delivered
O0002040,DE-202408-30398,C000482,S00006,P000175,2024-06-11T15:13:28,1,101.83,101.83,0.0,19.35,4.02,125.2,EUR,delivered
O0002041,DE-202408-30398,C000482,S00006,P000117,2024-06-11T15:13:28,2,279.57,559.14,0.0,106.24,8.3,673.68,EUR,delivered
O0002042,UK-202501-66882,C000145,S00019,P000231,2025-12-10T16:32:38,1,113.64,113.64,5.68,21.59,0.0,129.55,EUR,delivered
O0002043,UK-202501-66882,C000145,S00019,P000137,2025-12-10T16:32:38,2,130.32,260.64,0.0,52.13,6.53,319.3,EUR,delivered
O0002044,UK-202505-25666,C000145,S00020,P000130,2024-10-03T13:55:31,1,50.47,50.47,2.52,9.59,7.57,65.11,EUR,delivered
O0002045,ES-202204-19734,C000262,S00014,P000160,2023-05-27T15:55:36,1,346.36,346.36,0.0,72.74,10.85,429.95,EUR,delivered
O0002046,ES-202204-19734,C000262,S00014,P000036,2023-05-27T15:55:36,1,110.44,110.44,0.0,23.19,12.84,146.47,EUR,delivered
O0002047,ES-202204-19734,C000262,S00014,P000146,2023-05-27T15:55:36,2,288.61,577.22,57.72,109.1,11.12,639.72,EUR,delivered
O0002048,ES-202210-89158,C000262,S00013,P000001,2024-05-24T12:35:01,1,211.98,211.98,10.6,42.29,5.42,249.09,EUR,delivered
O0002049,ES-202210-89158,C000262,S00013,P000177,2024-05-24T12:35:01,3,94.34,283.02,0.0,59.43,0.0,342.45,EUR,delivered
O0002050,ES-202212-17184,C000262,S00014,P000145,2022-06-07T11:14:27,1,310.45,310.45,0.0,65.19,10.02,385.66,EUR,delivered
O0002051,ES-202212-17184,C000262,S00014,P000184,2022-06-07T11:14:27,1,41.43,41.43,0.0,8.7,11.45,61.58,EUR,delivered
O0002052,ES-202212-17184,C000262,S00014,P000150,2022-06-07T11:14:27,4,578.85,2315.4,0.0,486.23,11.33,2812.96,EUR,delivered
O0002053,ES-202212-17184,C000262,S00014,P000113,2022-06-07T11:14:27,1,377.45,377.45,0.0,79.26,5.58,462.29,EUR,delivered
O0002054,ES-202401-29476,C000262,S00014,P000158,2023-05-25T15:10:43,1,234.05,234.05,11.7,46.69,9.57,278.61,EUR,delivered
O0002055,ES-202401-29476,C000262,S00014,P000177,2023-05-25T15:10:43,3,94.3,282.9,0.0,59.41,9.42,351.73,EUR,delivered
O0002056,ES-202401-29476,C000262,S00014,P000156,2023-05-25T15:10:43,1,210.48,210.48,10.52,41.99,9.96,251.91,EUR,delivered
O0002057,ES-202411-40155,C000262,S00014,P000209,2024-07-23T19:28:47,1,112.2,112.2,5.61,22.38,10.11,139.08,EUR,delivered
O0002058,ES-202411-94993,C000262,S00013,P000181,2023-03-17T14:18:07,1,160.99,160.99,8.05,32.12,4.82,189.88,EUR,delivered
O0002059,ES-202304-70107,C000262,S00013,P000194,2025-03-28T20:48:25,1,96.04,96.04,4.8,19.16,6.83,117.23,EUR,delivered
O0002060,ES-202304-70107,C000262,S00013,P000173,2025-03-28T20:48:25,1,351.06,351.06,0.0,73.72,7.03,431.81,EUR,delivered
O0002061,ES-202505-88474,C000262,S00013,P000020,2024-03-10T17:46:25,2,109.28,218.56,0.0,45.9,4.68,269.14,EUR,delivered
O0002062,ES-202505-88474,C000262,S00013,P000067,2024-03-10T17:46:25,1,234.37,234.37,0.0,49.22,0.0,283.59,EUR,delivered
O0002063,FR-202405-53345,C000775,S00003,P000093,2025-12-10T16:27:13,1,99.91,99.91,0.0,19.98,0.0,119.89,EUR,delivered
O0002064,FR-202202-21865,C000775,S00003,P000134,2025-12-10T20:44:55,1,469.66,469.66,0.0,93.93,0.0,563.59,EUR,delivered
O0002065,FR-202410-39146,C000775,S00003,P000052,2025-10-18T17:26:07,1,205.66,205.66,10.28,39.08,7.25,241.71,EUR,delivered
O0002066,FR-202410-39146,C000775,S00003,P000206,2025-10-18T17:26:07,1,388.46,388.46,38.85,69.92,0.0,419.53,EUR,delivered
O0002067,AT-202505-30298,C000790,S00002,P000084,2025-12-28T15:42:59,1,60.55,60.55,0.0,12.11,9.16,81.82,EUR,delivered
O0002068,AT-202509-23366,C000790,S00001,P000062,2025-12-14T20:18:30,1,269.51,269.51,0.0,53.9,0.0,323.41,EUR,delivered
O0002069,AT-202509-23366,C000790,S00001,P000183,2025-12-14T20:18:30,1,49.82,49.82,4.98,8.97,7.92,61.73,EUR,delivered
O0002070,AT-202509-23366,C000790,S00001,P000069,2025-12-14T20:18:30,3,54.87,164.61,0.0,32.92,0.0,197.53,EUR,delivered
O0002071,AT-202509-23366,C000790,S00001,P000075,2025-12-14T20:18:30,1,112.05,112.05,5.6,21.29,0.0,127.74,EUR,delivered
O0002072,CH-202310-33714,C000324,S00018,P000163,2025-10-06T14:39:58,10,293.85,2938.5,293.85,211.57,6.97,2863.19,EUR,delivered
O0002073,CH-202310-33714,C000324,S00018,P000114,2025-10-06T14:39:58,1,800.65,800.65,80.07,57.65,10.82,789.05,EUR,delivered
O0002074,CH-202204-46390,C000324,S00017,P000174,2025-11-06T10:46:59,10,153.78,1537.8,76.89,116.87,5.16,1582.94,EUR,delivered
O0002075,CH-202204-46390,C000324,S00017,P000053,2025-11-06T10:46:59,2,662.06,1324.12,198.62,90.04,5.9,1221.44,EUR,delivered
O0002076,FR-202407-42662,C000180,S00003,P000073,2023-05-14T12:53:33,2,208.16,416.32,20.82,79.1,0.0,474.6,EUR,delivered
O0002077,FR-202202-57204,C000180,S00004,P000058,2025-07-16T10:45:08,5,58.61,293.05,0.0,58.61,7.76,359.42,EUR,delivered
O0002078,FR-202202-57204,C000180,S00004,P000226,2025-07-16T10:45:08,2,79.65,159.3,15.93,28.67,12.7,184.74,EUR,delivered
O0002079,FR-202207-14603,C000180,S00003,P000211,2024-04-22T12:15:15,5,224.4,1122.0,112.2,201.96,6.74,1218.5,EUR,delivered
O0002080,DE-202502-80371,C000195,S00006,P000088,2024-12-29T12:19:29,3,61.96,185.88,0.0,35.32,8.88,230.08,EUR,delivered
O0002081,DE-202502-80371,C000195,S00006,P000047,2024-12-29T12:19:29,1,158.3,158.3,0.0,30.08,12.13,200.51,EUR,delivered
O0002082,DE-202502-80371,C000195,S00006,P000016,2024-12-29T12:19:29,1,318.67,318.67,31.87,54.49,7.74,349.03,EUR,delivered
O0002083,DE-202412-49165,C000195,S00006,P000088,2025-10-08T13:32:25,1,69.06,69.06,0.0,13.12,12.36,94.54,EUR,delivered
O0002084,DE-202311-82217,C000195,S00005,P000136,2022-10-26T10:58:42,1,78.13,78.13,7.81,13.36,0.0,83.68,EUR,delivered
O0002085,DE-202311-82217,C000195,S00005,P000108,2022-10-26T10:58:42,1,106.29,106.29,0.0,20.2,3.87,130.36,EUR,delivered
O0002086,DE-202312-79810,C000195,S00006,P000169,2025-11-01T13:09:02,3,870.64,2611.92,0.0,496.26,8.99,3117.17,EUR,delivered
O0002087,DE-202502-31965,C000195,S00005,P000132,2025-11-04T11:55:27,3,155.28,465.84,0.0,88.51,0.0,554.35,EUR,delivered
O0002088,DE-202502-31965,C000195,S00005,P000246,2025-11-04T11:55:27,1,175.65,175.65,0.0,33.37,0.0,209.02,EUR,delivered
O0002089,DE-202502-31965,C000195,S00005,P000032,2025-11-04T11:55:27,1,148.95,148.95,22.34,24.06,3.74,154.41,EUR,delivered
O0002090,DE-202502-31965,C000195,S00005,P000110,2025-11-04T11:55:27,1,63.66,63.66,0.0,12.1,0.0,75.76,EUR,delivered
O0002091,DE-202408-20484,C000195,S00005,P000161,2022-12-03T16:14:52,1,376.98,376.98,18.85,68.04,6.51,432.68,EUR,delivered
O0002092,DE-202504-54842,C000195,S00006,P000211,2023-11-01T18:08:54,1,227.25,227.25,0.0,43.18,8.77,279.2,EUR,delivered
O0002093,DE-202504-54842,C000195,S00006,P000126,2023-11-01T18:08:54,2,338.67,677.34,0.0,128.69,5.12,811.15,EUR,delivered
O0002094,DE-202504-54842,C000195,S00006,P000179,2023-11-01T18:08:54,1,64.19,64.19,3.21,11.59,5.13,77.7,EUR,delivered
O0002095,DE-202408-12968,C000195,S00006,P000083,2025-06-28T08:48:46,2,113.5,227.0,0.0,43.13,9.2,279.33,EUR,delivered
O0002096,DE-202408-12968,C000195,S00006,P000085,2025-06-28T08:48:46,1,709.98,709.98,0.0,134.9,4.34,849.22,EUR,delivered
O0002097,DE-202408-12968,C000195,S00006,P000228,2025-06-28T08:48:46,1,665.49,665.49,99.82,107.48,8.83,681.98,EUR,delivered
O0002098,DE-202408-12968,C000195,S00006,P000131,2025-06-28T08:48:46,4,88.37,353.48,0.0,67.16,9.73,430.37,EUR,delivered
O0002099,DE-202407-94531,C000195,S00006,P000003,2024-10-20T20:55:21,5,132.68,663.4,33.17,119.74,12.07,762.04,EUR,delivered
O0002100,DE-202508-39919,C000195,S00005,P000041,2024-12-09T17:54:04,4,108.69,434.76,0.0,82.6,7.45,524.81,EUR,delivered
O0002101,DE-202508-39919,C000195,S00005,P000136,2024-12-09T17:54:04,1,74.63,74.63,7.46,12.76,0.0,79.93,EUR,delivered
O0002102,DE-202508-39919,C000195,S00005,P000083,2024-12-09T17:54:04,2,115.9,231.8,34.77,37.44,0.0,234.47,EUR,delivered
O0002103,DE-202508-39919,C000195,S00005,P000134,2024-12-09T17:54:04,1,468.8,468.8,0.0,89.07,0.0,557.87,EUR,delivered
O0002104,DE-202301-21159,C000195,S00005,P000030,2022-12-18T11:36:32,2,722.79,1445.58,0.0,274.66,3.71,1723.95,EUR,delivered
O0002105,DE-202304-56642,C000195,S00006,P000250,2024-12-17T13:57:56,2,163.14,326.28,0.0,61.99,5.96,394.23,EUR,delivered
O0002106,DE-202304-56642,C000195,S00006,P000010,2024-12-17T13:57:56,1,49.7,49.7,0.0,9.44,7.62,66.76,EUR,delivered
O0002107,DE-202203-93347,C000195,S00006,P000233,2023-10-02T20:29:04,1,16.14,16.14,0.81,2.91,6.65,24.89,EUR,delivered
O0002108,DE-202203-93347,C000195,S00006,P000091,2023-10-02T20:29:04,5,48.08,240.4,0.0,45.68,9.12,295.2,EUR,delivered
O0002109,DE-202203-93347,C000195,S00006,P000108,2023-10-02T20:29:04,5,92.51,462.55,0.0,87.88,12.06,562.49,EUR,delivered
O0002110,DE-202203-93347,C000195,S00006,P000157,2023-10-02T20:29:04,1,162.66,162.66,0.0,30.91,10.38,203.95,EUR,delivered
O0002111,DE-202208-25038,C000195,S00006,P000157,2024-03-13T12:57:04,2,150.44,300.88,30.09,51.45,12.06,334.3,EUR,delivered
O0002112,DE-202208-25038,C000195,S00006,P000237,2024-03-13T12:57:04,1,61.12,61.12,6.11,10.45,12.04,77.5,EUR,delivered
O0002113,DE-202302-61689,C000195,S00006,P000074,2025-10-21T17:40:45,3,313.63,940.89,47.04,169.83,6.87,1070.55,EUR,delivered
O0002114,DE-202204-15290,C000195,S00005,P000050,2024-09-27T20:39:56,1,38.08,38.08,0.0,7.24,3.93,49.25,EUR,delivered
O0002115,UK-202411-41715,C000666,S00019,P000003,2025-08-22T19:18:56,1,132.91,132.91,13.29,23.92,5.87,149.41,EUR,delivered
O0002116,UK-202411-41715,C000666,S00019,P000177,2025-08-22T19:18:56,1,100.71,100.71,0.0,20.14,0.0,120.85,EUR,delivered
O0002117,UK-202411-41715,C000666,S00019,P000146,2025-08-22T19:18:56,1,309.25,309.25,15.46,58.76,0.0,352.55,EUR,delivered
O0002118,UK-202411-41715,C000666,S00019,P000250,2025-08-22T19:18:56,2,154.6,309.2,0.0,61.84,0.0,371.04,EUR,delivered
O0002119,UK-202510-43145,C000666,S00019,P000075,2025-09-09T18:15:57,1,112.36,112.36,0.0,22.47,6.9,141.73,EUR,delivered
O0002120,UK-202305-40569,C000666,S00020,P000193,2025-07-01T15:04:12,2,76.8,153.6,15.36,27.65,7.84,173.73,EUR,delivered
O0002121,UK-202502-34332,C000666,S00020,P000007,2024-06-24T10:07:49,1,157.73,157.73,7.89,29.97,5.82,185.63,EUR,delivered
O0002122,UK-202204-15168,C000666,S00019,P000132,2025-02-07T12:35:02,2,157.09,314.18,15.71,59.69,5.88,364.04,EUR,delivered
O0002123,FR-202505-57246,C000129,S00003,P000148,2025-10-05T17:06:43,1,148.72,148.72,0.0,29.74,6.63,185.09,EUR,delivered
O0002124,FR-202505-57246,C000129,S00003,P000129,2025-10-05T17:06:43,2,317.92,635.84,95.38,108.09,0.0,648.55,EUR,delivered
O0002125,FR-202511-62257,C000129,S00004,P000229,2025-12-31T19:56:44,1,32.17,32.17,0.0,6.43,11.98,50.58,EUR,delivered
O0002126,FR-202511-62257,C000129,S00004,P000021,2025-12-31T19:56:44,2,120.09,240.18,0.0,48.04,11.31,299.53,EUR,delivered
O0002127,FR-202511-62257,C000129,S00004,P000216,2025-12-31T19:56:44,1,39.92,39.92,0.0,7.98,5.42,53.32,EUR,delivered
O0002128,FR-202511-62257,C000129,S00004,P000054,2025-12-31T19:56:44,2,116.88,233.76,0.0,46.75,11.18,291.69,EUR,delivered
O0002129,FR-202407-13645,C000631,S00004,P000015,2024-10-20T16:30:49,2,47.92,95.84,4.79,18.21,5.37,114.63,EUR,delivered
O0002130,IT-202503-39634,C000140,S00007,P000048,2025-06-24T11:07:25,1,29.1,29.1,1.46,6.08,0.0,33.72,EUR,delivered
O0002131,IT-202206-67605,C000140,S00007,P000051,2025-06-24T17:39:24,1,13.88,13.88,0.0,3.05,0.0,16.93,EUR,delivered
O0002132,IT-202206-67605,C000140,S00007,P000106,2025-06-24T17:39:24,2,70.87,141.74,0.0,31.18,4.22,177.14,EUR,delivered
O0002133,IT-202206-67605,C000140,S00007,P000220,2025-06-24T17:39:24,2,40.23,80.46,0.0,17.7,3.29,101.45,EUR,delivered
O0002134,IT-202502-99284,C000140,S00008,P000230,2025-09-16T20:01:37,1,85.23,85.23,0.0,18.75,5.94,109.92,EUR,delivered
O0002135,IT-202502-99284,C000140,S00008,P000067,2025-09-16T20:01:37,1,224.95,224.95,11.25,47.01,7.03,267.74,EUR,delivered
O0002136,UK-202505-47396,C000247,S00019,P000184,2025-12-16T10:15:29,3,44.33,132.99,0.0,26.6,4.62,164.21,EUR,delivered
O0002137,UK-202311-58999,C000247,S00020,P000225,2025-08-10T09:13:39,5,37.72,188.6,0.0,37.72,5.48,231.8,EUR,delivered
O0002138,UK-202311-58999,C000247,S00020,P000240,2025-08-10T09:13:39,2,431.82,863.64,0.0,172.73,12.17,1048.54,EUR,delivered
O0002139,UK-202311-58999,C000247,S00020,P000197,2025-08-10T09:13:39,1,103.86,103.86,0.0,20.77,9.05,133.68,EUR,delivered
O0002140,UK-202303-41525,C000247,S00019,P000131,2025-06-01T11:26:16,1,95.86,95.86,0.0,19.17,0.0,115.03,EUR,delivered
O0002141,UK-202512-44832,C000247,S00019,P000056,2025-06-30T20:05:08,1,136.91,136.91,0.0,27.38,0.0,164.29,EUR,delivered
O0002142,UK-202501-25968,C000247,S00020,P000195,2025-10-12T08:32:06,1,124.18,124.18,0.0,24.84,8.89,157.91,EUR,delivered
O0002143,UK-202412-38072,C000247,S00020,P000097,2025-03-22T16:24:07,1,313.09,313.09,0.0,62.62,4.79,380.5,EUR,delivered
O0002144,UK-202307-12901,C000247,S00020,P000229,2025-08-10T18:17:24,1,33.1,33.1,3.31,5.96,12.48,48.23,EUR,delivered
O0002145,UK-202307-12901,C000247,S00020,P000044,2025-08-10T18:17:24,5,34.11,170.55,0.0,34.11,4.8,209.46,EUR,delivered
O0002146,UK-202307-12901,C000247,S00020,P000099,2025-08-10T18:17:24,1,53.34,53.34,0.0,10.67,11.18,75.19,EUR,delivered
O0002147,UK-202307-12901,C000247,S00020,P000243,2025-08-10T18:17:24,1,41.96,41.96,0.0,8.39,7.03,57.38,EUR,delivered
O0002148,UK-202411-63775,C000247,S00020,P000240,2025-02-20T08:54:05,2,412.29,824.58,0.0,164.92,5.34,994.84,EUR,delivered
O0002149,UK-202309-59336,C000247,S00020,P000243,2025-11-16T19:06:41,1,42.66,42.66,0.0,8.53,7.3,58.49,EUR,delivered
O0002150,UK-202309-59336,C000247,S00020,P000111,2025-11-16T19:06:41,2,646.3,1292.6,0.0,258.52,11.53,1562.65,EUR,delivered
O0002151,UK-202309-59336,C000247,S00020,P000220,2025-11-16T19:06:41,2,34.67,69.34,3.47,13.17,5.73,84.77,EUR,delivered
O0002152,IT-202212-89240,C000595,S00007,P000047,2025-09-05T13:02:34,3,164.25,492.75,49.28,97.56,7.73,548.76,EUR,delivered
O0002153,IT-202305-79165,C000595,S00008,P000005,2024-12-21T19:30:52,3,278.77,836.31,0.0,183.99,9.94,1030.24,EUR,delivered
O0002154,IT-202305-79165,C000595,S00008,P000105,2024-12-21T19:30:52,1,112.17,112.17,0.0,24.68,5.62,142.47,EUR,delivered
O0002155,IT-202405-47366,C000595,S00008,P000187,2025-06-15T12:08:53,2,21.97,43.94,2.2,9.18,7.17,58.09,EUR,delivered
O0002156,IT-202503-72213,C000595,S00008,P000187,2025-04-08T08:07:26,2,20.7,41.4,0.0,9.11,8.14,58.65,EUR,delivered
O0002157,IT-202503-72213,C000595,S00008,P000250,2025-04-08T08:07:26,2,147.59,295.18,14.76,61.69,9.26,351.37,EUR,delivered
O0002158,IT-202503-72213,C000595,S00008,P000234,2025-04-08T08:07:26,1,16.48,16.48,0.82,3.45,10.39,29.5,EUR,delivered
O0002159,IT-202503-72213,C000595,S00008,P000218,2025-04-08T08:07:26,2,138.17,276.34,0.0,60.79,12.18,349.31,EUR,delivered
O0002160,IT-202512-21940,C000595,S00007,P000026,2024-09-17T08:29:35,1,873.47,873.47,0.0,192.16,3.19,1068.82,EUR,delivered
O0002161,IT-202512-21940,C000595,S00007,P000172,2024-09-17T08:29:35,1,240.31,240.31,24.03,47.58,0.0,263.86,EUR,delivered
O0002162,IT-202512-21940,C000595,S00007,P000157,2024-09-17T08:29:35,2,149.43,298.86,29.89,59.17,0.0,328.14,EUR,delivered
O0002163,IT-202512-21940,C000595,S00007,P000160,2024-09-17T08:29:35,2,389.79,779.58,77.96,154.36,4.56,860.54,EUR,delivered
O0002164,IT-202403-81017,C000595,S00007,P000179,2024-12-09T10:43:34,2,62.38,124.76,6.24,26.07,0.0,144.59,EUR,delivered
O0002165,IT-202403-81017,C000595,S00007,P000217,2024-12-09T10:43:34,1,355.33,355.33,0.0,78.17,0.0,433.5,EUR,delivered
O0002166,IT-202403-81017,C000595,S00007,P000166,2024-12-09T10:43:34,4,224.69,898.76,89.88,177.95,0.0,986.83,EUR,delivered
O0002167,IT-202312-18486,C000595,S00008,P000234,2025-08-16T16:50:38,4,16.02,64.08,0.0,14.1,5.03,83.21,EUR,delivered
O0002168,IT-202502-19970,C000595,S00008,P000026,2024-12-12T14:45:41,2,887.08,1774.16,0.0,390.32,9.18,2173.66,EUR,delivered
O0002169,IT-202405-32604,C000571,S00008,P000230,2024-10-17T19:52:49,2,92.52,185.04,0.0,40.71,8.46,234.21,EUR,delivered
O0002170,IT-202405-32604,C000571,S00008,P000216,2024-10-17T19:52:49,2,41.47,82.94,0.0,18.25,10.06,111.25,EUR,delivered
O0002171,IT-202508-10620,C000571,S00007,P000043,2025-04-13T09:40:09,4,200.46,801.84,40.09,167.59,5.76,935.1,EUR,delivered
O0002172,PL-202209-31420,C000086,S00011,P000101,2025-02-02T17:03:39,2,40.9,81.8,0.0,18.81,7.21,107.82,EUR,delivered
O0002173,PL-202310-94749,C000086,S00012,P000133,2024-05-31T12:25:48,1,37.37,37.37,1.87,8.17,10.7,54.37,EUR,delivered
O0002174,PL-202310-94749,C000086,S00012,P000245,2024-05-31T12:25:48,1,175.9,175.9,0.0,40.46,12.84,229.2,EUR,delivered
O0002175,PL-202310-94749,C000086,S00012,P000193,2024-05-31T12:25:48,1,78.16,78.16,0.0,17.98,10.98,107.12,EUR,delivered
O0002176,PL-202512-66969,C000086,S00011,P000009,2024-04-04T20:53:50,3,143.35,430.05,0.0,98.91,0.0,528.96,EUR,delivered
O0002177,PL-202512-66969,C000086,S00011,P000242,2024-04-04T20:53:50,2,39.36,78.72,0.0,18.11,0.0,96.83,EUR,delivered
O0002178,PL-202507-99668,C000086,S00011,P000170,2024-12-28T08:54:30,1,157.86,157.86,0.0,36.31,0.0,194.17,EUR,delivered
O0002179,PL-202507-99668,C000086,S00011,P000066,2024-12-28T08:54:30,1,223.56,223.56,0.0,51.42,0.0,274.98,EUR,delivered
O0002180,PL-202507-99668,C000086,S00011,P000085,2024-12-28T08:54:30,1,676.15,676.15,0.0,155.51,0.0,831.66,EUR,delivered
O0002181,PL-202201-35405,C000086,S00012,P000245,2025-09-27T20:09:03,1,182.01,182.01,0.0,41.86,5.94,229.81,EUR,delivered
O0002182,PL-202511-43513,C000086,S00012,P000154,2025-12-17T13:28:14,2,127.51,255.02,38.25,49.86,10.77,277.4,EUR,delivered
O0002183,PL-202401-59951,C000086,S00011,P000067,2024-06-05T16:21:09,1,228.36,228.36,0.0,52.52,0.0,280.88,EUR,delivered
O0002184,PL-202401-59951,C000086,S00011,P000100,2024-06-05T16:21:09,1,139.23,139.23,0.0,32.02,0.0,171.25,EUR,delivered
O0002185,PL-202404-62355,C000086,S00012,P000054,2025-12-11T11:08:31,1,102.89,102.89,10.29,21.3,10.26,124.16,EUR,delivered
O0002186,DE-202309-40261,C000335,S00006,P000084,2025-12-17T11:31:43,2,56.44,112.88,0.0,21.45,6.05,140.38,EUR,delivered
O0002187,DE-202512-16973,C000335,S00005,P000235,2025-11-23T12:09:41,1,43.39,43.39,0.0,8.24,0.0,51.63,EUR,delivered
O0002188,PL-202304-99495,C000149,S00011,P000092,2025-10-18T20:32:13,5,129.03,645.15,32.26,140.96,6.12,759.97,EUR,delivered
O0002189,PL-202304-99495,C000149,S00011,P000160,2025-10-18T20:32:13,1,365.68,365.68,0.0,84.11,0.0,449.79,EUR,delivered
O0002190,PL-202411-98805,C000149,S00011,P000225,2025-12-22T17:42:24,1,34.72,34.72,1.74,7.59,0.0,40.57,EUR,delivered
O0002191,PL-202411-98805,C000149,S00011,P000164,2025-12-22T17:42:24,2,375.01,750.02,0.0,172.5,0.0,922.52,EUR,delivered
O0002192,PL-202308-91359,C000149,S00011,P000208,2025-03-22T13:13:45,1,104.75,104.75,15.71,20.48,0.0,109.52,EUR,delivered
O0002193,FR-202410-36762,C000584,S00004,P000010,2025-11-11T16:13:40,2,50.26,100.52,5.03,19.1,8.65,123.24,EUR,delivered
O0002194,FR-202410-36762,C000584,S00004,P000151,2025-11-11T16:13:40,1,110.35,110.35,5.52,20.97,4.2,130.0,EUR,delivered
O0002195,FR-202410-36762,C000584,S00004,P000154,2025-11-11T16:13:40,1,139.36,139.36,0.0,27.87,9.22,176.45,EUR,delivered
O0002196,FR-202506-57553,C000584,S00003,P000109,2025-12-07T08:08:21,3,119.01,357.03,0.0,71.41,0.0,428.44,EUR,delivered
O0002197,ES-202207-94702,C000417,S00014,P000073,2025-12-30T15:26:30,2,216.47,432.94,0.0,90.92,5.27,529.13,EUR,delivered
O0002198,ES-202412-90692,C000417,S00013,P000117,2025-05-17T13:11:19,1,258.29,258.29,0.0,54.24,4.2,316.73,EUR,delivered
O0002199,ES-202505-36987,C000417,S00014,P000071,2025-11-01T12:39:21,1,53.87,53.87,0.0,11.31,7.91,73.09,EUR,delivered
O0002200,ES-202505-36987,C000417,S00014,P000050,2025-11-01T12:39:21,2,35.79,71.58,0.0,15.03,4.51,91.12,EUR,delivered
O0002201,ES-202505-36987,C000417,S00014,P000141,2025-11-01T12:39:21,1,57.98,57.98,0.0,12.18,11.66,81.82,EUR,delivered
O0002202,ES-202211-29198,C000417,S00014,P000042,2025-08-13T14:14:43,2,31.26,62.52,3.13,12.47,11.43,83.29,EUR,delivered
O0002203,ES-202211-29198,C000417,S00014,P000185,2025-08-13T14:14:43,1,162.5,162.5,0.0,34.13,8.53,205.16,EUR,delivered
O0002204,ES-202410-38026,C000417,S00013,P000009,2025-11-16T08:51:06,1,147.86,147.86,7.39,29.5,6.73,176.7,EUR,delivered
O0002205,ES-202410-38026,C000417,S00013,P000003,2025-11-16T08:51:06,1,144.94,144.94,0.0,30.44,0.0,175.38,EUR,delivered
O0002206,ES-202509-84844,C000417,S00013,P000069,2025-10-16T13:39:23,1,54.67,54.67,2.73,10.91,5.99,68.84,EUR,delivered
O0002207,ES-202509-84844,C000417,S00013,P000122,2025-10-16T13:39:23,1,216.73,216.73,0.0,45.51,6.53,268.77,EUR,delivered
O0002208,ES-202411-83299,C000417,S00013,P000067,2025-06-10T20:31:52,1,245.24,245.24,0.0,51.5,6.95,303.69,EUR,delivered
O0002209,ES-202309-67734,C000417,S00013,P000109,2025-05-11T17:01:42,4,107.55,430.2,0.0,90.34,0.0,520.54,EUR,delivered
O0002210,ES-202412-68898,C000417,S00014,P000111,2025-10-24T20:34:32,1,668.57,668.57,0.0,140.4,11.36,820.33,EUR,delivered
O0002211,ES-202410-38091,C000417,S00013,P000129,2025-05-29T13:03:09,2,343.88,687.76,34.39,137.21,0.0,790.58,EUR,delivered
O0002212,ES-202305-39136,C000417,S00014,P000250,2025-08-06T16:25:38,1,143.3,143.3,0.0,30.09,4.28,177.67,EUR,delivered
O0002213,ES-202309-69227,C000417,S00013,P000105,2025-09-24T08:13:21,3,110.12,330.36,0.0,69.38,0.0,399.74,EUR,delivered
O0002214,ES-202309-69227,C000417,S00013,P000071,2025-09-24T08:13:21,1,50.13,50.13,0.0,10.53,3.6,64.26,EUR,delivered
O0002215,ES-202309-69227,C000417,S00013,P000107,2025-09-24T08:13:21,2,124.52,249.04,0.0,52.3,0.0,301.34,EUR,delivered
O0002216,ES-202401-41161,C000417,S00014,P000126,2025-08-31T13:35:50,4,317.74,1270.96,0.0,266.9,9.74,1547.6,EUR,delivered
O0002217,ES-202205-26072,C000417,S00014,P000136,2025-11-08T11:13:23,2,75.15,150.3,0.0,31.56,11.32,193.18,EUR,delivered
O0002218,ES-202406-10042,C000417,S00013,P000130,2025-10-25T20:54:30,1,54.78,54.78,0.0,11.5,0.0,66.28,EUR,delivered
O0002219,DE-202406-71039,C000001,S00005,P000230,2024-10-25T13:35:03,3,87.58,262.74,0.0,49.92,3.57,316.23,EUR,delivered
O0002220,CH-202511-58978,C000022,S00017,P000204,2023-10-25T17:06:42,1,199.52,199.52,0.0,15.96,5.45,220.93,EUR,delivered
O0002221,CH-202511-58978,C000022,S00017,P000055,2023-10-25T17:06:42,1,39.7,39.7,1.99,3.02,0.0,40.73,EUR,delivered
O0002222,CH-202511-58978,C000022,S00017,P000233,2023-10-25T17:06:42,1,15.99,15.99,0.8,1.22,7.73,24.14,EUR,delivered
O0002223,CH-202401-74277,C000022,S00017,P000035,2023-12-29T10:37:14,2,190.16,380.32,0.0,30.43,3.2,413.95,EUR,delivered
O0002224,CH-202401-97257,C000022,S00017,P000125,2024-02-28T18:04:59,1,69.35,69.35,0.0,5.55,0.0,74.9,EUR,delivered
O0002225,CH-202401-97257,C000022,S00017,P000131,2024-02-28T18:04:59,1,92.97,92.97,9.3,6.69,7.52,97.88,EUR,delivered
O0002226,CH-202401-97257,C000022,S00017,P000087,2024-02-28T18:04:59,2,74.23,148.46,7.42,11.28,0.0,152.32,EUR,delivered
O0002227,DE-202207-87582,C000232,S00006,P000030,2024-06-06T15:43:05,1,759.11,759.11,0.0,144.23,4.73,908.07,EUR,delivered
O0002228,NL-202211-27270,C000710,S00009,P000045,2025-11-14T17:59:14,1,214.93,214.93,0.0,45.14,0.0,260.07,EUR,delivered
O0002229,NL-202301-66254,C000710,S00009,P000108,2025-04-27T12:52:42,2,99.88,199.76,0.0,41.95,3.52,245.23,EUR,delivered
O0002230,NL-202210-60712,C000710,S00009,P000086,2025-12-02T16:03:18,1,151.23,151.23,0.0,31.76,0.0,182.99,EUR,delivered
O0002231,SE-202501-78008,C000217,S00015,P000194,2025-10-06T20:06:44,3,100.55,301.65,30.17,67.87,6.45,345.8,EUR,delivered
O0002232,SE-202501-78008,C000217,S00015,P000062,2025-10-06T20:06:44,1,266.35,266.35,0.0,66.59,7.19,340.13,EUR,delivered
O0002233,SE-202501-78008,C000217,S00015,P000188,2025-10-06T20:06:44,1,267.99,267.99,0.0,67.0,0.0,334.99,EUR,delivered
O0002234,SE-202401-62945,C000217,S00015,P000126,2025-07-10T19:21:53,4,327.8,1311.2,0.0,327.8,0.0,1639.0,EUR,delivered
O0002235,SE-202401-62945,C000217,S00015,P000103,2025-07-10T19:21:53,1,68.86,68.86,0.0,17.22,5.85,91.93,EUR,delivered
O0002236,SE-202401-62945,C000217,S00015,P000033,2025-07-10T19:21:53,1,104.77,104.77,0.0,26.19,0.0,130.96,EUR,delivered
O0002237,SE-202403-97183,C000217,S00015,P000111,2025-05-01T15:59:55,2,697.35,1394.7,0.0,348.68,6.01,1749.39,EUR,delivered
O0002238,SE-202403-97183,C000217,S00015,P000108,2025-05-01T15:59:55,3,104.51,313.53,0.0,78.38,0.0,391.91,EUR,delivered
O0002239,SE-202403-97183,C000217,S00015,P000079,2025-05-01T15:59:55,4,67.25,269.0,0.0,67.25,0.0,336.25,EUR,delivered
O0002240,SE-202403-97183,C000217,S00015,P000047,2025-05-01T15:59:55,2,148.11,296.22,44.43,62.95,4.87,319.61,EUR,delivered
O0002241,SE-202410-11877,C000217,S00015,P000021,2024-12-13T17:51:28,1,119.28,119.28,5.96,28.33,0.0,141.65,EUR,delivered
O0002242,SE-202410-11877,C000217,S00015,P000191,2024-12-13T17:51:28,1,122.59,122.59,12.26,27.58,5.96,143.87,EUR,delivered
O0002243,SE-202410-11877,C000217,S00015,P000097,2024-12-13T17:51:28,2,342.78,685.56,0.0,171.39,3.61,860.56,EUR,delivered
O0002244,SE-202410-11877,C000217,S00015,P000194,2024-12-13T17:51:28,1,90.51,90.51,0.0,22.63,0.0,113.14,EUR,delivered
O0002245,SE-202401-30727,C000217,S00015,P000236,2025-11-01T15:08:13,1,71.31,71.31,10.7,15.15,0.0,75.76,EUR,delivered
O0002246,SE-202412-61154,C000217,S00015,P000077,2025-01-15T19:53:33,1,282.35,282.35,28.24,63.53,0.0,317.64,EUR,delivered
O0002247,SE-202412-61154,C000217,S00015,P000098,2025-01-15T19:53:33,1,133.93,133.93,13.39,30.14,4.64,155.32,EUR,delivered
O0002248,SE-202412-61154,C000217,S00015,P000016,2025-01-15T19:53:33,2,290.1,580.2,0.0,145.05,0.0,725.25,EUR,delivered
O0002249,IT-202501-53173,C000276,S00007,P000179,2024-12-23T11:09:08,1,58.49,58.49,5.85,11.58,0.0,64.22,EUR,delivered
O0002250,IT-202501-53173,C000276,S00007,P000002,2024-12-23T11:09:08,1,68.63,68.63,3.43,14.34,4.38,83.92,EUR,delivered
O0002251,IT-202205-14059,C000276,S00008,P000171,2023-11-21T19:58:51,1,46.7,46.7,0.0,10.27,11.85,68.82,EUR,delivered
O0002252,IT-202205-14059,C000276,S00008,P000160,2023-11-21T19:58:51,1,347.79,347.79,34.78,68.86,7.83,389.7,EUR,delivered
O0002253,IT-202205-14059,C000276,S00008,P000221,2023-11-21T19:58:51,1,103.24,103.24,0.0,22.71,9.59,135.54,EUR,delivered
O0002254,PL-202209-24293,C000496,S00011,P000041,2025-11-08T17:24:09,1,111.71,111.71,5.59,24.41,6.39,136.92,EUR,delivered
O0002255,PL-202209-24293,C000496,S00011,P000102,2025-11-08T17:24:09,1,68.28,68.28,10.24,13.35,7.34,78.73,EUR,delivered
O0002256,PL-202209-24293,C000496,S00011,P000249,2025-11-08T17:24:09,3,428.64,1285.92,64.3,280.97,0.0,1502.59,EUR,delivered
O0002257,PL-202304-74748,C000496,S00011,P000050,2024-12-28T19:11:08,3,39.17,117.51,5.88,25.67,5.76,143.06,EUR,delivered
O0002258,PL-202304-74748,C000496,S00011,P000030,2024-12-28T19:11:08,1,776.16,776.16,0.0,178.52,0.0,954.68,EUR,delivered
O0002259,PL-202309-71830,C000496,S00011,P000230,2025-12-28T15:25:30,2,86.71,173.42,0.0,39.89,4.49,217.8,EUR,delivered
O0002260,PL-202502-97179,C000496,S00011,P000207,2025-07-16T13:13:04,1,100.4,100.4,0.0,23.09,0.0,123.49,EUR,delivered
O0002261,PL-202502-97179,C000496,S00011,P000180,2025-07-16T13:13:04,2,73.03,146.06,0.0,33.59,3.16,182.81,EUR,delivered
O0002262,PL-202412-20774,C000496,S00012,P000097,2024-12-04T18:52:07,1,317.53,317.53,0.0,73.03,11.09,401.65,EUR,delivered
O0002263,PL-202505-56206,C000496,S00012,P000154,2024-12-18T11:13:04,3,141.26,423.78,0.0,97.47,6.03,527.28,EUR,delivered
O0002264,PL-202505-56206,C000496,S00012,P000120,2024-12-18T11:13:04,1,305.31,305.31,0.0,70.22,8.05,383.58,EUR,delivered
O0002265,PL-202510-71263,C000496,S00011,P000075,2024-08-25T08:47:13,1,115.54,115.54,0.0,26.57,0.0,142.11,EUR,delivered
O0002266,PL-202510-71263,C000496,S00011,P000073,2024-08-25T08:47:13,2,207.88,415.76,0.0,95.62,0.0,511.38,EUR,delivered
O0002267,PL-202510-71263,C000496,S00011,P000151,2024-08-25T08:47:13,1,121.48,121.48,0.0,27.94,0.0,149.42,EUR,delivered
O0002268,DE-202302-58019,C000452,S00005,P000054,2025-11-28T11:29:27,1,115.78,115.78,0.0,22.0,0.0,137.78,EUR,delivered
O0002269,DE-202302-58019,C000452,S00005,P000032,2025-11-28T11:29:27,1,151.88,151.88,0.0,28.86,0.0,180.74,EUR,delivered
O0002270,DE-202302-58019,C000452,S00005,P000227,2025-11-28T11:29:27,4,146.16,584.64,0.0,111.08,0.0,695.72,EUR,delivered
O0002271,DE-202302-58019,C000452,S00005,P000147,2025-11-28T11:29:27,1,195.62,195.62,19.56,33.45,7.51,217.02,EUR,delivered
O0002272,IT-202307-82820,C000277,S00008,P000115,2024-11-25T19:54:31,1,598.59,598.59,59.86,118.52,12.83,670.08,EUR,delivered
O0002273,CH-202407-11641,C000192,S00017,P000249,2025-12-28T14:45:08,3,408.81,1226.43,183.96,83.4,6.22,1132.09,EUR,delivered
O0002274,DE-202302-86156,C000738,S00005,P000064,2025-11-20T16:10:30,1,88.6,88.6,0.0,16.83,0.0,105.43,EUR,delivered
O0002275,DE-202302-86156,C000738,S00005,P000110,2025-11-20T16:10:30,3,63.6,190.8,9.54,34.44,0.0,215.7,EUR,delivered
O0002276,DE-202510-31771,C000738,S00005,P000088,2025-11-15T14:02:56,1,62.48,62.48,0.0,11.87,4.02,78.37,EUR,delivered
O0002277,AT-202409-46322,C000787,S00001,P000088,2025-12-23T18:19:55,1,69.46,69.46,3.47,13.2,0.0,79.19,EUR,delivered
O0002278,AT-202409-46322,C000787,S00001,P000039,2025-12-23T18:19:55,2,420.08,840.16,42.01,159.63,0.0,957.78,EUR,delivered
O0002279,AT-202409-46322,C000787,S00001,P000064,2025-12-23T18:19:55,2,91.63,183.26,9.16,34.82,0.0,208.92,EUR,delivered
O0002280,UK-202202-63840,C000257,S00020,P000157,2024-04-10T13:47:52,4,151.32,605.28,0.0,121.06,8.49,734.83,EUR,delivered
O0002281,UK-202202-63840,C000257,S00020,P000093,2024-04-10T13:47:52,2,112.52,225.04,0.0,45.01,11.67,281.72,EUR,delivered
O0002282,UK-202312-61626,C000257,S00020,P000124,2024-10-17T15:25:29,1,30.66,30.66,0.0,6.13,9.02,45.81,EUR,delivered
O0002283,UK-202204-50448,C000257,S00019,P000195,2023-12-23T17:04:37,10,123.03,1230.3,0.0,246.06,0.0,1476.36,EUR,delivered
O0002284,ES-202403-66669,C000326,S00014,P000123,2024-10-21T17:38:00,1,144.63,144.63,0.0,30.37,4.73,179.73,EUR,delivered
O0002285,ES-202403-66669,C000326,S00014,P000101,2024-10-21T17:38:00,2,42.14,84.28,0.0,17.7,3.99,105.97,EUR,delivered
O0002286,CH-202403-36058,C000785,S00018,P000147,2025-05-19T10:48:04,1,186.03,186.03,9.3,14.14,12.55,203.42,EUR,delivered
O0002287,CH-202207-42779,C000785,S00018,P000240,2024-12-02T18:51:42,3,418.11,1254.33,62.72,95.33,4.23,1291.17,EUR,delivered
O0002288,CH-202207-42779,C000785,S00018,P000086,2024-12-02T18:51:42,1,170.88,170.88,0.0,13.67,9.99,194.54,EUR,delivered
O0002289,AT-202508-33790,C000229,S00001,P000048,2024-11-19T09:02:51,1,27.63,27.63,1.38,5.25,0.0,31.5,EUR,delivered
O0002290,AT-202510-84174,C000229,S00002,P000213,2025-10-04T13:39:30,2,163.51,327.02,16.35,62.13,9.55,382.35,EUR,delivered
O0002291,IT-202308-71198,C000411,S00007,P000210,2025-02-12T13:19:43,1,39.86,39.86,0.0,8.77,5.06,53.69,EUR,delivered
O0002292,IT-202308-71198,C000411,S00007,P000117,2025-02-12T13:19:43,3,278.74,836.22,0.0,183.97,0.0,1020.19,EUR,delivered
O0002293,PL-202502-14578,C000661,S00012,P000243,2025-02-24T11:22:32,3,42.79,128.37,12.84,26.57,6.63,148.73,EUR,delivered
O0002294,PL-202312-35499,C000661,S00012,P000038,2024-04-19T15:03:10,1,112.52,112.52,0.0,25.88,11.21,149.61,EUR,delivered
O0002295,PL-202410-61604,C000661,S00012,P000063,2024-12-06T18:47:24,2,44.66,89.32,0.0,20.54,4.69,114.55,EUR,delivered
O0002296,PL-202411-41275,C000661,S00012,P000032,2025-11-24T13:41:02,1,142.41,142.41,0.0,32.75,9.82,184.98,EUR,delivered
O0002297,PL-202411-41275,C000661,S00012,P000007,2025-11-24T13:41:02,2,162.57,325.14,32.51,67.3,8.71,368.64,EUR,delivered
O0002298,PL-202506-39752,C000661,S00012,P000069,2025-11-10T11:28:51,5,58.88,294.4,0.0,67.71,8.78,370.89,EUR,delivered
O0002299,PL-202506-39752,C000661,S00012,P000219,2025-11-10T11:28:51,1,273.2,273.2,27.32,56.55,9.21,311.64,EUR,delivered
O0002300,PL-202506-39752,C000661,S00012,P000009,2025-11-10T11:28:51,1,151.91,151.91,0.0,34.94,9.4,196.25,EUR,delivered
O0002301,PL-202412-78794,C000743,S00011,P000205,2025-12-31T23:59:59,1,30.28,30.28,3.03,6.27,0.0,33.52,EUR,delivered
O0002302,PL-202412-78794,C000743,S00011,P000008,2025-12-31T23:59:59,1,38.99,38.99,0.0,8.97,6.52,54.48,EUR,delivered
O0002303,PL-202412-78794,C000743,S00011,P000055,2025-12-31T23:59:59,3,38.35,115.05,0.0,26.46,3.7,145.21,EUR,delivered
O0002304,SE-202409-40206,C000065,S00016,P000099,2025-11-21T11:12:57,1,56.88,56.88,2.84,13.51,12.97,80.52,EUR,delivered
O0002305,SE-202507-14894,C000065,S00015,P000197,2025-12-15T10:57:31,2,100.26,200.52,0.0,50.13,0.0,250.65,EUR,delivered
O0002306,SE-202212-85440,C000065,S00016,P000109,2025-05-30T09:01:11,1,118.05,118.05,0.0,29.51,5.02,152.58,EUR,delivered
O0002307,SE-202212-85440,C000065,S00016,P000121,2025-05-30T09:01:11,1,107.11,107.11,0.0,26.78,8.14,142.03,EUR,delivered
O0002308,SE-202504-77943,C000065,S00015,P000053,2025-12-17T08:27:05,1,717.4,717.4,0.0,179.35,5.36,902.11,EUR,delivered
O0002309,SE-202306-13005,C000065,S00016,P000046,2025-12-09T18:43:11,1,82.87,82.87,8.29,18.65,8.22,101.45,EUR,delivered
O0002310,DE-202508-17924,C000727,S00006,P000237,2025-12-16T19:34:43,4,60.5,242.0,0.0,45.98,5.14,293.12,EUR,delivered
O0002311,DE-202508-17924,C000727,S00006,P000151,2025-12-16T19:34:43,1,111.1,111.1,0.0,21.11,9.28,141.49,EUR,delivered
O0002312,DE-202508-17924,C000727,S00006,P000058,2025-12-16T19:34:43,5,59.88,299.4,0.0,56.89,10.62,366.91,EUR,delivered
O0002313,DE-202508-17924,C000727,S00006,P000181,2025-12-16T19:34:43,1,184.29,184.29,0.0,35.02,12.41,231.72,EUR,delivered
O0002314,DE-202501-53839,C000727,S00005,P000191,2025-12-31T23:59:59,2,133.83,267.66,0.0,50.86,7.08,325.6,EUR,delivered
O0002315,DE-202501-53839,C000727,S00005,P000158,2025-12-31T23:59:59,1,252.89,252.89,37.93,40.84,0.0,255.8,EUR,delivered
O0002316,DE-202408-79587,C000727,S00006,P000203,2025-12-31T23:59:59,1,13.72,13.72,1.37,2.35,9.93,24.63,EUR,delivered
O0002317,DE-202408-79587,C000727,S00006,P000056,2025-12-31T23:59:59,2,129.62,259.24,0.0,49.26,6.35,314.85,EUR,delivered
O0002318,DE-202408-79587,C000727,S00006,P000130,2025-12-31T23:59:59,1,49.27,49.27,0.0,9.36,4.08,62.71,EUR,delivered
O0002319,DE-202408-79587,C000727,S00006,P000194,2025-12-31T23:59:59,1,94.84,94.84,9.48,16.22,8.54,110.12,EUR,delivered
O0002320,DE-202505-42204,C000727,S00005,P000131,2025-12-31T23:59:59,1,87.09,87.09,0.0,16.55,0.0,103.64,EUR,delivered
O0002321,DE-202505-42204,C000727,S00005,P000188,2025-12-31T23:59:59,1,267.91,267.91,0.0,50.9,0.0,318.81,EUR,delivered
O0002322,DE-202301-36201,C000727,S00005,P000158,2025-12-31T23:59:59,1,233.78,233.78,11.69,42.2,0.0,264.29,EUR,delivered
O0002323,DE-202510-91919,C000727,S00005,P000010,2025-12-22T10:13:53,2,46.54,93.08,0.0,17.69,0.0,110.77,EUR,delivered
O0002324,DE-202510-91919,C000727,S00005,P000033,2025-12-22T10:13:53,2,115.37,230.74,23.07,39.46,0.0,247.13,EUR,delivered
O0002325,DE-202510-91919,C000727,S00005,P000238,2025-12-22T10:13:53,5,303.19,1515.95,227.39,244.83,3.14,1536.53,EUR,delivered
O0002326,DE-202206-46068,C000727,S00005,P000037,2025-12-22T11:59:10,5,12.41,62.05,0.0,11.79,0.0,73.84,EUR,delivered
O0002327,DE-202401-12882,C000727,S00006,P000191,2025-12-02T18:34:08,1,127.42,127.42,6.37,23.0,4.49,148.54,EUR,delivered
O0002328,DE-202401-12882,C000727,S00006,P000174,2025-12-02T18:34:08,1,136.16,136.16,6.81,24.58,9.09,163.02,EUR,delivered
O0002329,DE-202206-48970,C000727,S00006,P000130,2025-12-31T23:59:59,1,54.37,54.37,0.0,10.33,11.95,76.65,EUR,delivered
O0002330,UK-202305-53189,C000521,S00020,P000040,2024-08-12T09:23:54,1,115.49,115.49,5.77,21.94,11.82,143.48,EUR,delivered
O0002331,SE-202505-27236,C000391,S00016,P000117,2025-12-09T10:55:23,1,276.27,276.27,0.0,69.07,10.5,355.84,EUR,delivered
O0002332,SE-202406-87561,C000391,S00015,P000183,2025-12-05T16:07:36,3,46.91,140.73,0.0,35.18,5.26,181.17,EUR,delivered
O0002333,SE-202211-54378,C000391,S00015,P000179,2025-12-21T12:37:47,1,57.39,57.39,0.0,14.35,4.43,76.17,EUR,delivered
O0002334,SE-202401-41106,C000391,S00016,P000197,2025-12-02T14:38:59,2,108.83,217.66,21.77,48.97,7.3,252.16,EUR,delivered
O0002335,SE-202409-76948,C000391,S00015,P000110,2025-12-07T19:08:42,1,59.37,59.37,5.94,13.36,0.0,66.79,EUR,delivered
O0002336,SE-202505-58772,C000391,S00015,P000112,2025-12-23T19:07:08,3,500.13,1500.39,75.02,356.34,0.0,1781.71,EUR,delivered
O0002337,SE-202510-15051,C000391,S00015,P000070,2025-12-31T23:59:59,1,13.51,13.51,2.03,2.87,0.0,14.35,EUR,delivered
O0002338,SE-202410-64533,C000391,S00016,P000171,2025-12-29T09:27:27,1,44.35,44.35,4.44,9.98,5.05,54.94,EUR,delivered
O0002339,SE-202406-86824,C000391,S00015,P000064,2025-12-30T10:49:28,2,79.52,159.04,0.0,39.76,7.55,206.35,EUR,delivered
O0002340,SE-202308-29336,C000391,S00016,P000238,2025-12-26T20:04:18,1,329.62,329.62,0.0,82.41,4.43,416.46,EUR,delivered
O0002341,SE-202308-29336,C000391,S00016,P000175,2025-12-26T20:04:18,1,108.44,108.44,0.0,27.11,6.16,141.71,EUR,delivered
O0002342,SE-202308-29336,C000391,S00016,P000050,2025-12-26T20:04:18,1,35.72,35.72,5.36,7.59,11.98,49.93,EUR,delivered
O0002343,SE-202407-34554,C000391,S00015,P000243,2025-12-31T18:13:13,2,42.05,84.1,8.41,18.92,0.0,94.61,EUR,delivered
O0002344,SE-202209-90315,C000391,S00016,P000126,2025-11-22T20:47:37,2,316.73,633.46,0.0,158.37,8.25,800.08,EUR,delivered
O0002345,SE-202406-99193,C000391,S00016,P000040,2025-12-31T23:59:59,2,113.78,227.56,0.0,56.89,6.0,290.45,EUR,delivered
O0002346,SE-202501-90748,C000391,S00015,P000242,2025-12-16T14:02:33,1,37.35,37.35,1.87,8.87,3.16,47.51,EUR,delivered
O0002347,SE-202501-90748,C000391,S00015,P000130,2025-12-16T14:02:33,1,53.87,53.87,0.0,13.47,0.0,67.34,EUR,delivered
O0002348,SE-202206-36818,C000391,S00015,P000047,2025-11-17T12:03:02,1,150.38,150.38,0.0,37.6,0.0,187.98,EUR,delivered
O0002349,SE-202206-36818,C000391,S00015,P000171,2025-11-17T12:03:02,2,42.71,85.42,0.0,21.36,4.17,110.95,EUR,delivered
O0002350,SE-202509-32224,C000391,S00015,P000052,2025-12-31T23:59:59,4,198.15,792.6,0.0,198.15,6.85,997.6,EUR,delivered
O0002351,SE-202509-32224,C000391,S00015,P000073,2025-12-31T23:59:59,1,202.53,202.53,20.25,45.57,7.01,234.86,EUR,delivered
O0002352,SE-202209-40485,C000391,S00016,P000046,2025-12-31T23:59:59,2,79.29,158.58,0.0,39.65,5.33,203.56,EUR,delivered
O0002353,SE-202505-46020,C000391,S00015,P000042,2025-12-17T16:12:49,3,30.99,92.97,0.0,23.24,4.63,120.84,EUR,delivered
O0002354,SE-202505-46020,C000391,S00015,P000124,2025-12-17T16:12:49,1,31.24,31.24,0.0,7.81,4.5,43.55,EUR,delivered
O0002355,CH-202305-60878,C000516,S00018,P000247,2025-02-22T12:24:52,2,165.68,331.36,16.57,25.18,6.96,346.93,EUR,delivered
O0002356,CH-202305-60878,C000516,S00018,P000143,2025-02-22T12:24:52,1,100.02,100.02,0.0,8.0,9.53,117.55,EUR,delivered
O0002357,CH-202203-92130,C000516,S00018,P000193,2025-11-20T16:36:51,2,73.34,146.68,7.33,11.15,11.26,161.76,EUR,delivered
O0002358,ES-202202-96676,C000795,S00013,P000164,2025-11-29T20:09:15,2,351.2,702.4,0.0,147.5,0.0,849.9,EUR,delivered
O0002359,ES-202202-96676,C000795,S00013,P000245,2025-11-29T20:09:15,3,162.09,486.27,0.0,102.12,0.0,588.39,EUR,delivered
O0002360,ES-202401-60699,C000795,S00013,P000248,2025-11-26T15:58:19,1,78.8,78.8,7.88,14.89,4.63,90.44,EUR,delivered
O0002361,ES-202401-60699,C000795,S00013,P000242,2025-11-26T15:58:19,1,39.99,39.99,4.0,7.56,5.24,48.79,EUR,delivered
O0002362,CH-202511-97305,C000540,S00018,P000088,2025-12-25T16:43:00,1,68.07,68.07,6.81,4.9,9.72,75.88,EUR,delivered
O0002363,CH-202511-65620,C000540,S00018,P000151,2025-12-31T23:59:59,1,113.96,113.96,0.0,9.12,8.19,131.27,EUR,delivered
O0002364,CH-202407-24073,C000544,S00018,P000016,2024-04-25T12:51:16,1,327.24,327.24,0.0,26.18,7.98,361.4,EUR,delivered
O0002365,CH-202512-23074,C000544,S00018,P000143,2023-06-09T13:05:40,2,105.51,211.02,10.55,16.04,7.67,224.18,EUR,delivered
O0002366,CH-202512-23074,C000544,S00018,P000132,2023-06-09T13:05:40,2,149.41,298.82,0.0,23.91,11.66,334.39,EUR,delivered
O0002367,IT-202401-81227,C000416,S00007,P000178,2023-12-19T11:58:11,3,482.18,1446.54,216.98,270.5,0.0,1500.06,EUR,delivered
O0002368,IT-202401-81227,C000416,S00007,P000126,2023-12-19T11:58:11,1,345.01,345.01,17.25,72.11,3.63,403.5,EUR,delivered
O0002369,IT-202401-81227,C000416,S00007,P000233,2023-12-19T11:58:11,1,14.23,14.23,0.0,3.13,6.71,24.07,EUR,delivered
O0002370,NL-202212-74364,C000800,S00009,P000088,2025-07-23T10:38:05,2,69.07,138.14,0.0,29.01,5.02,172.17,EUR,delivered
O0002371,NL-202212-74364,C000800,S00009,P000227,2025-07-23T10:38:05,2,136.67,273.34,27.33,51.66,0.0,297.67,EUR,delivered
O0002372,NL-202306-90795,C000800,S00010,P000246,2025-12-25T20:18:13,3,159.35,478.05,47.81,90.35,4.05,524.64,EUR,delivered
O0002373,NL-202508-58009,C000800,S00009,P000226,2025-03-30T09:00:38,1,80.03,80.03,0.0,16.81,0.0,96.84,EUR,delivered
O0002374,NL-202508-58009,C000800,S00009,P000246,2025-03-30T09:00:38,4,179.86,719.44,0.0,151.08,4.19,874.71,EUR,delivered
O0002375,FR-202301-47148,C000500,S00003,P000045,2025-05-03T15:18:15,3,193.07,579.21,0.0,115.84,0.0,695.05,EUR,delivered
O0002376,FR-202301-47148,C000500,S00003,P000106,2025-05-03T15:18:15,1,65.88,65.88,0.0,13.18,0.0,79.06,EUR,delivered
O0002377,FR-202301-47148,C000500,S00003,P000088,2025-05-03T15:18:15,1,65.23,65.23,0.0,13.05,0.0,78.28,EUR,delivered
O0002378,PL-202503-17096,C000120,S00011,P000182,2024-11-29T15:47:03,1,43.47,43.47,6.52,8.5,7.22,52.67,EUR,delivered
O0002379,PL-202509-73888,C000120,S00011,P000244,2024-10-29T13:29:04,3,181.9,545.7,27.29,119.23,0.0,637.64,EUR,delivered
O0002380,PL-202509-73888,C000120,S00011,P000021,2024-10-29T13:29:04,1,115.68,115.68,5.78,25.28,0.0,135.18,EUR,delivered
O0002381,PL-202509-73888,C000120,S00011,P000131,2024-10-29T13:29:04,3,93.94,281.82,28.18,58.34,0.0,311.98,EUR,delivered
O0002382,PL-202405-79432,C000120,S00012,P000118,2025-02-05T09:55:55,1,84.58,84.58,0.0,19.45,5.3,109.33,EUR,delivered
O0002383,ES-202212-79207,C000325,S00013,P000189,2025-09-26T10:25:43,2,873.84,1747.68,87.38,348.66,5.86,2014.82,EUR,delivered
O0002384,ES-202312-14524,C000325,S00014,P000075,2025-12-20T18:57:04,1,116.23,116.23,0.0,24.41,9.45,150.09,EUR,delivered
O0002385,ES-202305-61295,C000325,S00014,P000079,2025-10-29T14:12:48,2,61.47,122.94,0.0,25.82,8.18,156.94,EUR,delivered
O0002386,ES-202201-85712,C000325,S00014,P000009,2025-11-11T12:14:28,1,157.0,157.0,7.85,31.32,7.96,188.43,EUR,delivered
O0002387,ES-202201-85712,C000325,S00014,P000163,2025-11-11T12:14:28,1,278.5,278.5,13.93,55.56,11.85,331.98,EUR,delivered
O0002388,ES-202201-85712,C000325,S00014,P000024,2025-11-11T12:14:28,1,165.65,165.65,16.57,31.31,6.01,186.4,EUR,delivered
O0002389,SE-202311-84107,C000684,S00016,P000113,2025-07-17T16:23:24,1,356.03,356.03,0.0,89.01,12.56,457.6,EUR,delivered
O0002390,SE-202311-84107,C000684,S00016,P000152,2025-07-17T16:23:24,1,37.1,37.1,0.0,9.28,4.26,50.64,EUR,delivered
O0002391,SE-202201-99867,C000684,S00016,P000194,2025-12-15T17:05:49,1,98.75,98.75,0.0,24.69,9.29,132.73,EUR,delivered
O0002392,SE-202505-94355,C000684,S00016,P000011,2025-08-12T19:52:16,2,189.06,378.12,37.81,85.08,11.82,437.21,EUR,delivered
O0002393,SE-202505-94355,C000684,S00016,P000088,2025-08-12T19:52:16,3,70.54,211.62,0.0,52.91,5.81,270.34,EUR,delivered
O0002394,SE-202408-12812,C000684,S00016,P000220,2025-12-10T08:36:16,1,39.62,39.62,0.0,9.91,5.31,54.84,EUR,delivered
O0002395,SE-202308-24504,C000684,S00015,P000095,2025-02-13T10:59:53,4,332.73,1330.92,0.0,332.73,3.09,1666.74,EUR,delivered
O0002396,SE-202308-24504,C000684,S00015,P000186,2025-02-13T10:59:53,1,123.34,123.34,12.33,27.75,5.17,143.93,EUR,delivered
O0002397,SE-202210-95112,C000684,S00015,P000164,2025-06-17T17:00:52,3,392.02,1176.06,0.0,294.02,0.0,1470.08,EUR,delivered
O0002398,SE-202210-95112,C000684,S00015,P000012,2025-06-17T17:00:52,1,46.92,46.92,4.69,10.56,6.32,59.11,EUR,delivered
O0002399,SE-202508-74349,C000684,S00016,P000096,2025-01-06T18:37:29,1,36.86,36.86,0.0,9.22,7.01,53.09,EUR,delivered
O0002400,SE-202505-66887,C000684,S00015,P000175,2025-08-26T18:20:38,2,95.22,190.44,0.0,47.61,0.0,238.05,EUR,delivered
O0002401,SE-202206-25745,C000684,S00015,P000167,2025-07-26T19:53:36,2,61.26,122.52,0.0,30.63,0.0,153.15,EUR,delivered
O0002402,SE-202206-25745,C000684,S00015,P000201,2025-07-26T19:53:36,1,335.92,335.92,16.8,79.78,6.6,405.5,EUR,delivered
O0002403,SE-202206-25745,C000684,S00015,P000184,2025-07-26T19:53:36,1,44.2,44.2,0.0,11.05,0.0,55.25,EUR,delivered
O0002404,AT-202312-24811,C000015,S00002,P000058,2024-12-29T15:18:31,2,56.98,113.96,5.7,21.65,6.99,136.9,EUR,delivered
O0002405,AT-202312-24811,C000015,S00002,P000218,2024-12-29T15:18:31,2,125.88,251.76,0.0,50.35,7.47,309.58,EUR,delivered
O0002406,NL-202502-33257,C000658,S00010,P000095,2025-11-30T09:39:12,1,360.95,360.95,0.0,75.8,7.42,444.17,EUR,delivered
O0002407,NL-202502-85671,C000658,S00009,P000058,2025-10-02T17:36:12,1,57.02,57.02,0.0,11.97,0.0,68.99,EUR,delivered
O0002408,FR-202301-52065,C000579,S00004,P000093,2025-10-19T20:47:46,1,108.75,108.75,0.0,21.75,9.37,139.87,EUR,delivered
O0002409,FR-202301-52065,C000579,S00004,P000058,2025-10-19T20:47:46,1,56.35,56.35,0.0,11.27,8.31,75.93,EUR,delivered
O0002410,FR-202301-52065,C000579,S00004,P000212,2025-10-19T20:47:46,1,45.8,45.8,0.0,9.16,9.31,64.27,EUR,delivered
O0002411,FR-202305-58285,C000579,S00003,P000055,2025-10-29T10:51:08,1,39.24,39.24,0.0,7.85,3.03,50.12,EUR,delivered
O0002412,IT-202310-95330,C000522,S00008,P000163,2025-12-12T15:23:53,5,301.41,1507.05,0.0,331.55,8.33,1846.93,EUR,delivered
O0002413,IT-202310-95330,C000522,S00008,P000079,2025-12-12T15:23:53,3,58.68,176.04,0.0,38.73,4.66,219.43,EUR,delivered
O0002414,IT-202311-49487,C000522,S00007,P000175,2025-11-30T11:22:15,1,98.95,98.95,9.9,19.59,0.0,108.64,EUR,delivered
O0002415,IT-202311-49487,C000522,S00007,P000017,2025-11-30T11:22:15,5,62.78,313.9,0.0,69.06,0.0,382.96,EUR,delivered
O0002416,IT-202307-87532,C000522,S00008,P000049,2025-12-03T14:11:56,1,280.05,280.05,28.01,55.45,8.14,315.63,EUR,delivered
O0002417,IT-202307-87532,C000522,S00008,P000145,2025-12-03T14:11:56,1,292.88,292.88,0.0,64.43,4.14,361.45,EUR,delivered
O0002418,IT-202404-85918,C000522,S00008,P000074,2025-12-14T08:50:45,3,327.55,982.65,0.0,216.18,6.33,1205.16,EUR,delivered
O0002419,IT-202306-46491,C000522,S00007,P000018,2025-12-24T08:06:54,2,935.68,1871.36,187.14,370.53,0.0,2054.75,EUR,delivered
O0002420,IT-202306-46491,C000522,S00007,P000137,2025-12-24T08:06:54,1,147.56,147.56,7.38,30.84,5.92,176.94,EUR,delivered
O0002421,NL-202408-52068,C000284,S00009,P000022,2024-11-13T16:56:40,2,50.17,100.34,0.0,21.07,0.0,121.41,EUR,delivered
O0002422,FR-202501-94282,C000238,S00003,P000210,2024-05-12T18:10:24,1,38.04,38.04,0.0,7.61,0.0,45.65,EUR,delivered
O0002423,NL-202302-40214,C000735,S00010,P000167,2025-11-13T17:45:44,2,55.65,111.3,11.13,21.04,4.74,125.95,EUR,delivered
O0002424,NL-202504-97347,C000735,S00010,P000202,2025-01-13T14:58:03,1,140.9,140.9,7.05,28.11,4.45,166.41,EUR,delivered
O0002425,NL-202504-97347,C000735,S00010,P000233,2025-01-13T14:58:03,1,15.85,15.85,1.59,2.99,8.72,25.97,EUR,delivered
O0002426,NL-202504-97347,C000735,S00010,P000210,2025-01-13T14:58:03,5,36.41,182.05,0.0,38.23,10.95,231.23,EUR,delivered
O0002427,NL-202207-34888,C000735,S00010,P000044,2024-11-14T18:48:47,4,30.08,120.32,0.0,25.27,8.38,153.97,EUR,delivered
O0002428,CH-202502-60196,C000032,S00017,P000184,2024-12-01T12:42:53,3,42.81,128.43,0.0,10.27,5.16,143.86,EUR,delivered
O0002429,NL-202412-11616,C000138,S00009,P000228,2025-01-18T17:51:58,2,713.59,1427.18,0.0,299.71,0.0,1726.89,EUR,delivered
O0002430,NL-202211-58917,C000138,S00010,P000202,2024-11-28T08:45:21,2,130.05,260.1,13.01,51.89,11.76,310.74,EUR,delivered
O0002431,FR-202211-47111,C000618,S00003,P000153,2025-12-31T23:59:59,1,156.86,156.86,7.84,29.8,0.0,178.82,EUR,delivered
O0002432,FR-202211-47111,C000618,S00003,P000127,2025-12-31T23:59:59,1,416.95,416.95,20.85,79.22,5.9,481.22,EUR,delivered
O0002433,AT-202205-32073,C000514,S00002,P000008,2022-12-12T09:53:10,1,37.51,37.51,0.0,7.5,6.71,51.72,EUR,delivered
O0002434,AT-202205-32073,C000514,S00002,P000112,2022-12-12T09:53:10,1,491.34,491.34,0.0,98.27,12.63,602.24,EUR,delivered
O0002435,AT-202205-32073,C000514,S00002,P000224,2022-12-12T09:53:10,1,210.25,210.25,0.0,42.05,4.66,256.96,EUR,delivered
O0002436,AT-202308-34460,C000514,S00001,P000152,2024-11-17T15:56:42,1,35.58,35.58,5.34,6.05,5.87,42.16,EUR,delivered
O0002437,AT-202404-29599,C000514,S00001,P000078,2024-11-18T09:06:12,1,95.94,95.94,0.0,19.19,6.83,121.96,EUR,delivered
O0002438,AT-202305-33990,C000514,S00002,P000231,2024-12-27T10:56:46,1,105.96,105.96,0.0,21.19,11.01,138.16,EUR,delivered
O0002439,AT-202305-33990,C000514,S00002,P000099,2024-12-27T10:56:46,1,54.33,54.33,0.0,10.87,11.51,76.71,EUR,delivered
O0002440,AT-202305-33990,C000514,S00002,P000237,2024-12-27T10:56:46,2,55.12,110.24,0.0,22.05,7.81,140.1,EUR,delivered
O0002441,UK-202208-72139,C000259,S00020,P000164,2025-01-11T10:39:58,2,369.35,738.7,0.0,147.74,9.75,896.19,EUR,delivered
O0002442,UK-202208-72139,C000259,S00020,P000160,2025-01-11T10:39:58,3,363.52,1090.56,0.0,218.11,8.22,1316.89,EUR,delivered
O0002443,UK-202209-75432,C000259,S00020,P000072,2024-11-13T15:41:21,2,85.31,170.62,17.06,30.71,10.28,194.55,EUR,delivered
O0002444,ES-202402-12447,C000550,S00014,P000045,2024-03-19T15:51:08,1,215.26,215.26,0.0,45.2,11.29,271.75,EUR,delivered
O0002445,AT-202310-33315,C000261,S00002,P000138,2025-12-15T20:45:45,2,35.68,71.36,3.57,13.56,11.23,92.58,EUR,delivered
O0002446,AT-202309-85570,C000261,S00001,P000115,2025-12-08T18:40:10,1,654.73,654.73,65.47,117.85,0.0,707.11,EUR,delivered
O0002447,AT-202309-85570,C000261,S00001,P000164,2025-12-08T18:40:10,2,349.29,698.58,69.86,125.74,0.0,754.46,EUR,delivered
O0002448,AT-202309-85570,C000261,S00001,P000130,2025-12-08T18:40:10,2,48.43,96.86,0.0,19.37,0.0,116.23,EUR,delivered
O0002449,AT-202302-20570,C000261,S00002,P000079,2025-12-12T10:43:05,1,58.47,58.47,0.0,11.69,8.21,78.37,EUR,delivered
O0002450,AT-202302-20570,C000261,S00002,P000078,2025-12-12T10:43:05,3,104.63,313.89,0.0,62.78,7.36,384.03,EUR,delivered
O0002451,UK-202410-47034,C000253,S00020,P000241,2025-08-18T15:24:32,1,560.84,560.84,0.0,112.17,4.09,677.1,EUR,delivered
O0002452,UK-202410-56976,C000253,S00019,P000068,2025-09-13T12:35:17,3,237.33,711.99,0.0,142.4,0.0,854.39,EUR,delivered
O0002453,UK-202410-56976,C000253,S00019,P000043,2025-09-13T12:35:17,3,201.51,604.53,0.0,120.91,0.0,725.44,EUR,delivered
O0002454,UK-202206-48554,C000253,S00019,P000188,2024-11-20T18:44:22,4,249.02,996.08,0.0,199.22,0.0,1195.3,EUR,delivered
O0002455,ES-202402-98149,C000575,S00013,P000237,2025-06-25T20:22:46,1,53.46,53.46,0.0,11.23,7.52,72.21,EUR,delivered
O0002456,ES-202402-98149,C000575,S00013,P000084,2025-06-25T20:22:46,1,57.91,57.91,0.0,12.16,7.21,77.28,EUR,delivered
O0002457,SE-202501-36046,C000301,S00015,P000110,2024-11-21T16:07:08,3,62.77,188.31,9.42,44.72,0.0,223.61,EUR,delivered
O0002458,SE-202501-36046,C000301,S00015,P000224,2024-11-21T16:07:08,1,229.43,229.43,0.0,57.36,0.0,286.79,EUR,delivered
O0002459,SE-202403-25729,C000301,S00015,P000216,2024-02-20T13:37:27,3,39.78,119.34,0.0,29.84,0.0,149.18,EUR,delivered
O0002460,UK-202304-23782,C000650,S00019,P000184,2024-05-03T10:15:03,3,45.57,136.71,0.0,27.34,0.0,164.05,EUR,delivered
O0002461,UK-202304-23782,C000650,S00019,P000084,2024-05-03T10:15:03,4,56.38,225.52,11.28,42.85,0.0,257.09,EUR,delivered
O0002462,UK-202304-23782,C000650,S00019,P000244,2024-05-03T10:15:03,1,184.53,184.53,0.0,36.91,0.0,221.44,EUR,delivered
O0002463,ES-202201-26906,C000386,S00013,P000022,2023-02-26T09:45:16,1,54.16,54.16,8.12,9.67,0.0,55.71,EUR,delivered
O0002464,ES-202509-68407,C000386,S00013,P000217,2025-03-14T12:36:38,1,316.27,316.27,0.0,66.42,0.0,382.69,EUR,delivered
O0002465,ES-202509-68407,C000386,S00013,P000215,2025-03-14T12:36:38,1,70.31,70.31,0.0,14.77,0.0,85.08,EUR,delivered
O0002466,UK-202403-23693,C000123,S00019,P000220,2025-12-31T23:59:59,3,36.25,108.75,0.0,21.75,0.0,130.5,EUR,delivered
O0002467,UK-202402-36119,C000123,S00019,P000033,2025-12-27T13:47:29,2,117.17,234.34,11.72,44.52,0.0,267.14,EUR,delivered
O0002468,UK-202402-36119,C000123,S00019,P000181,2025-12-27T13:47:29,1,185.53,185.53,0.0,37.11,6.45,229.09,EUR,delivered
O0002469,UK-202311-21152,C000123,S00020,P000019,2025-12-31T23:59:59,3,834.92,2504.76,0.0,500.95,8.46,3014.17,EUR,delivered
O0002470,UK-202311-21152,C000123,S00020,P000131,2025-12-31T23:59:59,2,95.17,190.34,0.0,38.07,7.8,236.21,EUR,delivered
O0002471,UK-202311-21152,C000123,S00020,P000192,2025-12-31T23:59:59,2,106.21,212.42,21.24,38.24,5.95,235.37,EUR,delivered
O0002472,FR-202508-96020,C000104,S00003,P000144,2025-09-10T17:34:05,2,153.58,307.16,0.0,61.43,0.0,368.59,EUR,delivered
O0002473,FR-202508-96020,C000104,S00003,P000155,2025-09-10T17:34:05,1,129.92,129.92,0.0,25.98,0.0,155.9,EUR,delivered
O0002474,FR-202412-75705,C000104,S00004,P000209,2025-10-17T09:41:47,2,121.95,243.9,0.0,48.78,12.76,305.44,EUR,delivered
O0002475,FR-202412-75705,C000104,S00004,P000055,2025-10-17T09:41:47,2,41.17,82.34,4.12,15.64,4.35,98.21,EUR,delivered
O0002476,FR-202412-75705,C000104,S00004,P000029,2025-10-17T09:41:47,2,153.86,307.72,0.0,61.54,8.35,377.61,EUR,delivered
O0002477,FR-202409-53444,C000104,S00003,P000098,2024-04-24T16:40:20,1,128.59,128.59,0.0,25.72,0.0,154.31,EUR,delivered
O0002478,FR-202304-86484,C000104,S00003,P000102,2024-03-19T17:20:16,1,72.23,72.23,7.22,13.0,0.0,78.01,EUR,delivered
O0002479,FR-202212-71375,C000104,S00003,P000173,2024-06-15T16:42:17,1,359.25,359.25,0.0,71.85,0.0,431.1,EUR,delivered
O0002480,FR-202311-51891,C000104,S00004,P000130,2025-12-10T08:28:48,1,55.51,55.51,5.55,9.99,8.83,68.78,EUR,delivered
O0002481,FR-202311-51891,C000104,S00004,P000149,2025-12-10T08:28:48,3,129.88,389.64,0.0,77.93,10.43,478.0,EUR,delivered
O0002482,FR-202311-51891,C000104,S00004,P000103,2025-12-10T08:28:48,2,72.57,145.14,7.26,27.58,10.85,176.31,EUR,delivered
O0002483,FR-202212-15072,C000104,S00004,P000190,2025-05-12T08:59:17,1,388.41,388.41,0.0,77.68,5.11,471.2,EUR,delivered
O0002484,FR-202305-62760,C000104,S00003,P000225,2024-12-20T18:31:34,4,32.83,131.32,6.57,24.95,0.0,149.7,EUR,delivered
O0002485,FR-202305-62760,C000104,S00003,P000069,2024-12-20T18:31:34,1,58.51,58.51,0.0,11.7,0.0,70.21,EUR,delivered
O0002486,FR-202403-66807,C000104,S00003,P000137,2024-09-13T15:03:44,1,129.65,129.65,0.0,25.93,0.0,155.58,EUR,delivered
O0002487,IT-202508-11806,C000027,S00007,P000166,2024-11-10T15:49:03,2,224.39,448.78,0.0,98.73,6.29,553.8,EUR,delivered
O0002488,IT-202508-11806,C000027,S00007,P000055,2024-11-10T15:49:03,2,39.88,79.76,0.0,17.55,0.0,97.31,EUR,delivered
O0002489,UK-202410-99039,C000506,S00019,P000129,2024-11-17T08:16:51,3,339.11,1017.33,0.0,203.47,0.0,1220.8,EUR,delivered
O0002490,UK-202410-99039,C000506,S00019,P000025,2024-11-17T08:16:51,1,599.4,599.4,0.0,119.88,0.0,719.28,EUR,delivered
O0002491,UK-202410-99039,C000506,S00019,P000116,2024-11-17T08:16:51,3,103.3,309.9,30.99,55.78,3.29,337.98,EUR,delivered
O0002492,UK-202410-99039,C000506,S00019,P000157,2024-11-17T08:16:51,1,166.06,166.06,0.0,33.21,0.0,199.27,EUR,delivered
O0002493,UK-202205-56828,C000506,S00020,P000149,2022-12-15T20:07:10,1,112.9,112.9,0.0,22.58,12.12,147.6,EUR,delivered
O0002494,UK-202205-56828,C000506,S00020,P000226,2022-12-15T20:07:10,1,75.73,75.73,7.57,13.63,7.18,88.97,EUR,delivered
O0002495,CH-202511-71472,C000737,S00018,P000095,2025-12-29T20:50:44,1,373.72,373.72,18.69,28.4,5.84,389.27,EUR,delivered
O0002496,CH-202206-43794,C000737,S00017,P000161,2025-12-10T17:53:58,1,369.68,369.68,18.48,28.1,0.0,379.3,EUR,delivered
O0002497,CH-202206-43794,C000737,S00017,P000008,2025-12-10T17:53:58,2,36.04,72.08,0.0,5.77,0.0,77.85,EUR,delivered
O0002498,CH-202206-43794,C000737,S00017,P000003,2025-12-10T17:53:58,2,132.39,264.78,13.24,20.12,0.0,271.66,EUR,delivered
O0002499,DE-202511-42026,C000193,S00006,P000030,2025-06-07T18:08:20,2,740.96,1481.92,0.0,281.56,10.43,1773.91,EUR,delivered
O0002500,DE-202511-42026,C000193,S00006,P000210,2025-06-07T18:08:20,1,40.52,40.52,0.0,7.7,10.31,58.53,EUR,delivered
O0002501,DE-202511-42026,C000193,S00006,P000027,2025-06-07T18:08:20,1,115.22,115.22,0.0,21.89,5.88,142.99,EUR,delivered
O0002502,SE-202409-30214,C000586,S00016,P000027,2023-09-05T18:39:23,3,110.67,332.01,33.2,74.7,6.79,380.3,EUR,delivered
O0002503,IT-202203-35100,C000166,S00007,P000129,2024-03-23T13:37:14,2,345.8,691.6,69.16,136.94,0.0,759.38,EUR,delivered
O0002504,IT-202203-35100,C000166,S00007,P000175,2024-03-23T13:37:14,1,98.71,98.71,9.87,19.54,0.0,108.38,EUR,delivered
O0002505,IT-202203-35100,C000166,S00007,P000238,2024-03-23T13:37:14,1,310.09,310.09,15.5,64.81,0.0,359.4,EUR,delivered
O0002506,IT-202504-57279,C000166,S00008,P000118,2025-11-20T13:11:17,1,89.0,89.0,0.0,19.58,7.5,116.08,EUR,delivered
O0002507,IT-202504-57279,C000166,S00008,P000123,2025-11-20T13:11:17,2,149.85,299.7,0.0,65.93,6.53,372.16,EUR,delivered
O0002508,IT-202201-66984,C000166,S00007,P000137,2024-12-02T16:59:08,1,142.94,142.94,0.0,31.45,7.0,181.39,EUR,delivered
O0002509,NL-202508-87816,C000212,S00009,P000095,2024-01-05T18:55:18,1,327.35,327.35,32.74,61.87,0.0,356.48,EUR,delivered
O0002510,NL-202508-87816,C000212,S00009,P000146,2024-01-05T18:55:18,1,292.78,292.78,14.64,58.41,0.0,336.55,EUR,delivered
O0002511,NL-202310-67024,C000212,S00009,P000215,2025-03-21T08:36:53,1,65.28,65.28,0.0,13.71,0.0,78.99,EUR,delivered
O0002512,NL-202310-67024,C000212,S00009,P000205,2025-03-21T08:36:53,1,28.98,28.98,2.9,5.48,0.0,31.56,EUR,delivered
O0002513,NL-202310-67024,C000212,S00009,P000035,2025-03-21T08:36:53,1,187.8,187.8,9.39,37.47,4.08,219.96,EUR,delivered
O0002514,NL-202310-67024,C000212,S00009,P000159,2025-03-21T08:36:53,1,95.28,95.28,0.0,20.01,6.45,121.74,EUR,delivered
O0002515,NL-202404-98340,C000212,S00010,P000173,2025-11-27T15:35:36,1,327.44,327.44,32.74,61.89,9.31,365.9,EUR,delivered
O0002516,CH-202410-64282,C000073,S00018,P000089,2025-11-25T12:38:44,3,172.66,517.98,51.8,37.29,5.55,509.02,EUR,delivered
O0002517,CH-202410-64282,C000073,S00018,P000157,2025-11-25T12:38:44,2,165.03,330.06,0.0,26.4,11.86,368.32,EUR,delivered
O0002518,CH-202308-23955,C000073,S00017,P000053,2025-09-19T18:17:57,5,668.47,3342.35,167.12,254.02,0.0,3429.25,EUR,delivered
O0002519,CH-202502-70511,C000073,S00018,P000069,2025-03-10T20:42:17,1,59.13,59.13,0.0,4.73,4.71,68.57,EUR,delivered
O0002520,CH-202502-70511,C000073,S00018,P000232,2025-03-10T20:42:17,1,793.57,793.57,0.0,63.49,5.21,862.27,EUR,delivered
O0002521,CH-202502-70511,C000073,S00018,P000084,2025-03-10T20:42:17,3,56.71,170.13,8.51,12.93,5.45,180.0,EUR,delivered
O0002522,CH-202502-70511,C000073,S00018,P000092,2025-03-10T20:42:17,1,140.02,140.02,7.0,10.64,7.04,150.7,EUR,delivered
O0002523,NL-202403-78929,C000664,S00009,P000045,2025-12-11T14:31:30,1,216.05,216.05,0.0,45.37,0.0,261.42,EUR,delivered
O0002524,NL-202403-78929,C000664,S00009,P000157,2025-12-11T14:31:30,3,151.97,455.91,22.8,90.95,5.59,529.65,EUR,delivered
O0002525,NL-202403-78929,C000664,S00009,P000079,2025-12-11T14:31:30,1,61.95,61.95,3.1,12.36,0.0,71.21,EUR,delivered
O0002526,AT-202402-15382,C000690,S00001,P000063,2025-02-07T15:28:48,3,47.23,141.69,21.25,24.09,4.92,149.45,EUR,delivered
O0002527,AT-202506-38387,C000690,S00002,P000007,2025-01-20T13:30:15,1,170.01,170.01,0.0,34.0,4.58,208.59,EUR,delivered
O0002528,AT-202504-13974,C000690,S00002,P000214,2025-04-07T11:53:14,1,125.63,125.63,0.0,25.13,5.72,156.48,EUR,delivered
O0002529,AT-202504-13974,C000690,S00002,P000228,2025-04-07T11:53:14,4,720.03,2880.12,144.01,547.22,8.64,3291.97,EUR,delivered
O0002530,AT-202203-99700,C000690,S00002,P000175,2025-12-13T13:38:40,2,93.48,186.96,0.0,37.39,5.35,229.7,EUR,delivered
O0002531,AT-202203-99700,C000690,S00002,P000132,2025-12-13T13:38:40,1,159.47,159.47,0.0,31.89,11.83,203.19,EUR,delivered
O0002532,AT-202203-99700,C000690,S00002,P000103,2025-12-13T13:38:40,4,63.69,254.76,0.0,50.95,10.76,316.47,EUR,delivered
O0002533,AT-202406-33591,C000690,S00001,P000010,2025-12-31T19:20:36,1,44.16,44.16,0.0,8.83,0.0,52.99,EUR,delivered
O0002534,CH-202506-25071,C000200,S00018,P000004,2025-03-20T17:01:12,4,333.71,1334.84,0.0,106.79,7.9,1449.53,EUR,delivered
O0002535,CH-202210-47094,C000200,S00017,P000238,2025-01-15T10:50:46,4,288.61,1154.44,0.0,92.36,0.0,1246.8,EUR,delivered
O0002536,DE-202511-55816,C000531,S00006,P000144,2024-06-10T16:21:00,1,142.21,142.21,14.22,24.32,7.93,160.24,EUR,delivered
O0002537,DE-202511-55816,C000531,S00006,P000024,2024-06-10T16:21:00,3,153.46,460.38,0.0,87.47,10.08,557.93,EUR,delivered
O0002538,AT-202308-33328,C000030,S00002,P000010,2023-10-28T09:18:49,4,48.35,193.4,0.0,38.68,9.95,242.03,EUR,delivered
O0002539,AT-202308-33328,C000030,S00002,P000200,2023-10-28T09:18:49,4,11.21,44.84,2.24,8.52,12.15,63.27,EUR,delivered
O0002540,UK-202302-73831,C000366,S00020,P000144,2025-11-02T12:38:55,1,145.13,145.13,14.51,26.12,12.52,169.26,EUR,delivered
O0002541,UK-202508-43608,C000366,S00019,P000105,2025-10-02T18:35:43,4,115.32,461.28,46.13,83.03,0.0,498.18,EUR,delivered
O0002542,UK-202508-43608,C000366,S00019,P000128,2025-10-02T18:35:43,1,142.94,142.94,21.44,24.3,0.0,145.8,EUR,delivered
O0002543,UK-202508-43608,C000366,S00019,P000210,2025-10-02T18:35:43,1,40.98,40.98,0.0,8.2,0.0,49.18,EUR,delivered
O0002544,UK-202505-22012,C000366,S00020,P000079,2025-05-26T17:28:34,1,67.25,67.25,0.0,13.45,5.9,86.6,EUR,delivered
O0002545,UK-202505-22012,C000366,S00020,P000113,2025-05-26T17:28:34,3,360.32,1080.96,0.0,216.19,10.07,1307.22,EUR,delivered
O0002546,SE-202305-42354,C000014,S00016,P000158,2023-05-14T15:00:18,1,247.0,247.0,12.35,58.66,11.53,304.84,EUR,delivered
O0002547,FR-202407-86009,C000475,S00003,P000244,2025-11-05T17:08:48,2,196.16,392.32,19.62,74.54,3.79,451.03,EUR,delivered
O0002548,FR-202306-75053,C000475,S00003,P000061,2023-12-11T15:11:04,1,90.57,90.57,0.0,18.11,0.0,108.68,EUR,delivered
O0002549,FR-202410-25091,C000475,S00004,P000095,2023-03-19T12:11:21,2,326.19,652.38,65.24,117.43,12.24,716.81,EUR,delivered
O0002550,FR-202410-25091,C000475,S00004,P000002,2023-03-19T12:11:21,3,63.22,189.66,9.48,36.04,4.41,220.63,EUR,delivered
O0002551,FR-202410-25091,C000475,S00004,P000135,2023-03-19T12:11:21,4,179.71,718.84,71.88,129.39,6.41,782.76,EUR,delivered
O0002552,FR-202311-63170,C000592,S00004,P000235,2025-10-07T17:32:20,1,44.34,44.34,0.0,8.87,11.72,64.93,EUR,delivered
O0002553,FR-202501-75317,C000592,S00003,P000069,2025-08-10T15:17:24,1,62.01,62.01,0.0,12.4,0.0,74.41,EUR,delivered
O0002554,FR-202412-87496,C000592,S00003,P000140,2025-11-17T12:57:18,1,113.39,113.39,11.34,20.41,4.18,126.64,EUR,delivered
O0002555,FR-202507-34439,C000592,S00003,P000002,2025-12-21T19:31:51,1,70.95,70.95,7.1,12.77,0.0,76.62,EUR,delivered
O0002556,FR-202209-29561,C000592,S00004,P000127,2025-12-07T12:04:17,3,434.38,1303.14,0.0,260.63,10.52,1574.29,EUR,delivered
O0002557,FR-202503-64822,C000592,S00003,P000051,2025-11-30T10:05:40,1,15.02,15.02,1.5,2.7,0.0,16.22,EUR,delivered
O0002558,FR-202302-51162,C000592,S00003,P000167,2025-10-27T09:13:55,1,62.85,62.85,0.0,12.57,5.4,80.82,EUR,delivered
O0002559,FR-202302-51162,C000592,S00003,P000002,2025-10-27T09:13:55,1,69.48,69.48,0.0,13.9,5.31,88.69,EUR,delivered
O0002560,FR-202302-51162,C000592,S00003,P000181,2025-10-27T09:13:55,2,170.35,340.7,0.0,68.14,0.0,408.84,EUR,delivered
O0002561,FR-202302-51162,C000592,S00003,P000238,2025-10-27T09:13:55,2,297.37,594.74,0.0,118.95,0.0,713.69,EUR,delivered
O0002562,FR-202406-67694,C000592,S00004,P000234,2025-12-24T18:28:48,1,16.94,16.94,0.0,3.39,7.54,27.87,EUR,delivered
O0002563,FR-202406-67694,C000592,S00004,P000206,2025-12-24T18:28:48,2,352.04,704.08,0.0,140.82,10.63,855.53,EUR,delivered
O0002564,FR-202406-67694,C000592,S00004,P000181,2025-12-24T18:28:48,1,177.02,177.02,0.0,35.4,6.79,219.21,EUR,delivered
O0002565,UK-202403-19254,C000315,S00020,P000133,2022-09-18T17:39:34,1,43.48,43.48,0.0,8.7,6.68,58.86,EUR,delivered
O0002566,UK-202403-19254,C000315,S00020,P000149,2022-09-18T17:39:34,1,115.62,115.62,0.0,23.12,10.17,148.91,EUR,delivered
O0002567,UK-202412-15320,C000315,S00020,P000162,2023-01-01T16:29:50,2,157.9,315.8,0.0,63.16,8.3,387.26,EUR,delivered
O0002568,UK-202412-15320,C000315,S00020,P000108,2023-01-01T16:29:50,1,105.34,105.34,0.0,21.07,9.25,135.66,EUR,delivered
O0002569,UK-202303-21497,C000315,S00020,P000142,2022-08-24T09:34:44,3,167.99,503.97,0.0,100.79,4.7,609.46,EUR,delivered
O0002570,IT-202209-44451,C000731,S00007,P000125,2024-11-28T16:34:20,1,72.01,72.01,0.0,15.84,0.0,87.85,EUR,delivered
O0002571,IT-202206-19806,C000731,S00008,P000178,2024-12-11T15:59:16,1,475.16,475.16,47.52,94.08,12.61,534.33,EUR,delivered
O0002572,IT-202311-75755,C000731,S00008,P000230,2025-05-30T13:22:25,1,90.8,90.8,4.54,18.98,9.17,114.41,EUR,delivered
O0002573,IT-202311-75755,C000731,S00008,P000108,2025-05-30T13:22:25,2,103.56,207.12,0.0,45.57,6.24,258.93,EUR,delivered
O0002574,IT-202311-75755,C000731,S00008,P000221,2025-05-30T13:22:25,1,108.31,108.31,0.0,23.83,12.49,144.63,EUR,delivered
O0002575,IT-202311-75755,C000731,S00008,P000166,2025-05-30T13:22:25,1,209.89,209.89,0.0,46.18,9.52,265.59,EUR,delivered
O0002576,IT-202212-66644,C000731,S00007,P000177,2025-11-15T17:19:40,1,100.78,100.78,5.04,21.06,0.0,116.8,EUR,delivered
O0002577,IT-202212-66644,C000731,S00007,P000042,2025-11-15T17:19:40,1,31.57,31.57,0.0,6.95,0.0,38.52,EUR,delivered
O0002578,IT-202504-66899,C000731,S00008,P000222,2025-08-28T17:56:03,1,65.65,65.65,3.28,13.72,8.44,84.53,EUR,delivered
O0002579,IT-202210-17618,C000731,S00008,P000113,2025-11-20T08:12:34,3,371.84,1115.52,0.0,245.41,9.7,1370.63,EUR,delivered
O0002580,IT-202210-17618,C000731,S00008,P000025,2025-11-20T08:12:34,3,613.76,1841.28,0.0,405.08,11.43,2257.79,EUR,delivered
O0002581,IT-202210-17618,C000731,S00008,P000032,2025-11-20T08:12:34,3,148.61,445.83,0.0,98.08,5.64,549.55,EUR,delivered
O0002582,IT-202210-17618,C000731,S00008,P000195,2025-11-20T08:12:34,1,130.53,130.53,0.0,28.72,5.94,165.19,EUR,delivered
O0002583,IT-202310-37805,C000731,S00008,P000032,2025-01-29T12:12:46,1,144.53,144.53,21.68,27.03,4.12,154.0,EUR,delivered
O0002584,IT-202211-74817,C000731,S00008,P000017,2025-12-14T17:48:33,1,64.06,64.06,0.0,14.09,10.77,88.92,EUR,delivered
O0002585,IT-202211-74817,C000731,S00008,P000067,2025-12-14T17:48:33,1,242.0,242.0,0.0,53.24,10.83,306.07,EUR,delivered
O0002586,IT-202211-74817,C000731,S00008,P000040,2025-12-14T17:48:33,2,107.43,214.86,21.49,42.54,12.46,248.37,EUR,delivered
O0002587,AT-202210-93840,C000463,S00002,P000050,2025-08-17T12:00:19,1,34.26,34.26,0.0,6.85,6.11,47.22,EUR,delivered
O0002588,AT-202210-93840,C000463,S00002,P000007,2025-08-17T12:00:19,1,173.36,173.36,17.34,31.2,5.15,192.37,EUR,delivered
O0002589,AT-202210-93840,C000463,S00002,P000156,2025-08-17T12:00:19,3,210.94,632.82,31.64,120.24,8.4,729.82,EUR,delivered
O0002590,DE-202406-43718,C000670,S00006,P000055,2025-07-06T10:28:22,2,37.09,74.18,0.0,14.09,4.87,93.14,EUR,delivered
O0002591,DE-202406-43718,C000670,S00006,P000080,2025-07-06T10:28:22,3,240.98,722.94,0.0,137.36,12.01,872.31,EUR,delivered
O0002592,AT-202310-38463,C000209,S00001,P000242,2024-11-25T15:45:03,1,40.49,40.49,4.05,7.29,0.0,43.73,EUR,delivered
O0002593,AT-202310-38463,C000209,S00001,P000086,2024-11-25T15:45:03,1,149.01,149.01,0.0,29.8,0.0,178.81,EUR,delivered
O0002594,AT-202310-38463,C000209,S00001,P000235,2024-11-25T15:45:03,2,44.87,89.74,4.49,17.05,0.0,102.3,EUR,delivered
O0002595,AT-202305-68518,C000209,S00002,P000218,2024-10-11T17:04:53,3,125.98,377.94,37.79,68.03,10.19,418.37,EUR,delivered
O0002596,AT-202203-67881,C000209,S00002,P000168,2024-11-17T19:50:23,1,257.07,257.07,0.0,51.41,11.1,319.58,EUR,delivered
O0002597,AT-202207-98256,C000209,S00001,P000170,2024-05-07T19:25:54,1,172.89,172.89,17.29,31.12,0.0,186.72,EUR,delivered
O0002598,AT-202207-98256,C000209,S00001,P000150,2024-05-07T19:25:54,1,594.57,594.57,0.0,118.91,0.0,713.48,EUR,delivered
O0002599,AT-202312-83849,C000209,S00002,P000232,2024-08-22T10:10:44,2,813.25,1626.5,162.65,292.77,7.96,1764.58,EUR,delivered
O0002600,AT-202312-83849,C000209,S00002,P000002,2024-08-22T10:10:44,2,63.49,126.98,0.0,25.4,8.57,160.95,EUR,delivered
O0002601,AT-202312-83849,C000209,S00002,P000014,2024-08-22T10:10:44,3,189.56,568.68,56.87,102.36,8.0,622.17,EUR,delivered
O0002602,AT-202411-73229,C000209,S00001,P000054,2025-05-06T11:12:34,2,115.44,230.88,11.54,43.87,0.0,263.21,EUR,delivered
O0002603,AT-202411-73229,C000209,S00001,P000004,2025-05-06T11:12:34,5,324.31,1621.55,81.08,308.09,0.0,1848.56,EUR,delivered
O0002604,AT-202508-53346,C000209,S00002,P000166,2024-12-18T14:07:30,5,231.01,1155.05,0.0,231.01,6.46,1392.52,EUR,delivered
O0002605,AT-202511-38389,C000209,S00001,P000192,2025-08-19T14:22:41,1,104.74,104.74,0.0,20.95,0.0,125.69,EUR,delivered
O0002606,AT-202511-38389,C000209,S00001,P000103,2025-08-19T14:22:41,1,64.51,64.51,0.0,12.9,0.0,77.41,EUR,delivered
O0002607,AT-202511-38389,C000209,S00001,P000218,2025-08-19T14:22:41,1,141.2,141.2,7.06,26.83,5.56,166.53,EUR,delivered
O0002608,AT-202212-75496,C000209,S00002,P000230,2025-08-05T13:45:52,2,79.81,159.62,7.98,30.33,9.76,191.73,EUR,delivered
O0002609,AT-202212-75496,C000209,S00002,P000102,2025-08-05T13:45:52,2,73.08,146.16,7.31,27.77,8.02,174.64,EUR,delivered
O0002610,AT-202403-33899,C000209,S00002,P000040,2025-03-10T18:08:05,5,105.97,529.85,0.0,105.97,6.38,642.2,EUR,delivered
O0002611,AT-202408-87053,C000209,S00002,P000012,2025-01-15T10:14:31,1,47.86,47.86,0.0,9.57,5.92,63.35,EUR,delivered
O0002612,NL-202310-71848,C000768,S00009,P000140,2022-08-14T20:31:09,1,111.56,111.56,0.0,23.43,0.0,134.99,EUR,delivered
O0002613,NL-202305-97972,C000768,S00009,P000180,2022-11-24T17:40:23,2,82.64,165.28,0.0,34.71,0.0,199.99,EUR,delivered
O0002614,NL-202309-44118,C000768,S00009,P000082,2025-04-23T18:41:42,4,292.59,1170.36,117.04,221.2,6.27,1280.79,EUR,delivered
O0002615,NL-202309-44118,C000768,S00009,P000151,2025-04-23T18:41:42,2,113.75,227.5,11.38,45.39,0.0,261.51,EUR,delivered
O0002616,FR-202509-30424,C000079,S00004,P000141,2025-09-22T14:24:38,1,64.26,64.26,0.0,12.85,12.7,89.81,EUR,delivered
O0002617,UK-202404-77900,C000545,S00020,P000005,2024-12-23T18:47:22,1,266.91,266.91,0.0,53.38,8.28,328.57,EUR,delivered
O0002618,UK-202404-77900,C000545,S00020,P000082,2024-12-23T18:47:22,1,288.63,288.63,14.43,54.84,5.31,334.35,EUR,delivered
O0002619,UK-202404-77900,C000545,S00020,P000145,2024-12-23T18:47:22,3,304.43,913.29,0.0,182.66,10.6,1106.55,EUR,delivered
O0002620,UK-202308-42118,C000545,S00020,P000241,2025-12-14T19:38:45,2,579.3,1158.6,0.0,231.72,11.02,1401.34,EUR,delivered
O0002621,ES-202305-93628,C000394,S00014,P000240,2025-11-19T09:02:22,2,453.0,906.0,0.0,190.26,4.42,1100.68,EUR,delivered
O0002622,PL-202509-61885,C000713,S00011,P000175,2025-12-12T14:48:47,4,103.07,412.28,0.0,94.82,6.01,513.11,EUR,delivered
O0002623,PL-202509-61885,C000713,S00011,P000240,2025-12-12T14:48:47,5,462.8,2314.0,115.7,505.61,6.97,2710.88,EUR,delivered
O0002624,UK-202402-78175,C000094,S00020,P000074,2025-12-14T14:51:05,1,317.02,317.02,0.0,63.4,10.25,390.67,EUR,delivered
O0002625,UK-202302-81363,C000094,S00019,P000117,2025-10-20T14:37:47,2,287.97,575.94,28.8,109.43,4.01,660.58,EUR,delivered
O0002626,SE-202510-42466,C000074,S00015,P000019,2025-08-01T10:10:59,1,767.69,767.69,0.0,191.92,0.0,959.61,EUR,delivered
O0002627,SE-202510-42466,C000074,S00015,P000053,2025-08-01T10:10:59,1,643.14,643.14,0.0,160.79,0.0,803.93,EUR,delivered
O0002628,SE-202510-42466,C000074,S00015,P000126,2025-08-01T10:10:59,3,334.75,1004.25,50.21,238.51,0.0,1192.55,EUR,delivered
O0002629,SE-202205-10638,C000074,S00015,P000149,2023-12-24T08:11:15,1,116.01,116.01,11.6,26.1,0.0,130.51,EUR,delivered
O0002630,SE-202410-12381,C000074,S00015,P000227,2025-03-19T15:31:40,2,136.51,273.02,13.65,64.84,6.27,330.48,EUR,delivered
O0002631,SE-202208-59311,C000074,S00016,P000058,2025-09-24T10:18:54,10,58.37,583.7,0.0,145.93,10.99,740.62,EUR,delivered
O0002632,AT-202206-19532,C000691,S00002,P000116,2025-12-02T12:27:39,2,116.41,232.82,11.64,44.24,8.06,273.48,EUR,delivered
O0002633,FR-202308-28432,C000745,S00003,P000249,2025-12-24T08:02:39,2,401.43,802.86,80.29,144.51,4.0,871.08,EUR,delivered
O0002634,FR-202203-36856,C000745,S00003,P000151,2025-12-06T18:00:01,2,109.76,219.52,10.98,41.71,0.0,250.25,EUR,delivered
O0002635,IT-202311-55914,C000278,S00007,P000223,2023-11-23T13:09:41,1,117.97,117.97,5.9,24.66,0.0,136.73,EUR,delivered
O0002636,IT-202311-55914,C000278,S00007,P000022,2023-11-23T13:09:41,4,56.05,224.2,0.0,49.32,0.0,273.52,EUR,delivered
O0002637,IT-202311-55914,C000278,S00007,P000028,2023-11-23T13:09:41,2,87.36,174.72,8.74,36.52,0.0,202.5,EUR,delivered
O0002638,IT-202202-66755,C000278,S00008,P000024,2024-05-18T10:38:00,1,153.6,153.6,0.0,33.79,5.51,192.9,EUR,delivered
O0002639,IT-202504-12063,C000278,S00007,P000203,2022-08-07T17:19:05,1,14.63,14.63,0.0,3.22,4.8,22.65,EUR,delivered
O0002640,IT-202504-12063,C000278,S00007,P000237,2022-08-07T17:19:05,1,58.26,58.26,0.0,12.82,0.0,71.08,EUR,delivered
O0002641,IT-202401-68636,C000278,S00008,P000072,2023-02-28T12:32:20,4,91.35,365.4,0.0,80.39,8.46,454.25,EUR,delivered
O0002642,IT-202407-69255,C000278,S00008,P000007,2025-04-15T16:41:46,1,162.56,162.56,0.0,35.76,4.35,202.67,EUR,delivered
O0002643,IT-202306-52948,C000278,S00007,P000149,2024-03-01T10:28:10,4,115.08,460.32,0.0,101.27,0.0,561.59,EUR,delivered
O0002644,IT-202306-52948,C000278,S00007,P000111,2024-03-01T10:28:10,3,698.79,2096.37,0.0,461.2,0.0,2557.57,EUR,delivered
O0002645,IT-202202-30663,C000278,S00007,P000134,2023-04-27T14:57:12,1,440.8,440.8,0.0,96.98,0.0,537.78,EUR,delivered
O0002646,IT-202202-30663,C000278,S00007,P000018,2023-04-27T14:57:12,1,973.42,973.42,0.0,214.15,7.27,1194.84,EUR,delivered
O0002647,IT-202202-30663,C000278,S00007,P000156,2023-04-27T14:57:12,1,198.0,198.0,0.0,43.56,0.0,241.56,EUR,delivered
O0002648,IT-202505-80879,C000278,S00008,P000159,2024-11-19T16:35:25,1,86.78,86.78,4.34,18.14,9.43,110.01,EUR,delivered
O0002649,IT-202505-80879,C000278,S00008,P000023,2024-11-19T16:35:25,1,164.31,164.31,8.22,34.34,12.45,202.88,EUR,delivered
O0002650,IT-202505-80879,C000278,S00008,P000225,2024-11-19T16:35:25,1,36.29,36.29,0.0,7.98,4.55,48.82,EUR,delivered
O0002651,IT-202505-80879,C000278,S00008,P000198,2024-11-19T16:35:25,1,240.16,240.16,24.02,47.55,6.46,270.15,EUR,delivered
O0002652,IT-202412-63329,C000278,S00008,P000217,2024-05-05T15:26:57,1,338.78,338.78,16.94,70.8,4.86,397.5,EUR,delivered
O0002653,IT-202210-30090,C000278,S00007,P000220,2023-12-17T13:04:59,1,35.43,35.43,0.0,7.79,0.0,43.22,EUR,delivered
O0002654,IT-202210-30090,C000278,S00007,P000117,2023-12-17T13:04:59,2,268.74,537.48,0.0,118.25,0.0,655.73,EUR,delivered
O0002655,IT-202210-30090,C000278,S00007,P000201,2023-12-17T13:04:59,3,336.76,1010.28,50.51,211.15,0.0,1170.92,EUR,delivered
O0002656,IT-202312-29499,C000278,S00007,P000134,2025-11-09T18:37:41,2,495.95,991.9,0.0,218.22,0.0,1210.12,EUR,delivered
O0002657,IT-202312-29499,C000278,S00007,P000132,2025-11-09T18:37:41,1,154.75,154.75,0.0,34.05,0.0,188.8,EUR,delivered
O0002658,IT-202304-92394,C000278,S00008,P000227,2024-08-16T18:40:01,1,154.71,154.71,0.0,34.04,8.52,197.27,EUR,delivered
O0002659,DE-202504-89485,C000051,S00006,P000061,2024-12-03T12:17:08,1,90.28,90.28,4.51,16.3,7.11,109.18,EUR,delivered
O0002660,DE-202504-89485,C000051,S00006,P000140,2024-12-03T12:17:08,2,111.27,222.54,0.0,42.28,8.97,273.79,EUR,delivered
O0002661,FR-202507-31760,C000059,S00003,P000225,2024-08-25T11:53:15,1,33.27,33.27,0.0,6.65,0.0,39.92,EUR,delivered
O0002662,FR-202507-31760,C000059,S00003,P000236,2024-08-25T11:53:15,2,69.53,139.06,6.95,26.42,0.0,158.53,EUR,delivered
O0002663,FR-202507-31760,C000059,S00003,P000159,2024-08-25T11:53:15,1,95.86,95.86,0.0,19.17,4.71,119.74,EUR,delivered
O0002664,UK-202504-62579,C000523,S00019,P000115,2024-05-23T10:56:13,1,587.47,587.47,0.0,117.49,6.69,711.65,EUR,delivered
O0002665,UK-202404-45506,C000523,S00020,P000144,2022-07-19T09:29:21,1,148.33,148.33,0.0,29.67,6.59,184.59,EUR,delivered
O0002666,UK-202211-82641,C000523,S00020,P000028,2025-07-27T20:19:24,1,88.22,88.22,0.0,17.64,12.8,118.66,EUR,delivered
O0002667,UK-202505-74371,C000523,S00019,P000126,2024-11-05T12:11:37,1,352.2,352.2,0.0,70.44,6.1,428.74,EUR,delivered
O0002668,UK-202505-74371,C000523,S00019,P000110,2024-11-05T12:11:37,1,59.82,59.82,2.99,11.37,0.0,68.2,EUR,delivered
O0002669,UK-202206-41439,C000523,S00019,P000237,2023-12-15T20:07:16,1,57.56,57.56,5.76,10.36,0.0,62.16,EUR,delivered
O0002670,UK-202311-40750,C000523,S00019,P000049,2025-12-05T16:10:16,1,295.27,295.27,0.0,59.05,0.0,354.32,EUR,delivered
O0002671,UK-202404-72704,C000523,S00020,P000231,2023-05-18T19:03:52,1,111.86,111.86,5.59,21.25,7.49,135.01,EUR,delivered
O0002672,UK-202404-72704,C000523,S00020,P000159,2023-05-18T19:03:52,2,91.39,182.78,18.28,32.9,9.63,207.03,EUR,delivered
O0002673,UK-202312-68441,C000523,S00020,P000016,2022-10-14T20:09:51,2,283.0,566.0,0.0,113.2,7.81,687.01,EUR,delivered
O0002674,UK-202312-68441,C000523,S00020,P000230,2022-10-14T20:09:51,3,83.18,249.54,0.0,49.91,9.22,308.67,EUR,delivered
O0002675,UK-202312-68441,C000523,S00020,P000150,2022-10-14T20:09:51,1,660.08,660.08,0.0,132.02,5.24,797.34,EUR,delivered
O0002676,IT-202302-64436,C000132,S00007,P000121,2025-11-29T20:03:11,1,111.57,111.57,16.74,20.86,0.0,115.69,EUR,delivered
O0002677,IT-202302-64436,C000132,S00007,P000140,2025-11-29T20:03:11,1,103.37,103.37,10.34,20.47,0.0,113.5,EUR,delivered
O0002678,IT-202302-64436,C000132,S00007,P000205,2025-11-29T20:03:11,1,26.42,26.42,1.32,5.52,0.0,30.62,EUR,delivered
O0002679,IT-202403-58749,C000132,S00007,P000160,2025-04-30T20:24:39,1,354.17,354.17,0.0,77.92,0.0,432.09,EUR,delivered
O0002680,IT-202403-58749,C000132,S00007,P000242,2025-04-30T20:24:39,1,35.79,35.79,3.58,7.09,0.0,39.3,EUR,delivered
O0002681,IT-202501-94100,C000132,S00008,P000231,2025-11-06T10:15:45,2,107.49,214.98,10.75,44.93,11.58,260.74,EUR,delivered
O0002682,IT-202501-94100,C000132,S00008,P000017,2025-11-06T10:15:45,2,68.4,136.8,0.0,30.1,8.1,175.0,EUR,delivered
O0002683,IT-202501-94100,C000132,S00008,P000246,2025-11-06T10:15:45,1,170.57,170.57,0.0,37.53,12.05,220.15,EUR,delivered
O0002684,IT-202512-89797,C000132,S00007,P000117,2024-09-15T13:20:31,2,289.84,579.68,0.0,127.53,0.0,707.21,EUR,delivered
O0002685,IT-202512-89797,C000132,S00007,P000207,2024-09-15T13:20:31,1,99.64,99.64,0.0,21.92,0.0,121.56,EUR,delivered
O0002686,IT-202310-45729,C000132,S00007,P000014,2024-01-21T12:52:54,1,203.13,203.13,0.0,44.69,0.0,247.82,EUR,delivered
O0002687,IT-202309-56604,C000132,S00008,P000155,2025-05-20T14:27:45,1,130.59,130.59,0.0,28.73,12.25,171.57,EUR,delivered
O0002688,FR-202208-52815,C000196,S00003,P000041,2024-11-21T09:32:18,1,106.55,106.55,5.33,20.24,5.62,127.08,EUR,delivered
O0002689,FR-202305-55250,C000196,S00004,P000101,2025-05-18T20:38:40,1,40.96,40.96,0.0,8.19,6.19,55.34,EUR,delivered
O0002690,NL-202512-87425,C000163,S00010,P000233,2025-12-24T19:57:26,3,15.14,45.42,4.54,8.58,9.03,58.49,EUR,delivered
O0002691,NL-202512-87425,C000163,S00010,P000195,2025-12-24T19:57:26,2,137.4,274.8,13.74,54.82,10.74,326.62,EUR,delivered
O0002692,NL-202512-87425,C000163,S00010,P000080,2025-12-24T19:57:26,1,232.11,232.11,23.21,43.87,12.43,265.2,EUR,delivered
O0002693,NL-202407-70026,C000163,S00009,P000040,2025-12-18T20:20:49,1,116.76,116.76,11.68,22.07,0.0,127.15,EUR,delivered
O0002694,UK-202506-31247,C000598,S00019,P000235,2025-03-29T12:43:55,1,43.89,43.89,2.19,8.34,0.0,50.04,EUR,delivered
O0002695,UK-202506-31247,C000598,S00019,P000155,2025-03-29T12:43:55,1,124.25,124.25,0.0,24.85,4.7,153.8,EUR,delivered
O0002696,UK-202203-47076,C000598,S00019,P000211,2025-06-28T13:30:56,1,220.51,220.51,33.08,37.49,6.03,230.95,EUR,delivered
O0002697,UK-202507-42460,C000598,S00020,P000109,2025-07-22T14:04:19,1,110.79,110.79,0.0,22.16,5.26,138.21,EUR,delivered
O0002698,FR-202504-36803,C000441,S00004,P000047,2023-11-25T16:38:31,1,154.37,154.37,0.0,30.87,9.42,194.66,EUR,delivered
O0002699,FR-202504-36803,C000441,S00004,P000036,2023-11-25T16:38:31,3,112.16,336.48,16.82,63.93,4.36,387.95,EUR,delivered
O0002700,FR-202212-90343,C000441,S00003,P000050,2023-12-03T20:24:03,1,35.82,35.82,0.0,7.16,0.0,42.98,EUR,delivered
O0002701,FR-202212-90343,C000441,S00003,P000209,2023-12-03T20:24:03,1,117.09,117.09,5.85,22.25,0.0,133.49,EUR,delivered
O0002702,FR-202212-90343,C000441,S00003,P000202,2023-12-03T20:24:03,2,140.73,281.46,0.0,56.29,3.43,341.18,EUR,delivered
O0002703,FR-202212-90343,C000441,S00003,P000057,2023-12-03T20:24:03,1,68.26,68.26,0.0,13.65,0.0,81.91,EUR,delivered
O0002704,FR-202201-86067,C000441,S00003,P000114,2024-11-21T19:59:26,1,788.77,788.77,39.44,149.87,0.0,899.2,EUR,delivered
O0002705,FR-202201-86067,C000441,S00003,P000116,2024-11-21T19:59:26,1,107.14,107.14,0.0,21.43,4.03,132.6,EUR,delivered
O0002706,FR-202210-53361,C000441,S00004,P000013,2024-07-15T19:46:07,1,125.03,125.03,0.0,25.01,5.84,155.88,EUR,delivered
O0002707,FR-202209-91037,C000441,S00003,P000091,2025-04-18T11:41:56,2,46.02,92.04,13.81,15.65,0.0,93.88,EUR,delivered
O0002708,FR-202412-13734,C000441,S00004,P000200,2023-12-06T12:01:27,1,10.8,10.8,0.54,2.05,6.87,19.18,EUR,delivered
O0002709,ES-202212-48922,C000013,S00014,P000246,2024-11-21T10:06:59,1,184.23,184.23,9.21,36.75,8.07,219.84,EUR,delivered
O0002710,ES-202212-48922,C000013,S00014,P000241,2024-11-21T10:06:59,3,636.67,1910.01,0.0,401.1,4.48,2315.59,EUR,delivered
O0002711,ES-202212-48922,C000013,S00014,P000141,2024-11-21T10:06:59,2,58.2,116.4,0.0,24.44,11.42,152.26,EUR,delivered
O0002712,ES-202306-31984,C000013,S00013,P000051,2024-02-12T20:49:23,1,13.94,13.94,0.0,2.93,0.0,16.87,EUR,delivered
O0002713,ES-202306-31984,C000013,S00013,P000115,2024-02-12T20:49:23,5,614.94,3074.7,307.47,581.12,0.0,3348.35,EUR,delivered
O0002714,ES-202410-56954,C000013,S00013,P000178,2025-04-12T13:39:37,2,474.87,949.74,47.49,189.47,4.46,1096.18,EUR,delivered
O0002715,DE-202407-42954,C000213,S00006,P000243,2024-09-01T17:00:01,1,43.14,43.14,6.47,6.97,11.9,55.54,EUR,delivered
O0002716,PL-202508-80561,C000594,S00012,P000118,2023-02-28T08:50:04,2,88.81,177.62,0.0,40.85,10.15,228.62,EUR,delivered
O0002717,PL-202508-80561,C000594,S00012,P000122,2023-02-28T08:50:04,1,217.37,217.37,10.87,47.5,9.53,263.53,EUR,delivered
O0002718,SE-202307-74237,C000224,S00015,P000176,2025-12-26T08:47:08,2,31.41,62.82,6.28,14.14,0.0,70.68,EUR,delivered
O0002719,SE-202307-74237,C000224,S00015,P000015,2025-12-26T08:47:08,2,46.34,92.68,4.63,22.01,0.0,110.06,EUR,delivered
O0002720,SE-202307-74237,C000224,S00015,P000174,2025-12-26T08:47:08,2,135.75,271.5,0.0,67.88,3.05,342.43,EUR,delivered
O0002721,SE-202510-91013,C000175,S00015,P000081,2025-11-18T14:56:17,1,189.2,189.2,9.46,44.94,6.55,231.23,EUR,delivered
O0002722,DE-202303-83603,C000012,S00006,P000089,2025-02-13T16:21:58,1,177.13,177.13,0.0,33.65,12.41,223.19,EUR,delivered
O0002723,DE-202206-56998,C000012,S00006,P000020,2025-02-19T13:53:26,2,110.4,220.8,0.0,41.95,4.38,267.13,EUR,delivered
O0002724,DE-202206-56998,C000012,S00006,P000105,2025-02-19T13:53:26,1,115.92,115.92,0.0,22.02,6.25,144.19,EUR,delivered
O0002725,DE-202206-84537,C000012,S00006,P000054,2023-08-02T14:07:55,1,102.59,102.59,10.26,17.54,12.37,122.24,EUR,delivered
O0002726,DE-202206-84537,C000012,S00006,P000147,2023-08-02T14:07:55,1,197.51,197.51,0.0,37.53,4.6,239.64,EUR,delivered
O0002727,DE-202206-84537,C000012,S00006,P000104,2023-08-02T14:07:55,1,255.82,255.82,12.79,46.18,7.86,297.07,EUR,delivered
O0002728,DE-202512-50880,C000012,S00006,P000208,2024-09-07T12:33:30,10,101.3,1013.0,0.0,192.47,7.81,1213.28,EUR,delivered
O0002729,DE-202512-50880,C000012,S00006,P000158,2024-09-07T12:33:30,1,247.11,247.11,0.0,46.95,4.45,298.51,EUR,delivered
O0002730,DE-202307-84803,C000012,S00005,P000033,2025-05-11T17:46:05,1,102.47,102.47,0.0,19.47,0.0,121.94,EUR,delivered
O0002731,DE-202202-73944,C000012,S00006,P000126,2025-12-18T20:38:05,1,349.78,349.78,0.0,66.46,8.71,424.95,EUR,delivered
O0002732,DE-202202-73944,C000012,S00006,P000106,2025-12-18T20:38:05,2,64.53,129.06,0.0,24.52,7.77,161.35,EUR,delivered
O0002733,DE-202303-35250,C000012,S00005,P000088,2023-10-24T14:30:13,1,68.03,68.03,0.0,12.93,0.0,80.96,EUR,delivered
O0002734,DE-202303-35250,C000012,S00005,P000114,2023-10-24T14:30:13,1,745.6,745.6,37.28,134.58,7.18,850.08,EUR,delivered
O0002735,DE-202204-30885,C000012,S00006,P000043,2023-03-13T20:08:19,5,202.09,1010.45,50.52,182.39,5.14,1147.46,EUR,delivered
O0002736,DE-202204-30885,C000012,S00006,P000111,2023-03-13T20:08:19,2,724.4,1448.8,144.88,247.74,4.72,1556.38,EUR,delivered
O0002737,DE-202204-30885,C000012,S00006,P000218,2023-03-13T20:08:19,2,135.48,270.96,0.0,51.48,12.68,335.12,EUR,delivered
O0002738,CH-202211-66264,C000479,S00018,P000084,2025-12-07T14:08:42,4,64.44,257.76,25.78,18.56,10.38,260.92,EUR,delivered
O0002739,CH-202211-31440,C000479,S00017,P000161,2025-11-22T17:01:51,1,368.75,368.75,0.0,29.5,0.0,398.25,EUR,delivered
O0002740,CH-202211-31440,C000479,S00017,P000106,2025-11-22T17:01:51,1,68.93,68.93,0.0,5.51,4.62,79.06,EUR,delivered
O0002741,CH-202211-31440,C000479,S00017,P000098,2025-11-22T17:01:51,1,128.07,128.07,0.0,10.25,5.45,143.77,EUR,delivered
O0002742,CH-202212-32679,C000479,S00018,P000174,2025-12-16T15:23:13,2,135.79,271.58,0.0,21.73,10.38,303.69,EUR,delivered
O0002743,NL-202403-68748,C000442,S00010,P000205,2023-12-31T09:37:40,3,29.25,87.75,0.0,18.43,7.62,113.8,EUR,delivered
O0002744,FR-202509-18072,C000744,S00004,P000214,2023-12-11T20:25:21,2,139.27,278.54,0.0,55.71,8.49,342.74,EUR,delivered
O0002745,FR-202312-88563,C000744,S00003,P000019,2024-12-13T10:58:00,1,816.38,816.38,0.0,163.28,0.0,979.66,EUR,delivered
O0002746,FR-202312-88563,C000744,S00003,P000031,2024-12-13T10:58:00,2,32.52,65.04,0.0,13.01,0.0,78.05,EUR,delivered
O0002747,FR-202312-88563,C000744,S00003,P000147,2024-12-13T10:58:00,1,201.7,201.7,30.26,34.29,6.51,212.24,EUR,delivered
O0002748,DE-202502-84382,C000767,S00006,P000216,2025-09-29T17:42:52,1,40.34,40.34,4.03,6.9,9.21,52.42,EUR,delivered
O0002749,DE-202404-97936,C000767,S00006,P000182,2025-10-25T20:26:55,1,47.34,47.34,4.73,8.1,7.08,57.79,EUR,delivered
O0002750,NL-202401-14451,C000561,S00009,P000130,2025-11-13T13:46:25,1,53.35,53.35,8.0,9.52,4.81,59.68,EUR,delivered
O0002751,NL-202401-14451,C000561,S00009,P000036,2025-11-13T13:46:25,4,111.02,444.08,0.0,93.26,7.61,544.95,EUR,delivered
O0002752,FR-202402-30215,C000206,S00004,P000056,2024-05-16T09:35:49,1,140.92,140.92,0.0,28.18,12.95,182.05,EUR,delivered
O0002753,UK-202503-10093,C000165,S00019,P000138,2025-12-22T11:59:40,4,35.32,141.28,7.06,26.84,0.0,161.06,EUR,delivered
O0002754,UK-202503-10093,C000165,S00019,P000137,2025-12-22T11:59:40,1,145.29,145.29,0.0,29.06,0.0,174.35,EUR,delivered
O0002755,UK-202301-36128,C000165,S00020,P000093,2025-10-14T12:32:14,2,108.87,217.74,0.0,43.55,9.92,271.21,EUR,delivered
O0002756,UK-202301-36128,C000165,S00020,P000105,2025-10-14T12:32:14,1,113.77,113.77,11.38,20.48,11.61,134.48,EUR,delivered
O0002757,UK-202301-36128,C000165,S00020,P000001,2025-10-14T12:32:14,2,205.55,411.1,0.0,82.22,6.34,499.66,EUR,delivered
O0002758,UK-202301-36128,C000165,S00020,P000161,2025-10-14T12:32:14,3,340.28,1020.84,0.0,204.17,7.52,1232.53,EUR,delivered
O0002759,UK-202210-54789,C000165,S00020,P000059,2025-12-23T18:34:31,2,305.2,610.4,0.0,122.08,8.79,741.27,EUR,delivered
O0002760,UK-202210-54789,C000165,S00020,P000167,2025-12-23T18:34:31,1,57.1,57.1,0.0,11.42,4.84,73.36,EUR,delivered
O0002761,UK-202307-64994,C000165,S00019,P000173,2025-10-16T15:49:32,1,368.22,368.22,18.41,69.96,0.0,419.77,EUR,delivered
O0002762,UK-202307-64994,C000165,S00019,P000141,2025-10-16T15:49:32,3,63.53,190.59,0.0,38.12,3.19,231.9,EUR,delivered
O0002763,UK-202307-64994,C000165,S00019,P000130,2025-10-16T15:49:32,1,52.42,52.42,0.0,10.48,3.16,66.06,EUR,delivered
O0002764,UK-202309-76383,C000165,S00020,P000183,2025-11-03T20:45:14,3,50.06,150.18,0.0,30.04,9.15,189.37,EUR,delivered
O0002765,UK-202309-76383,C000165,S00020,P000070,2025-11-03T20:45:14,5,13.91,69.55,0.0,13.91,5.89,89.35,EUR,delivered
O0002766,UK-202410-59540,C000165,S00020,P000088,2025-11-13T10:06:12,2,67.82,135.64,0.0,27.13,4.6,167.37,EUR,delivered
O0002767,UK-202410-59540,C000165,S00020,P000032,2025-11-13T10:06:12,1,152.58,152.58,7.63,28.99,5.76,179.7,EUR,delivered
O0002768,UK-202410-59540,C000165,S00020,P000167,2025-11-13T10:06:12,1,58.39,58.39,2.92,11.09,9.19,75.75,EUR,delivered
O0002769,UK-202410-59540,C000165,S00020,P000161,2025-11-13T10:06:12,1,360.92,360.92,0.0,72.18,5.62,438.72,EUR,delivered
O0002770,UK-202510-91901,C000165,S00019,P000178,2025-11-04T20:08:15,5,480.56,2402.8,0.0,480.56,4.93,2888.29,EUR,delivered
O0002771,UK-202510-91901,C000165,S00019,P000171,2025-11-04T20:08:15,1,46.46,46.46,0.0,9.29,0.0,55.75,EUR,delivered
O0002772,UK-202204-50598,C000165,S00019,P000134,2025-11-01T17:52:30,2,486.34,972.68,0.0,194.54,0.0,1167.22,EUR,delivered
O0002773,UK-202204-50598,C000165,S00019,P000071,2025-11-01T17:52:30,1,49.83,49.83,2.49,9.47,0.0,56.81,EUR,delivered
O0002774,UK-202311-91721,C000165,S00020,P000222,2025-08-30T20:24:15,1,59.27,59.27,0.0,11.85,6.92,78.04,EUR,delivered
O0002775,UK-202311-91721,C000165,S00020,P000118,2025-08-30T20:24:15,1,89.61,89.61,0.0,17.92,11.3,118.83,EUR,delivered
O0002776,IT-202501-54711,C000562,S00008,P000248,2025-10-20T15:31:04,3,82.77,248.31,0.0,54.63,10.86,313.8,EUR,delivered
O0002777,IT-202501-54711,C000562,S00008,P000197,2025-10-20T15:31:04,3,96.98,290.94,0.0,64.01,12.72,367.67,EUR,delivered
O0002778,IT-202506-67390,C000274,S00008,P000171,2025-08-31T17:48:58,1,44.32,44.32,0.0,9.75,8.39,62.46,EUR,delivered
O0002779,AT-202502-87939,C000695,S00001,P000081,2025-11-01T15:42:59,2,192.78,385.56,0.0,77.11,0.0,462.67,EUR,delivered
O0002780,AT-202508-43916,C000695,S00002,P000193,2025-09-18T12:20:14,2,80.02,160.04,0.0,32.01,11.29,203.34,EUR,delivered
O0002781,AT-202508-43916,C000695,S00002,P000089,2025-09-18T12:20:14,3,167.5,502.5,75.38,85.42,6.9,519.44,EUR,delivered
O0002782,PL-202511-89107,C000044,S00011,P000206,2025-12-02T13:06:48,3,390.07,1170.21,0.0,269.15,0.0,1439.36,EUR,delivered
O0002783,PL-202511-89107,C000044,S00011,P000078,2025-12-02T13:06:48,1,101.06,101.06,5.05,22.08,0.0,118.09,EUR,delivered
O0002784,PL-202511-89107,C000044,S00011,P000108,2025-12-02T13:06:48,1,97.78,97.78,4.89,21.36,7.22,121.47,EUR,delivered
O0002785,PL-202210-81381,C000044,S00011,P000109,2025-11-22T09:55:37,2,109.14,218.28,0.0,50.2,0.0,268.48,EUR,delivered
O0002786,PL-202501-42587,C000044,S00012,P000136,2025-07-23T19:15:54,1,71.08,71.08,10.66,13.9,7.23,81.55,EUR,delivered
O0002787,PL-202406-69253,C000044,S00011,P000236,2025-03-12T13:46:30,1,68.29,68.29,0.0,15.71,7.8,91.8,EUR,delivered
O0002788,PL-202406-69253,C000044,S00011,P000161,2025-03-12T13:46:30,10,369.79,3697.9,369.79,765.47,0.0,4093.58,EUR,delivered
O0002789,PL-202406-69253,C000044,S00011,P000101,2025-03-12T13:46:30,1,44.34,44.34,2.22,9.69,0.0,51.81,EUR,delivered
O0002790,PL-202312-77010,C000044,S00012,P000203,2025-12-22T19:16:30,4,14.93,59.72,0.0,13.74,4.21,77.67,EUR,delivered
O0002791,PL-202411-46583,C000044,S00012,P000132,2025-11-27T20:55:44,2,164.56,329.12,32.91,68.13,11.16,375.5,EUR,delivered
O0002792,PL-202303-84961,C000044,S00012,P000055,2025-11-23T19:11:59,2,41.64,83.28,0.0,19.15,6.16,108.59,EUR,delivered
O0002793,PL-202303-84961,C000044,S00012,P000128,2025-11-23T19:11:59,2,148.27,296.54,0.0,68.2,8.51,373.25,EUR,delivered
O0002794,PL-202303-84961,C000044,S00012,P000176,2025-11-23T19:11:59,1,30.96,30.96,0.0,7.12,8.84,46.92,EUR,delivered
O0002795,PL-202303-84961,C000044,S00012,P000219,2025-11-23T19:11:59,1,273.41,273.41,0.0,62.88,12.29,348.58,EUR,delivered
O0002796,PL-202302-44246,C000044,S00011,P000228,2025-12-13T13:25:14,1,638.01,638.01,0.0,146.74,0.0,784.75,EUR,delivered
O0002797,PL-202410-11189,C000044,S00012,P000025,2025-10-19T20:34:24,3,593.03,1779.09,88.95,388.73,9.88,2088.75,EUR,delivered
O0002798,PL-202204-29367,C000044,S00012,P000135,2025-09-07T10:54:34,1,207.41,207.41,0.0,47.7,7.93,263.04,EUR,delivered
O0002799,PL-202211-99139,C000044,S00011,P000044,2025-01-31T10:54:23,2,30.68,61.36,0.0,14.11,4.06,79.53,EUR,delivered
O0002800,PL-202211-99139,C000044,S00011,P000150,2025-01-31T10:54:23,1,611.89,611.89,0.0,140.73,4.46,757.08,EUR,delivered
O0002801,PL-202202-71484,C000044,S00011,P000237,2025-12-27T10:32:49,2,56.47,112.94,0.0,25.98,0.0,138.92,EUR,delivered
O0002802,PL-202411-75484,C000044,S00012,P000062,2025-04-10T09:27:51,1,303.04,303.04,0.0,69.7,12.55,385.29,EUR,delivered
O0002803,PL-202411-75484,C000044,S00012,P000164,2025-04-10T09:27:51,1,359.37,359.37,17.97,78.52,7.87,427.79,EUR,delivered
O0002804,PL-202411-75484,C000044,S00012,P000055,2025-04-10T09:27:51,5,42.34,211.7,0.0,48.69,7.26,267.65,EUR,delivered
O0002805,PL-202411-75484,C000044,S00012,P000250,2025-04-10T09:27:51,1,142.6,142.6,7.13,31.16,8.79,175.42,EUR,delivered
O0002806,FR-202408-90651,C000228,S00004,P000026,2022-11-15T17:22:04,1,823.2,823.2,41.16,156.41,10.96,949.41,EUR,delivered
O0002807,FR-202408-90651,C000228,S00004,P000001,2022-11-15T17:22:04,2,213.49,426.98,21.35,81.13,5.63,492.39,EUR,delivered
O0002808,FR-202408-90651,C000228,S00004,P000078,2022-11-15T17:22:04,1,94.43,94.43,0.0,18.89,4.15,117.47,EUR,delivered
O0002809,FR-202208-44320,C000228,S00004,P000181,2024-02-14T18:39:06,1,161.87,161.87,0.0,32.37,7.49,201.73,EUR,delivered
O0002810,FR-202208-44320,C000228,S00004,P000225,2024-02-14T18:39:06,1,35.67,35.67,0.0,7.13,8.23,51.03,EUR,delivered
O0002811,FR-202208-44320,C000228,S00004,P000033,2024-02-14T18:39:06,4,114.65,458.6,0.0,91.72,4.68,555.0,EUR,delivered
O0002812,FR-202401-33291,C000228,S00004,P000065,2025-10-07T20:33:36,1,253.93,253.93,0.0,50.79,11.19,315.91,EUR,delivered
O0002813,CH-202211-70824,C000570,S00017,P000007,2024-04-07T08:10:15,4,156.28,625.12,0.0,50.01,0.0,675.13,EUR,delivered
O0002814,CH-202211-70824,C000570,S00017,P000086,2024-04-07T08:10:15,1,156.13,156.13,15.61,11.24,6.87,158.63,EUR,delivered
O0002815,CH-202502-43387,C000570,S00018,P000043,2025-05-08T13:16:47,2,204.88,409.76,20.49,31.14,5.59,426.0,EUR,delivered
O0002816,CH-202502-43387,C000570,S00018,P000231,2025-05-08T13:16:47,1,118.18,118.18,0.0,9.45,10.03,137.66,EUR,delivered
O0002817,CH-202502-43387,C000570,S00018,P000219,2025-05-08T13:16:47,1,265.79,265.79,13.29,20.2,4.42,277.12,EUR,delivered
O0002818,CH-202403-24504,C000570,S00018,P000108,2024-10-26T09:52:10,1,92.82,92.82,0.0,7.43,4.5,104.75,EUR,delivered
O0002819,SE-202312-27808,C000455,S00016,P000206,2024-10-10T17:18:15,2,354.52,709.04,0.0,177.26,10.79,897.09,EUR,delivered
O0002820,SE-202505-88689,C000455,S00016,P000069,2025-11-01T11:35:14,4,62.71,250.84,37.63,53.3,11.55,278.06,EUR,delivered
O0002821,SE-202505-88689,C000455,S00016,P000012,2025-11-01T11:35:14,1,49.8,49.8,0.0,12.45,9.36,71.61,EUR,delivered
O0002822,IT-202403-83681,C000707,S00008,P000062,2023-03-21T11:01:33,1,286.19,286.19,14.31,59.81,11.46,343.15,EUR,delivered
O0002823,IT-202209-51854,C000707,S00007,P000129,2025-12-17T20:53:17,2,356.64,713.28,0.0,156.92,0.0,870.2,EUR,delivered
O0002824,IT-202209-51854,C000707,S00007,P000124,2025-12-17T20:53:17,1,30.29,30.29,0.0,6.66,0.0,36.95,EUR,delivered
O0002825,IT-202209-51854,C000707,S00007,P000027,2025-12-17T20:53:17,1,105.77,105.77,0.0,23.27,5.83,134.87,EUR,delivered
O0002826,IT-202208-26367,C000707,S00008,P000089,2025-09-30T08:01:12,3,171.5,514.5,51.45,101.87,8.76,573.68,EUR,delivered
O0002827,IT-202208-26367,C000707,S00008,P000133,2025-09-30T08:01:12,1,43.09,43.09,2.15,9.01,8.3,58.25,EUR,delivered
O0002828,IT-202410-59592,C000707,S00008,P000184,2025-12-05T15:08:14,2,46.78,93.56,4.68,19.55,6.36,114.79,EUR,delivered
O0002829,IT-202301-83181,C000707,S00007,P000161,2022-09-27T14:33:38,1,376.3,376.3,18.82,78.65,5.92,442.05,EUR,delivered
O0002830,IT-202401-50125,C000707,S00007,P000099,2023-07-18T13:07:25,2,56.01,112.02,16.8,20.95,0.0,116.17,EUR,delivered
O0002831,FR-202507-83484,C000362,S00004,P000049,2025-12-29T11:42:47,1,266.52,266.52,0.0,53.3,6.34,326.16,EUR,delivered
O0002832,FR-202204-54342,C000362,S00003,P000238,2025-12-07T12:10:39,1,332.0,332.0,16.6,63.08,0.0,378.48,EUR,delivered
O0002833,FR-202204-54342,C000362,S00003,P000056,2025-12-07T12:10:39,2,132.39,264.78,13.24,50.31,3.2,305.05,EUR,delivered
O0002834,FR-202204-54342,C000362,S00003,P000154,2025-12-07T12:10:39,2,147.56,295.12,0.0,59.02,0.0,354.14,EUR,delivered
O0002835,FR-202504-48047,C000362,S00003,P000181,2025-10-14T17:51:38,1,179.33,179.33,0.0,35.87,5.24,220.44,EUR,delivered
O0002836,FR-202504-48047,C000362,S00003,P000114,2025-10-14T17:51:38,1,771.49,771.49,0.0,154.3,0.0,925.79,EUR,delivered
O0002837,FR-202508-79993,C000362,S00003,P000120,2025-12-14T20:24:55,1,321.5,321.5,0.0,64.3,6.31,392.11,EUR,delivered
O0002838,FR-202401-54973,C000362,S00004,P000146,2025-12-26T14:34:57,2,289.69,579.38,0.0,115.88,10.06,705.32,EUR,delivered
O0002839,FR-202401-54973,C000362,S00004,P000232,2025-12-26T14:34:57,5,832.86,4164.3,0.0,832.86,6.49,5003.65,EUR,delivered
O0002840,FR-202401-54973,C000362,S00004,P000131,2025-12-26T14:34:57,1,89.96,89.96,4.5,17.09,5.44,107.99,EUR,delivered
O0002841,FR-202211-75910,C000362,S00004,P000232,2025-12-21T09:43:46,2,842.55,1685.1,0.0,337.02,5.62,2027.74,EUR,delivered
O0002842,FR-202504-50396,C000362,S00003,P000139,2025-10-10T16:54:21,2,187.71,375.42,37.54,67.58,4.92,410.38,EUR,delivered
O0002843,FR-202512-30947,C000362,S00003,P000214,2025-12-30T20:37:53,2,135.75,271.5,27.15,48.87,0.0,293.22,EUR,delivered
O0002844,FR-202305-85687,C000362,S00003,P000181,2025-12-29T08:40:33,1,186.58,186.58,9.33,35.45,3.96,216.66,EUR,delivered
O0002845,FR-202301-46451,C000362,S00003,P000142,2025-12-27T11:07:33,5,162.06,810.3,81.03,145.85,0.0,875.12,EUR,delivered
O0002846,FR-202405-81753,C000362,S00003,P000067,2025-12-16T08:00:03,1,225.49,225.49,0.0,45.1,3.61,274.2,EUR,delivered
O0002847,FR-202405-81753,C000362,S00003,P000198,2025-12-16T08:00:03,2,216.67,433.34,21.67,82.33,0.0,494.0,EUR,delivered
O0002848,FR-202503-86586,C000362,S00004,P000226,2025-12-22T10:46:35,1,78.85,78.85,0.0,15.77,6.4,101.02,EUR,delivered
O0002849,FR-202503-86586,C000362,S00004,P000188,2025-12-22T10:46:35,10,274.0,2740.0,0.0,548.0,10.66,3298.66,EUR,delivered
O0002850,FR-202306-25061,C000362,S00004,P000080,2025-12-19T14:26:40,1,259.6,259.6,0.0,51.92,9.03,320.55,EUR,delivered
O0002851,FR-202306-25061,C000362,S00004,P000068,2025-12-19T14:26:40,5,240.37,1201.85,60.09,228.35,12.58,1382.69,EUR,delivered
O0002852,FR-202306-25061,C000362,S00004,P000185,2025-12-19T14:26:40,1,146.5,146.5,0.0,29.3,10.3,186.1,EUR,delivered
O0002853,FR-202310-28726,C000362,S00004,P000124,2025-12-25T08:50:27,1,31.34,31.34,0.0,6.27,9.71,47.32,EUR,delivered
O0002854,FR-202310-28726,C000362,S00004,P000030,2025-12-25T08:50:27,1,769.88,769.88,38.49,146.28,6.3,883.97,EUR,delivered
O0002855,FR-202306-59416,C000362,S00003,P000099,2025-11-07T11:57:06,1,56.22,56.22,0.0,11.24,5.18,72.64,EUR,delivered
O0002856,FR-202308-85452,C000362,S00004,P000221,2025-11-22T11:47:20,2,102.42,204.84,10.24,38.92,5.41,238.93,EUR,delivered
O0002857,AT-202212-48549,C000748,S00001,P000115,2025-11-20T09:31:58,3,642.02,1926.06,0.0,385.21,0.0,2311.27,EUR,delivered
O0002858,AT-202212-48549,C000748,S00001,P000034,2025-11-20T09:31:58,1,297.05,297.05,0.0,59.41,0.0,356.46,EUR,delivered
O0002859,AT-202310-18748,C000748,S00002,P000084,2025-10-22T14:17:56,1,62.96,62.96,9.44,10.7,8.6,72.82,EUR,delivered
O0002860,AT-202310-18748,C000748,S00002,P000014,2025-10-22T14:17:56,5,176.09,880.45,0.0,176.09,9.57,1066.11,EUR,delivered
O0002861,AT-202512-24090,C000748,S00002,P000016,2025-11-06T18:52:11,1,314.16,314.16,31.42,56.55,8.23,347.52,EUR,delivered
O0002862,CH-202203-30280,C000548,S00017,P000002,2023-12-13T14:25:20,1,67.52,67.52,0.0,5.4,0.0,72.92,EUR,delivered
O0002863,CH-202212-63985,C000548,S00018,P000230,2024-01-06T19:10:32,2,84.5,169.0,16.9,12.17,6.15,170.42,EUR,delivered
O0002864,CH-202212-63985,C000548,S00018,P000117,2024-01-06T19:10:32,5,255.28,1276.4,0.0,102.11,6.01,1384.52,EUR,delivered
O0002865,UK-202204-59566,C000106,S00020,P000083,2025-12-22T18:35:24,1,108.56,108.56,0.0,21.71,4.26,134.53,EUR,delivered
O0002866,FR-202212-55584,C000718,S00004,P000100,2024-12-30T10:39:23,1,142.69,142.69,0.0,28.54,5.13,176.36,EUR,delivered
O0002867,FR-202306-98294,C000718,S00004,P000221,2025-04-02T13:35:25,1,100.04,100.04,5.0,19.01,7.0,121.05,EUR,delivered
O0002868,FR-202306-98294,C000718,S00004,P000060,2025-04-02T13:35:25,1,208.79,208.79,0.0,41.76,10.84,261.39,EUR,delivered
O0002869,IT-202512-57609,C000141,S00007,P000017,2025-09-01T16:16:37,5,65.81,329.05,0.0,72.39,4.25,405.69,EUR,delivered
O0002870,ES-202409-94720,C000507,S00013,P000049,2023-10-04T15:27:44,1,296.98,296.98,0.0,62.37,3.37,362.72,EUR,delivered
O0002871,ES-202312-66561,C000507,S00014,P000064,2023-11-13T10:08:54,1,89.04,89.04,0.0,18.7,12.81,120.55,EUR,delivered
O0002872,ES-202312-66561,C000507,S00014,P000222,2023-11-13T10:08:54,1,58.9,58.9,2.95,11.75,5.5,73.2,EUR,delivered
O0002873,ES-202502-90664,C000742,S00014,P000061,2025-07-09T16:38:56,2,92.4,184.8,9.24,36.87,11.36,223.79,EUR,delivered
O0002874,ES-202502-90664,C000742,S00014,P000112,2025-07-09T16:38:56,3,505.53,1516.59,151.66,286.64,8.63,1660.2,EUR,delivered
O0002875,ES-202502-90664,C000742,S00014,P000199,2025-07-09T16:38:56,1,71.35,71.35,0.0,14.98,10.54,96.87,EUR,delivered
O0002876,ES-202502-90664,C000742,S00014,P000075,2025-07-09T16:38:56,1,103.18,103.18,0.0,21.67,11.25,136.1,EUR,delivered
O0002877,FR-202206-95771,C000093,S00003,P000211,2025-07-02T08:12:13,1,219.21,219.21,21.92,39.46,0.0,236.75,EUR,delivered
O0002878,FR-202206-59368,C000093,S00003,P000204,2025-12-26T16:46:52,1,191.66,191.66,0.0,38.33,0.0,229.99,EUR,delivered
O0002879,FR-202206-59368,C000093,S00003,P000149,2025-12-26T16:46:52,1,120.2,120.2,0.0,24.04,0.0,144.24,EUR,delivered
O0002880,FR-202203-93410,C000093,S00003,P000209,2025-12-20T12:57:27,2,122.65,245.3,0.0,49.06,0.0,294.36,EUR,delivered
O0002881,FR-202203-93410,C000093,S00003,P000195,2025-12-20T12:57:27,1,138.43,138.43,0.0,27.69,4.33,170.45,EUR,delivered
O0002882,FR-202203-93410,C000093,S00003,P000036,2025-12-20T12:57:27,1,110.49,110.49,11.05,19.89,0.0,119.33,EUR,delivered
O0002883,FR-202203-93410,C000093,S00003,P000029,2025-12-20T12:57:27,2,143.12,286.24,0.0,57.25,0.0,343.49,EUR,delivered
O0002884,FR-202210-29481,C000093,S00003,P000092,2025-07-05T19:53:16,1,141.4,141.4,14.14,25.45,4.94,157.65,EUR,delivered
O0002885,FR-202210-29481,C000093,S00003,P000243,2025-07-05T19:53:16,1,43.06,43.06,0.0,8.61,0.0,51.67,EUR,delivered
O0002886,FR-202205-85327,C000093,S00004,P000071,2025-07-18T16:36:43,1,48.24,48.24,0.0,9.65,11.87,69.76,EUR,delivered
O0002887,FR-202205-85327,C000093,S00004,P000025,2025-07-18T16:36:43,2,598.49,1196.98,0.0,239.4,11.14,1447.52,EUR,delivered
O0002888,FR-202303-39636,C000770,S00003,P000138,2025-12-30T12:57:46,1,39.54,39.54,1.98,7.51,0.0,45.07,EUR,delivered
O0002889,FR-202303-39636,C000770,S00003,P000123,2025-12-30T12:57:46,3,166.34,499.02,0.0,99.8,0.0,598.82,EUR,delivered
O0002890,FR-202303-39636,C000770,S00003,P000062,2025-12-30T12:57:46,1,267.07,267.07,13.35,50.74,7.27,311.73,EUR,delivered
O0002891,FR-202303-39636,C000770,S00003,P000230,2025-12-30T12:57:46,1,82.9,82.9,8.29,14.92,0.0,89.53,EUR,delivered
O0002892,PL-202306-45559,C000480,S00012,P000137,2024-12-23T15:32:33,1,139.71,139.71,0.0,32.13,9.5,181.34,EUR,delivered
O0002893,NL-202407-90376,C000338,S00009,P000114,2024-03-24T17:26:51,2,754.69,1509.38,0.0,316.97,0.0,1826.35,EUR,delivered
O0002894,IT-202308-54624,C000653,S00007,P000189,2023-08-14T11:39:47,1,921.57,921.57,92.16,182.47,6.89,1018.77,EUR,delivered
O0002895,IT-202308-54624,C000653,S00007,P000086,2023-08-14T11:39:47,1,170.05,170.05,8.5,35.54,7.21,204.3,EUR,delivered
O0002896,IT-202202-69552,C000653,S00008,P000091,2025-02-02T08:26:08,1,48.43,48.43,2.42,10.12,6.57,62.7,EUR,delivered
O0002897,IT-202202-69552,C000653,S00008,P000230,2025-02-02T08:26:08,1,89.95,89.95,4.5,18.8,6.49,110.74,EUR,delivered
O0002898,IT-202412-42336,C000653,S00007,P000208,2025-04-20T10:15:47,2,96.6,193.2,0.0,42.5,0.0,235.7,EUR,delivered
O0002899,IT-202412-42336,C000653,S00007,P000108,2025-04-20T10:15:47,1,98.64,98.64,0.0,21.7,4.28,124.62,EUR,delivered
O0002900,IT-202511-93197,C000653,S00007,P000073,2025-03-11T09:05:42,1,209.66,209.66,0.0,46.13,0.0,255.79,EUR,delivered
O0002901,IT-202511-93197,C000653,S00007,P000138,2025-03-11T09:05:42,2,38.1,76.2,0.0,16.76,6.92,99.88,EUR,delivered
O0002902,IT-202511-93197,C000653,S00007,P000128,2025-03-11T09:05:42,2,143.45,286.9,0.0,63.12,7.65,357.67,EUR,delivered
O0002903,DE-202303-52533,C000010,S00005,P000090,2023-12-04T17:08:08,2,345.8,691.6,34.58,124.83,0.0,781.85,EUR,delivered
O0002904,DE-202406-68445,C000010,S00006,P000222,2023-10-01T09:42:51,1,65.06,65.06,0.0,12.36,7.88,85.3,EUR,delivered
O0002905,DE-202406-68445,C000010,S00006,P000046,2023-10-01T09:42:51,1,82.69,82.69,0.0,15.71,6.06,104.46,EUR,delivered
O0002906,IT-202512-80022,C000600,S00008,P000191,2025-09-04T12:11:51,1,130.76,130.76,6.54,27.33,9.28,160.83,EUR,delivered
O0002907,IT-202512-80022,C000600,S00008,P000200,2025-09-04T12:11:51,2,10.68,21.36,0.0,4.7,9.34,35.4,EUR,delivered
O0002908,IT-202512-80022,C000600,S00008,P000070,2025-09-04T12:11:51,1,13.74,13.74,1.37,2.72,9.18,24.27,EUR,delivered
O0002909,IT-202311-87298,C000600,S00007,P000248,2024-02-23T10:41:40,4,79.64,318.56,0.0,70.08,0.0,388.64,EUR,delivered
O0002910,AT-202510-47986,C000258,S00002,P000249,2025-06-09T16:42:50,2,453.38,906.76,0.0,181.35,7.72,1095.83,EUR,delivered
O0002911,AT-202204-85260,C000258,S00002,P000147,2025-08-26T20:40:20,1,199.53,199.53,0.0,39.91,9.68,249.12,EUR,delivered
O0002912,AT-202204-85260,C000258,S00002,P000177,2025-08-26T20:40:20,5,89.67,448.35,0.0,89.67,8.14,546.16,EUR,delivered
O0002913,AT-202204-85260,C000258,S00002,P000016,2025-08-26T20:40:20,1,308.03,308.03,0.0,61.61,10.06,379.7,EUR,delivered
O0002914,AT-202204-85260,C000258,S00002,P000179,2025-08-26T20:40:20,1,64.54,64.54,0.0,12.91,11.47,88.92,EUR,delivered
O0002915,UK-202410-91563,C000244,S00020,P000159,2025-09-05T09:45:30,2,86.27,172.54,0.0,34.51,9.79,216.84,EUR,delivered
O0002916,UK-202410-91563,C000244,S00020,P000204,2025-09-05T09:45:30,1,186.88,186.88,9.34,35.51,5.59,218.64,EUR,delivered
O0002917,UK-202511-64554,C000244,S00019,P000085,2025-04-03T09:20:31,1,675.81,675.81,33.79,128.4,0.0,770.42,EUR,delivered
O0002918,ES-202508-22865,C000385,S00013,P000088,2024-07-17T08:45:16,3,63.4,190.2,9.51,37.94,0.0,218.63,EUR,delivered
O0002919,ES-202508-22865,C000385,S00013,P000175,2024-07-17T08:45:16,2,103.46,206.92,20.69,39.11,5.94,231.28,EUR,delivered
O0002920,ES-202507-55818,C000385,S00013,P000249,2023-11-11T16:12:54,1,409.09,409.09,0.0,85.91,3.31,498.31,EUR,delivered
O0002921,ES-202305-36957,C000385,S00013,P000171,2023-07-01T14:29:23,1,47.67,47.67,2.38,9.51,0.0,54.8,EUR,delivered
O0002922,ES-202305-36957,C000385,S00013,P000125,2023-07-01T14:29:23,2,72.79,145.58,0.0,30.57,0.0,176.15,EUR,delivered
O0002923,UK-202204-97243,C000194,S00019,P000063,2023-11-05T18:37:28,1,47.26,47.26,2.36,8.98,0.0,53.88,EUR,delivered
O0002924,UK-202204-97243,C000194,S00019,P000118,2023-11-05T18:37:28,1,91.32,91.32,0.0,18.26,7.95,117.53,EUR,delivered
O0002925,SE-202208-44629,C000055,S00016,P000169,2025-09-24T14:38:48,2,973.75,1947.5,97.38,462.53,8.13,2320.78,EUR,delivered
O0002926,SE-202208-44629,C000055,S00016,P000119,2025-09-24T14:38:48,2,102.23,204.46,10.22,48.56,7.3,250.1,EUR,delivered
O0002927,SE-202509-96040,C000055,S00015,P000248,2022-12-18T13:48:12,4,80.41,321.64,0.0,80.41,0.0,402.05,EUR,delivered
O0002928,AT-202512-59775,C000620,S00002,P000188,2023-06-04T08:30:35,1,273.07,273.07,13.65,51.88,6.67,317.97,EUR,delivered
O0002929,AT-202512-59775,C000620,S00002,P000167,2023-06-04T08:30:35,1,59.19,59.19,5.92,10.65,7.73,71.65,EUR,delivered
O0002930,AT-202203-99111,C000620,S00002,P000165,2023-02-08T19:40:50,1,326.39,326.39,0.0,65.28,11.74,403.41,EUR,delivered
O0002931,AT-202203-99111,C000620,S00002,P000169,2023-02-08T19:40:50,4,894.1,3576.4,178.82,679.52,6.29,4083.39,EUR,delivered
O0002932,AT-202210-51728,C000620,S00001,P000054,2024-08-27T13:25:56,1,115.87,115.87,5.79,22.02,0.0,132.1,EUR,delivered
O0002933,AT-202210-51728,C000620,S00001,P000005,2024-08-27T13:25:56,2,257.08,514.16,0.0,102.83,0.0,616.99,EUR,delivered
O0002934,AT-202210-51728,C000620,S00001,P000164,2024-08-27T13:25:56,3,390.36,1171.08,58.55,222.51,3.27,1338.31,EUR,delivered
O0002935,AT-202210-51728,C000620,S00001,P000050,2024-08-27T13:25:56,1,38.83,38.83,0.0,7.77,0.0,46.6,EUR,delivered
O0002936,DE-202404-72445,C000752,S00005,P000041,2025-02-21T10:30:59,1,113.96,113.96,0.0,21.65,0.0,135.61,EUR,delivered
O0002937,DE-202404-72445,C000752,S00005,P000202,2025-02-21T10:30:59,2,133.51,267.02,0.0,50.73,0.0,317.75,EUR,delivered
O0002938,DE-202208-21687,C000752,S00005,P000234,2025-06-27T17:24:38,1,16.84,16.84,0.0,3.2,0.0,20.04,EUR,delivered
O0002939,DE-202208-21687,C000752,S00005,P000081,2025-06-27T17:24:38,1,186.28,186.28,9.31,33.62,4.05,214.64,EUR,delivered
O0002940,DE-202208-21687,C000752,S00005,P000177,2025-06-27T17:24:38,1,96.45,96.45,0.0,18.33,5.09,119.87,EUR,delivered
O0002941,ES-202302-42730,C000711,S00014,P000021,2025-12-30T12:04:23,2,112.46,224.92,0.0,47.23,10.29,282.44,EUR,delivered
O0002942,ES-202302-42730,C000711,S00014,P000034,2025-12-30T12:04:23,2,288.33,576.66,0.0,121.1,11.16,708.92,EUR,delivered
O0002943,NL-202208-67112,C000317,S00010,P000039,2025-12-31T23:59:59,1,446.62,446.62,22.33,89.1,6.9,520.29,EUR,delivered
O0002944,NL-202208-67112,C000317,S00010,P000054,2025-12-31T23:59:59,1,100.82,100.82,15.12,18.0,7.92,111.62,EUR,delivered
O0002945,NL-202211-29839,C000317,S00009,P000179,2025-12-31T23:59:59,1,66.14,66.14,0.0,13.89,0.0,80.03,EUR,delivered
O0002946,NL-202211-29839,C000317,S00009,P000153,2025-12-31T23:59:59,2,152.36,304.72,15.24,60.79,0.0,350.27,EUR,delivered
O0002947,NL-202211-29839,C000317,S00009,P000055,2025-12-31T23:59:59,3,40.08,120.24,0.0,25.25,0.0,145.49,EUR,delivered
O0002948,NL-202307-78976,C000317,S00010,P000068,2025-12-31T23:59:59,1,217.54,217.54,10.88,43.4,12.06,262.12,EUR,delivered
O0002949,IT-202302-11285,C000026,S00007,P000012,2025-12-05T19:43:03,1,52.5,52.5,2.63,10.97,6.74,67.58,EUR,delivered
O0002950,IT-202302-11285,C000026,S00007,P000136,2025-12-05T19:43:03,2,71.51,143.02,0.0,31.46,0.0,174.48,EUR,delivered
O0002951,FR-202202-10197,C000170,S00004,P000020,2025-11-24T20:16:16,1,113.59,113.59,0.0,22.72,7.83,144.14,EUR,delivered
O0002952,FR-202202-10197,C000170,S00004,P000052,2025-11-24T20:16:16,1,196.13,196.13,0.0,39.23,7.49,242.85,EUR,delivered
O0002953,FR-202404-38738,C000170,S00003,P000244,2025-12-14T15:17:47,1,194.31,194.31,0.0,38.86,7.65,240.82,EUR,delivered
O0002954,FR-202404-38738,C000170,S00003,P000049,2025-12-14T15:17:47,1,302.66,302.66,0.0,60.53,0.0,363.19,EUR,delivered
O0002955,FR-202206-10067,C000170,S00003,P000060,2025-11-06T11:35:56,1,228.38,228.38,0.0,45.68,0.0,274.06,EUR,delivered
O0002956,FR-202206-10067,C000170,S00003,P000247,2025-11-06T11:35:56,1,175.86,175.86,0.0,35.17,0.0,211.03,EUR,delivered
O0002957,NL-202501-91830,C000091,S00010,P000239,2025-02-18T10:38:04,1,17.47,17.47,2.62,3.12,7.39,25.36,EUR,delivered
O0002958,AT-202410-25053,C000285,S00001,P000091,2025-01-28T15:46:14,2,50.39,100.78,0.0,20.16,0.0,120.94,EUR,delivered
O0002959,AT-202409-88066,C000285,S00002,P000159,2025-09-05T15:07:15,1,99.72,99.72,0.0,19.94,11.12,130.78,EUR,delivered
O0002960,AT-202502-67034,C000285,S00001,P000121,2023-08-05T13:30:16,2,99.91,199.82,0.0,39.96,0.0,239.78,EUR,delivered
O0002961,AT-202502-67034,C000285,S00001,P000058,2023-08-05T13:30:16,1,54.8,54.8,5.48,9.86,0.0,59.18,EUR,delivered
O0002962,AT-202209-83765,C000285,S00002,P000244,2023-10-14T17:55:42,1,185.87,185.87,0.0,37.17,4.25,227.29,EUR,delivered
O0002963,AT-202209-83765,C000285,S00002,P000032,2023-10-14T17:55:42,1,145.65,145.65,0.0,29.13,7.15,181.93,EUR,delivered
O0002964,AT-202208-40161,C000285,S00002,P000017,2024-05-09T12:02:20,1,63.06,63.06,0.0,12.61,11.73,87.4,EUR,delivered
O0002965,AT-202208-40161,C000285,S00002,P000055,2024-05-09T12:02:20,2,39.29,78.58,11.79,13.36,5.69,85.84,EUR,delivered
O0002966,AT-202304-17251,C000285,S00002,P000179,2023-02-13T13:56:50,2,61.59,123.18,12.32,22.17,11.38,144.41,EUR,delivered
O0002967,AT-202210-61898,C000285,S00001,P000001,2022-12-22T19:07:38,1,205.54,205.54,0.0,41.11,0.0,246.65,EUR,delivered
O0002968,AT-202312-72402,C000285,S00001,P000117,2025-07-28T14:15:03,2,275.74,551.48,0.0,110.3,0.0,661.78,EUR,delivered
O0002969,AT-202312-72402,C000285,S00001,P000054,2025-07-28T14:15:03,1,100.84,100.84,0.0,20.17,0.0,121.01,EUR,delivered
O0002970,AT-202509-52716,C000285,S00002,P000068,2025-03-24T20:03:43,1,241.72,241.72,0.0,48.34,5.4,295.46,EUR,delivered
O0002971,AT-202509-52716,C000285,S00002,P000091,2025-03-24T20:03:43,2,52.87,105.74,15.86,17.98,10.95,118.81,EUR,delivered
O0002972,ES-202211-20707,C000730,S00013,P000101,2025-09-01T19:11:44,1,40.02,40.02,0.0,8.4,6.68,55.1,EUR,delivered
O0002973,ES-202211-20707,C000730,S00013,P000037,2025-09-01T19:11:44,1,11.5,11.5,0.0,2.42,0.0,13.92,EUR,delivered
O0002974,ES-202211-20707,C000730,S00013,P000130,2025-09-01T19:11:44,2,54.49,108.98,16.35,19.45,5.2,117.28,EUR,delivered
O0002975,ES-202211-20707,C000730,S00013,P000086,2025-09-01T19:11:44,1,163.46,163.46,0.0,34.33,5.94,203.73,EUR,delivered
O0002976,ES-202511-14495,C000730,S00014,P000138,2025-05-04T19:20:48,1,35.54,35.54,0.0,7.46,9.56,52.56,EUR,delivered
O0002977,ES-202503-67328,C000730,S00013,P000244,2025-12-21T08:49:29,2,193.13,386.26,0.0,81.11,0.0,467.37,EUR,delivered
O0002978,ES-202503-67328,C000730,S00013,P000087,2025-12-21T08:49:29,1,74.66,74.66,0.0,15.68,0.0,90.34,EUR,delivered
O0002979,ES-202309-68969,C000730,S00013,P000143,2025-05-09T16:59:21,3,107.31,321.93,0.0,67.61,6.62,396.16,EUR,delivered
O0002980,ES-202305-21071,C000730,S00013,P000174,2024-12-14T11:00:55,1,145.2,145.2,0.0,30.49,0.0,175.69,EUR,delivered
O0002981,ES-202305-21071,C000730,S00013,P000142,2024-12-14T11:00:55,2,174.98,349.96,52.49,62.47,0.0,359.94,EUR,delivered
O0002982,ES-202305-21071,C000730,S00013,P000209,2024-12-14T11:00:55,4,118.85,475.4,0.0,99.83,0.0,575.23,EUR,delivered
O0002983,ES-202309-61729,C000730,S00014,P000093,2025-09-21T08:59:25,2,104.84,209.68,0.0,44.03,12.22,265.93,EUR,delivered
O0002984,ES-202309-61729,C000730,S00014,P000235,2025-09-21T08:59:25,2,40.48,80.96,4.05,16.15,6.86,99.92,EUR,delivered
O0002985,ES-202508-96368,C000730,S00013,P000208,2025-12-27T12:02:11,2,99.96,199.92,10.0,39.88,0.0,229.8,EUR,delivered
O0002986,ES-202211-80854,C000730,S00014,P000072,2025-06-20T10:13:21,1,87.13,87.13,0.0,18.3,5.37,110.8,EUR,delivered
O0002987,ES-202211-80854,C000730,S00014,P000090,2025-06-20T10:13:21,4,321.21,1284.84,0.0,269.82,7.32,1561.98,EUR,delivered
O0002988,ES-202512-49711,C000730,S00013,P000193,2025-03-16T08:33:42,3,69.85,209.55,0.0,44.01,0.0,253.56,EUR,delivered
O0002989,ES-202502-40272,C000730,S00014,P000011,2025-09-29T15:42:41,3,180.0,540.0,0.0,113.4,4.3,657.7,EUR,delivered
O0002990,ES-202303-92076,C000730,S00014,P000164,2025-03-08T17:39:43,1,380.53,380.53,0.0,79.91,6.98,467.42,EUR,delivered
O0002991,ES-202412-95128,C000730,S00013,P000101,2025-03-13T18:25:13,3,41.94,125.82,0.0,26.42,0.0,152.24,EUR,delivered
O0002992,ES-202412-95128,C000730,S00013,P000122,2025-03-13T18:25:13,2,203.13,406.26,0.0,85.31,0.0,491.57,EUR,delivered
O0002993,ES-202402-48900,C000730,S00013,P000209,2025-01-07T18:55:50,2,121.68,243.36,0.0,51.11,0.0,294.47,EUR,delivered
O0002994,ES-202402-48900,C000730,S00013,P000102,2025-01-07T18:55:50,1,67.05,67.05,0.0,14.08,5.73,86.86,EUR,delivered
O0002995,PL-202412-82107,C000047,S00012,P000144,2025-11-18T13:06:19,1,145.39,145.39,0.0,33.44,8.51,187.34,EUR,delivered
O0002996,PL-202504-19635,C000047,S00012,P000101,2025-12-25T16:07:56,1,43.65,43.65,0.0,10.04,4.15,57.84,EUR,delivered
O0002997,PL-202407-89002,C000639,S00011,P000062,2023-08-29T09:23:03,1,279.74,279.74,41.96,54.69,0.0,292.47,EUR,delivered
O0002998,SE-202302-30288,C000599,S00016,P000113,2023-12-17T10:28:25,3,380.23,1140.69,114.07,256.66,9.25,1292.53,EUR,delivered
O0002999,SE-202302-30288,C000599,S00016,P000043,2023-12-17T10:28:25,4,221.13,884.52,0.0,221.13,12.47,1118.12,EUR,delivered
O0003000,SE-202505-57691,C000599,S00015,P000113,2022-11-05T17:41:32,1,348.51,348.51,17.43,82.77,3.46,417.31,EUR,delivered
O0003001,SE-202505-57691,C000599,S00015,P000117,2022-11-05T17:41:32,1,291.75,291.75,0.0,72.94,7.12,371.81,EUR,delivered
O0003002,DE-202405-68693,C000239,S00005,P000046,2025-11-27T12:16:49,1,85.86,85.86,4.29,15.5,0.0,97.07,EUR,delivered
O0003003,DE-202310-64275,C000239,S00006,P000223,2025-11-18T18:43:53,4,122.54,490.16,0.0,93.13,6.28,589.57,EUR,delivered
O0003004,DE-202310-64275,C000239,S00006,P000210,2025-11-18T18:43:53,1,41.08,41.08,0.0,7.81,9.42,58.31,EUR,delivered
O0003005,DE-202308-42313,C000239,S00006,P000169,2025-12-16T12:57:11,1,942.4,942.4,0.0,179.06,6.34,1127.8,EUR,delivered
O0003006,DE-202308-42313,C000239,S00006,P000001,2025-12-16T12:57:11,2,198.61,397.22,19.86,71.7,7.91,456.97,EUR,delivered
O0003007,DE-202308-42313,C000239,S00006,P000202,2025-12-16T12:57:11,1,133.88,133.88,0.0,25.44,6.92,166.24,EUR,delivered
O0003008,DE-202407-21313,C000239,S00005,P000051,2025-12-19T14:46:09,2,13.88,27.76,2.78,4.75,0.0,29.73,EUR,delivered
O0003009,DE-202407-21313,C000239,S00005,P000062,2025-12-19T14:46:09,1,302.47,302.47,30.25,51.72,0.0,323.94,EUR,delivered
O0003010,DE-202407-21313,C000239,S00005,P000031,2025-12-19T14:46:09,2,34.84,69.68,0.0,13.24,0.0,82.92,EUR,delivered
O0003011,DE-202209-45896,C000239,S00005,P000047,2025-12-14T11:30:04,1,161.87,161.87,0.0,30.76,0.0,192.63,EUR,delivered
O0003012,DE-202509-23804,C000239,S00005,P000222,2025-11-19T10:28:15,1,60.57,60.57,3.03,10.93,0.0,68.47,EUR,delivered
O0003013,DE-202510-54006,C000239,S00005,P000111,2025-12-20T12:48:24,2,702.68,1405.36,0.0,267.02,0.0,1672.38,EUR,delivered
O0003014,DE-202510-54006,C000239,S00005,P000178,2025-12-20T12:48:24,1,497.21,497.21,24.86,89.75,0.0,562.1,EUR,delivered
O0003015,DE-202506-93519,C000239,S00006,P000127,2025-12-31T19:48:56,2,432.79,865.58,86.56,148.01,12.18,939.21,EUR,delivered
O0003016,FR-202404-62997,C000397,S00004,P000019,2025-12-20T11:48:11,1,854.51,854.51,42.73,162.36,11.86,986.0,EUR,delivered
O0003017,FR-202508-88233,C000397,S00003,P000134,2025-11-28T08:58:13,1,461.96,461.96,69.29,78.53,6.63,477.83,EUR,delivered
O0003018,FR-202508-88233,C000397,S00003,P000047,2025-11-28T08:58:13,1,147.67,147.67,0.0,29.53,0.0,177.2,EUR,delivered
O0003019,IT-202203-42706,C000736,S00008,P000133,2024-11-23T09:55:38,2,42.97,85.94,4.3,17.96,7.28,106.88,EUR,delivered
O0003020,SE-202302-24463,C000092,S00016,P000136,2025-12-05T18:57:15,1,70.62,70.62,0.0,17.66,6.85,95.13,EUR,delivered
O0003021,SE-202302-24463,C000092,S00016,P000024,2025-12-05T18:57:15,3,144.59,433.77,0.0,108.44,7.83,550.04,EUR,delivered
O0003022,IT-202503-40891,C000334,S00008,P000248,2025-11-08T14:02:09,1,77.53,77.53,7.75,15.35,8.44,93.57,EUR,delivered
O0003023,IT-202303-54156,C000334,S00007,P000107,2025-12-27T19:09:55,1,142.4,142.4,0.0,31.33,0.0,173.73,EUR,delivered
O0003024,IT-202303-54156,C000334,S00007,P000162,2025-12-27T19:09:55,1,159.02,159.02,15.9,31.49,7.44,182.05,EUR,delivered
O0003025,IT-202303-54156,C000334,S00007,P000237,2025-12-27T19:09:55,1,58.64,58.64,0.0,12.9,7.41,78.95,EUR,delivered
O0003026,IT-202303-54156,C000334,S00007,P000195,2025-12-27T19:09:55,1,134.08,134.08,0.0,29.5,0.0,163.58,EUR,delivered
O0003027,IT-202307-79595,C000334,S00008,P000023,2025-12-28T08:34:13,1,180.81,180.81,9.04,37.79,5.47,215.03,EUR,delivered
O0003028,IT-202401-68002,C000334,S00007,P000021,2025-12-31T08:33:43,2,122.39,244.78,36.72,45.77,0.0,253.83,EUR,delivered
O0003029,IT-202401-68002,C000334,S00007,P000069,2025-12-31T08:33:43,1,61.77,61.77,3.09,12.91,0.0,71.59,EUR,delivered
O0003030,IT-202401-68002,C000334,S00007,P000049,2025-12-31T08:33:43,1,265.2,265.2,0.0,58.34,0.0,323.54,EUR,delivered
O0003031,IT-202401-68002,C000334,S00007,P000005,2025-12-31T08:33:43,2,252.88,505.76,0.0,111.27,7.45,624.48,EUR,delivered
O0003032,IT-202510-78607,C000334,S00007,P000083,2025-11-03T15:14:34,1,111.73,111.73,11.17,22.12,0.0,122.68,EUR,delivered
O0003033,IT-202511-98998,C000334,S00007,P000170,2025-11-17T09:18:37,4,177.41,709.64,0.0,156.12,4.45,870.21,EUR,delivered
O0003034,IT-202511-98998,C000334,S00007,P000138,2025-11-17T09:18:37,2,37.32,74.64,0.0,16.42,0.0,91.06,EUR,delivered
O0003035,IT-202408-81575,C000334,S00007,P000185,2025-11-23T18:53:53,1,154.54,154.54,23.18,28.9,4.2,164.46,EUR,delivered
O0003036,IT-202408-81575,C000334,S00007,P000066,2025-11-23T18:53:53,3,209.9,629.7,0.0,138.53,0.0,768.23,EUR,delivered
O0003037,ES-202205-54064,C000153,S00013,P000188,2024-10-17T08:00:55,2,247.18,494.36,0.0,103.82,0.0,598.18,EUR,delivered
O0003038,ES-202205-54064,C000153,S00013,P000243,2024-10-17T08:00:55,1,41.61,41.61,0.0,8.74,0.0,50.35,EUR,delivered
O0003039,SE-202410-75578,C000644,S00015,P000170,2024-08-14T11:07:51,1,157.4,157.4,0.0,39.35,0.0,196.75,EUR,delivered
O0003040,SE-202410-75578,C000644,S00015,P000146,2024-08-14T11:07:51,1,304.63,304.63,0.0,76.16,4.03,384.82,EUR,delivered
O0003041,ES-202301-66987,C000461,S00013,P000020,2025-09-24T14:03:43,1,113.39,113.39,0.0,23.81,4.15,141.35,EUR,delivered
O0003042,ES-202301-66987,C000461,S00013,P000097,2025-09-24T14:03:43,1,317.87,317.87,31.79,60.08,3.94,350.1,EUR,delivered
O0003043,DE-202202-72306,C000472,S00005,P000116,2025-04-15T17:50:37,2,102.04,204.08,10.2,36.84,0.0,230.72,EUR,delivered
O0003044,UK-202401-82624,C000517,S00019,P000205,2025-12-04T08:00:53,3,28.84,86.52,0.0,17.3,0.0,103.82,EUR,delivered
O0003045,UK-202401-82624,C000517,S00019,P000103,2025-12-04T08:00:53,1,68.65,68.65,0.0,13.73,4.18,86.56,EUR,delivered
O0003046,UK-202401-82624,C000517,S00019,P000110,2025-12-04T08:00:53,1,56.26,56.26,2.81,10.69,0.0,64.14,EUR,delivered
O0003047,UK-202309-59331,C000517,S00020,P000042,2024-06-23T14:20:47,2,33.7,67.4,0.0,13.48,8.0,88.88,EUR,delivered
O0003048,PL-202505-20636,C000739,S00012,P000038,2022-06-18T15:05:31,2,118.95,237.9,0.0,54.72,9.55,302.17,EUR,delivered
O0003049,PL-202512-98826,C000739,S00012,P000230,2023-10-18T09:20:33,4,91.91,367.64,0.0,84.56,10.42,462.62,EUR,delivered
O0003050,PL-202512-98826,C000739,S00012,P000157,2023-10-18T09:20:33,1,165.1,165.1,16.51,34.18,4.88,187.65,EUR,delivered
O0003051,FR-202206-24853,C000136,S00003,P000176,2023-11-23T19:16:07,1,34.0,34.0,3.4,6.12,5.19,41.91,EUR,delivered
O0003052,FR-202211-36724,C000136,S00004,P000064,2025-11-22T15:57:53,2,84.56,169.12,0.0,33.82,12.13,215.07,EUR,delivered
O0003053,FR-202211-36724,C000136,S00004,P000144,2025-11-22T15:57:53,1,136.72,136.72,0.0,27.34,10.65,174.71,EUR,delivered
O0003054,FR-202211-36724,C000136,S00004,P000232,2025-11-22T15:57:53,1,825.0,825.0,82.5,148.5,9.84,900.84,EUR,delivered
O0003055,FR-202208-62863,C000136,S00003,P000029,2023-03-31T09:13:41,1,155.26,155.26,7.76,29.5,0.0,177.0,EUR,delivered
O0003056,FR-202208-62863,C000136,S00003,P000169,2023-03-31T09:13:41,3,859.39,2578.17,0.0,515.63,7.81,3101.61,EUR,delivered
O0003057,FR-202208-62863,C000136,S00003,P000113,2023-03-31T09:13:41,1,357.49,357.49,53.62,60.77,0.0,364.64,EUR,delivered
O0003058,FR-202201-18342,C000136,S00003,P000072,2025-06-14T18:59:47,1,97.7,97.7,0.0,19.54,3.73,120.97,EUR,delivered
O0003059,FR-202201-18342,C000136,S00003,P000032,2025-06-14T18:59:47,1,135.34,135.34,13.53,24.36,0.0,146.17,EUR,delivered
O0003060,FR-202201-18342,C000136,S00003,P000100,2025-06-14T18:59:47,2,129.57,259.14,38.87,44.05,7.2,271.52,EUR,delivered
O0003061,DE-202205-72000,C000487,S00006,P000133,2025-01-06T14:09:17,1,39.93,39.93,5.99,6.45,6.63,47.02,EUR,delivered
O0003062,DE-202205-72000,C000487,S00006,P000032,2025-01-06T14:09:17,2,150.23,300.46,0.0,57.09,8.59,366.14,EUR,delivered
O0003063,DE-202205-72000,C000487,S00006,P000239,2025-01-06T14:09:17,1,17.44,17.44,0.87,3.15,12.46,32.18,EUR,delivered
O0003064,DE-202402-92301,C000487,S00006,P000079,2023-09-10T12:58:44,1,65.19,65.19,0.0,12.39,6.3,83.88,EUR,delivered
O0003065,DE-202304-22917,C000487,S00006,P000081,2024-11-25T13:00:27,3,181.99,545.97,27.3,98.55,5.91,623.13,EUR,delivered
O0003066,DE-202204-94129,C000487,S00006,P000172,2024-05-31T20:15:40,4,224.66,898.64,89.86,153.67,4.4,966.85,EUR,delivered
O0003067,DE-202509-66129,C000487,S00006,P000132,2025-05-01T08:07:35,2,151.5,303.0,30.3,51.81,6.49,331.0,EUR,delivered
O0003068,DE-202509-66129,C000487,S00006,P000247,2025-05-01T08:07:35,1,167.19,167.19,0.0,31.77,6.13,205.09,EUR,delivered
O0003069,DE-202509-66129,C000487,S00006,P000067,2025-05-01T08:07:35,2,237.65,475.3,23.77,85.79,9.87,547.19,EUR,delivered
O0003070,DE-202504-66625,C000487,S00006,P000210,2023-06-22T14:32:49,1,37.55,37.55,1.88,6.78,11.57,54.02,EUR,delivered
O0003071,DE-202506-16393,C000487,S00006,P000188,2025-07-08T11:30:01,1,270.33,270.33,0.0,51.36,10.26,331.95,EUR,delivered
O0003072,DE-202411-12339,C000487,S00006,P000089,2024-11-16T13:46:50,1,168.49,168.49,0.0,32.01,8.77,209.27,EUR,delivered
O0003073,DE-202411-12339,C000487,S00006,P000150,2024-11-16T13:46:50,1,588.61,588.61,0.0,111.84,4.44,704.89,EUR,delivered
O0003074,DE-202312-89474,C000487,S00005,P000217,2022-08-18T18:06:05,2,346.99,693.98,69.4,118.67,6.94,750.19,EUR,delivered
O0003075,DE-202312-89474,C000487,S00005,P000009,2022-08-18T18:06:05,1,149.17,149.17,7.46,26.92,3.12,171.75,EUR,delivered
O0003076,DE-202207-75837,C000487,S00005,P000235,2025-02-06T10:42:52,1,39.51,39.51,0.0,7.51,7.39,54.41,EUR,delivered
O0003077,DE-202304-20657,C000487,S00005,P000174,2023-11-06T15:08:22,3,144.94,434.82,0.0,82.62,5.13,522.57,EUR,delivered
O0003078,DE-202503-70357,C000487,S00005,P000178,2022-09-10T12:50:11,1,500.22,500.22,0.0,95.04,0.0,595.26,EUR,delivered
O0003079,DE-202503-70357,C000487,S00005,P000047,2022-09-10T12:50:11,1,167.09,167.09,0.0,31.75,6.6,205.44,EUR,delivered
O0003080,DE-202210-43112,C000487,S00005,P000092,2023-12-02T11:57:30,1,127.71,127.71,6.39,23.05,0.0,144.37,EUR,delivered
O0003081,DE-202401-96836,C000487,S00006,P000227,2023-08-24T20:21:14,1,151.84,151.84,7.59,27.41,8.92,180.58,EUR,delivered
O0003082,DE-202401-96836,C000487,S00006,P000203,2023-08-24T20:21:14,1,14.51,14.51,0.73,2.62,6.0,22.4,EUR,delivered
O0003083,DE-202401-96836,C000487,S00006,P000001,2023-08-24T20:21:14,1,214.88,214.88,0.0,40.83,8.13,263.84,EUR,delivered
O0003084,DE-202401-96836,C000487,S00006,P000193,2023-08-24T20:21:14,1,70.57,70.57,0.0,13.41,9.63,93.61,EUR,delivered
O0003085,DE-202511-19364,C000487,S00005,P000224,2022-12-03T11:20:06,1,219.88,219.88,0.0,41.78,0.0,261.66,EUR,delivered
O0003086,DE-202404-58884,C000487,S00005,P000210,2025-08-22T14:36:17,1,36.94,36.94,1.85,6.67,0.0,41.76,EUR,delivered
O0003087,DE-202404-58884,C000487,S00005,P000205,2025-08-22T14:36:17,3,30.01,90.03,0.0,17.11,5.61,112.75,EUR,delivered
O0003088,DE-202404-58884,C000487,S00005,P000179,2025-08-22T14:36:17,1,63.79,63.79,3.19,11.51,0.0,72.11,EUR,delivered
O0003089,DE-202404-58884,C000487,S00005,P000221,2025-08-22T14:36:17,2,112.13,224.26,0.0,42.61,0.0,266.87,EUR,delivered
O0003090,IT-202204-72919,C000627,S00007,P000051,2025-12-16T16:56:28,1,14.91,14.91,0.75,3.12,0.0,17.28,EUR,delivered
O0003091,IT-202204-72919,C000627,S00007,P000156,2025-12-16T16:56:28,1,197.23,197.23,0.0,43.39,5.97,246.59,EUR,delivered
O0003092,IT-202204-72919,C000627,S00007,P000031,2025-12-16T16:56:28,1,32.34,32.34,0.0,7.11,0.0,39.45,EUR,delivered
O0003093,IT-202204-72919,C000627,S00007,P000239,2025-12-16T16:56:28,1,18.33,18.33,0.0,4.03,0.0,22.36,EUR,delivered
O0003094,SE-202309-10408,C000346,S00015,P000057,2025-12-14T18:28:56,1,64.67,64.67,0.0,16.17,0.0,80.84,EUR,delivered
O0003095,SE-202309-10408,C000346,S00015,P000031,2025-12-14T18:28:56,1,31.3,31.3,3.13,7.04,0.0,35.21,EUR,delivered
O0003096,SE-202208-73999,C000346,S00015,P000237,2025-11-07T11:58:22,1,60.42,60.42,6.04,13.6,0.0,67.98,EUR,delivered
O0003097,SE-202211-26294,C000346,S00015,P000130,2025-12-22T10:36:41,3,48.88,146.64,14.66,33.0,0.0,164.98,EUR,delivered
O0003098,SE-202211-26294,C000346,S00015,P000080,2025-12-22T10:36:41,1,262.38,262.38,13.12,62.32,5.57,317.15,EUR,delivered
O0003099,AT-202404-70882,C000464,S00001,P000203,2025-03-26T12:06:20,1,12.83,12.83,0.0,2.57,5.46,20.86,EUR,delivered
O0003100,AT-202404-70882,C000464,S00001,P000057,2025-03-26T12:06:20,2,69.4,138.8,0.0,27.76,4.15,170.71,EUR,delivered
O0003101,AT-202404-70882,C000464,S00001,P000187,2025-03-26T12:06:20,1,21.8,21.8,0.0,4.36,0.0,26.16,EUR,delivered
O0003102,AT-202202-87369,C000464,S00002,P000183,2025-10-22T08:38:15,1,44.9,44.9,0.0,8.98,9.59,63.47,EUR,delivered
O0003103,AT-202202-87369,C000464,S00002,P000212,2025-10-22T08:38:15,5,44.49,222.45,22.25,40.04,8.36,248.6,EUR,delivered
O0003104,AT-202301-64285,C000464,S00001,P000231,2025-07-21T08:57:00,1,105.32,105.32,0.0,21.06,0.0,126.38,EUR,delivered
O0003105,UK-202305-68820,C000318,S00020,P000037,2024-11-28T16:17:59,4,11.38,45.52,0.0,9.1,6.95,61.57,EUR,delivered
O0003106,UK-202305-68820,C000318,S00020,P000222,2024-11-28T16:17:59,1,62.57,62.57,0.0,12.51,10.44,85.52,EUR,delivered
O0003107,UK-202307-67823,C000318,S00019,P000183,2024-05-30T15:10:58,3,51.67,155.01,0.0,31.0,0.0,186.01,EUR,delivered
O0003108,UK-202307-67823,C000318,S00019,P000157,2024-05-30T15:10:58,2,164.44,328.88,0.0,65.78,3.48,398.14,EUR,delivered
O0003109,UK-202307-67823,C000318,S00019,P000119,2024-05-30T15:10:58,2,112.7,225.4,33.81,38.32,0.0,229.91,EUR,delivered
O0003110,AT-202405-52183,C000493,S00002,P000196,2025-12-02T15:47:44,1,61.56,61.56,0.0,12.31,12.72,86.59,EUR,delivered
O0003111,AT-202405-52183,C000493,S00002,P000208,2025-12-02T15:47:44,1,104.11,104.11,0.0,20.82,12.13,137.06,EUR,delivered
O0003112,FR-202412-97291,C000428,S00004,P000012,2024-03-19T12:00:36,2,51.42,102.84,0.0,20.57,6.17,129.58,EUR,delivered
O0003113,FR-202412-97291,C000428,S00004,P000184,2024-03-19T12:00:36,4,41.13,164.52,0.0,32.9,6.31,203.73,EUR,delivered
O0003114,FR-202412-97291,C000428,S00004,P000163,2024-03-19T12:00:36,2,283.87,567.74,0.0,113.55,10.63,691.92,EUR,delivered
O0003115,FR-202207-92585,C000428,S00004,P000108,2024-07-26T12:50:50,1,96.08,96.08,14.41,16.33,4.11,102.11,EUR,delivered
O0003116,FR-202401-12948,C000428,S00004,P000133,2023-06-13T13:16:39,2,40.61,81.22,0.0,16.24,5.52,102.98,EUR,delivered
O0003117,FR-202401-12948,C000428,S00004,P000052,2023-06-13T13:16:39,1,192.99,192.99,19.3,34.74,9.22,217.65,EUR,delivered
O0003118,FR-202305-61945,C000428,S00004,P000133,2023-09-10T14:03:05,1,40.44,40.44,0.0,8.09,12.02,60.55,EUR,delivered
O0003119,FR-202305-61945,C000428,S00004,P000175,2023-09-10T14:03:05,2,99.46,198.92,0.0,39.78,9.91,248.61,EUR,delivered
O0003120,FR-202305-61945,C000428,S00004,P000151,2023-09-10T14:03:05,1,118.59,118.59,0.0,23.72,6.96,149.27,EUR,delivered
O0003121,FR-202305-61945,C000428,S00004,P000186,2023-09-10T14:03:05,1,110.12,110.12,0.0,22.02,4.18,136.32,EUR,delivered
O0003122,FR-202208-43649,C000428,S00003,P000193,2024-01-12T12:30:51,1,71.02,71.02,3.55,13.49,6.12,87.08,EUR,delivered
O0003123,FR-202208-43649,C000428,S00003,P000182,2024-01-12T12:30:51,2,49.88,99.76,4.99,18.95,0.0,113.72,EUR,delivered
O0003124,FR-202302-86537,C000428,S00004,P000025,2024-02-27T10:23:19,2,572.89,1145.78,57.29,217.7,9.78,1315.97,EUR,delivered
O0003125,FR-202302-86537,C000428,S00004,P000128,2024-02-27T10:23:19,2,145.93,291.86,0.0,58.37,6.76,356.99,EUR,delivered
O0003126,FR-202302-86537,C000428,S00004,P000231,2024-02-27T10:23:19,4,113.98,455.92,0.0,91.18,12.04,559.14,EUR,delivered
O0003127,FR-202302-86537,C000428,S00004,P000069,2024-02-27T10:23:19,1,54.94,54.94,2.75,10.44,6.17,68.8,EUR,delivered
O0003128,FR-202511-26645,C000428,S00004,P000206,2024-12-14T20:31:59,2,387.81,775.62,0.0,155.12,9.16,939.9,EUR,delivered
O0003129,FR-202511-26645,C000428,S00004,P000040,2024-12-14T20:31:59,2,108.36,216.72,21.67,39.01,12.73,246.79,EUR,delivered
O0003130,FR-202401-10650,C000428,S00004,P000101,2023-10-30T20:55:34,3,45.21,135.63,0.0,27.13,10.73,173.49,EUR,delivered
O0003131,FR-202509-12396,C000428,S00004,P000104,2024-02-29T18:40:43,4,237.56,950.24,0.0,190.05,6.22,1146.51,EUR,delivered
O0003132,FR-202509-12396,C000428,S00004,P000062,2024-02-29T18:40:43,3,277.19,831.57,0.0,166.31,11.69,1009.57,EUR,delivered
O0003133,FR-202509-12396,C000428,S00004,P000143,2024-02-29T18:40:43,1,101.81,101.81,10.18,18.33,9.13,119.09,EUR,delivered
O0003134,DE-202408-67044,C000046,S00006,P000020,2024-07-16T14:48:03,1,106.76,106.76,0.0,20.28,6.27,133.31,EUR,delivered
O0003135,DE-202408-67044,C000046,S00006,P000031,2024-07-16T14:48:03,1,33.79,33.79,0.0,6.42,5.01,45.22,EUR,delivered
O0003136,DE-202510-75040,C000046,S00005,P000144,2025-07-26T14:48:54,1,150.25,150.25,7.51,27.12,0.0,169.86,EUR,delivered
O0003137,DE-202510-75040,C000046,S00005,P000007,2025-07-26T14:48:54,3,170.81,512.43,25.62,92.49,5.41,584.71,EUR,delivered
O0003138,DE-202405-68370,C000070,S00006,P000112,2025-11-20T09:17:02,3,515.57,1546.71,0.0,293.87,12.71,1853.29,EUR,delivered
O0003139,DE-202212-21213,C000070,S00006,P000209,2025-12-14T12:39:18,2,120.8,241.6,0.0,45.9,8.11,295.61,EUR,delivered
O0003140,CH-202403-58523,C000358,S00018,P000138,2024-02-02T12:58:17,2,38.17,76.34,0.0,6.11,11.49,93.94,EUR,delivered
O0003141,CH-202403-58523,C000358,S00018,P000089,2024-02-02T12:58:17,2,164.38,328.76,0.0,26.3,7.03,362.09,EUR,delivered
O0003142,CH-202403-58523,C000358,S00018,P000185,2024-02-02T12:58:17,1,149.32,149.32,7.47,11.35,12.84,166.04,EUR,delivered
O0003143,CH-202210-54756,C000358,S00017,P000033,2025-03-21T10:30:59,2,102.84,205.68,0.0,16.45,0.0,222.13,EUR,delivered
O0003144,CH-202210-54756,C000358,S00017,P000157,2025-03-21T10:30:59,1,160.87,160.87,0.0,12.87,5.9,179.64,EUR,delivered
O0003145,CH-202403-94556,C000358,S00018,P000136,2023-09-10T14:59:27,1,75.38,75.38,0.0,6.03,8.86,90.27,EUR,delivered
O0003146,CH-202403-94556,C000358,S00018,P000199,2023-09-10T14:59:27,2,69.75,139.5,20.93,9.49,11.23,139.29,EUR,delivered
O0003147,CH-202403-94556,C000358,S00018,P000047,2023-09-10T14:59:27,1,161.86,161.86,0.0,12.95,12.63,187.44,EUR,delivered
O0003148,AT-202502-66669,C000763,S00002,P000035,2025-04-07T20:29:43,1,190.42,190.42,28.56,32.37,9.27,203.5,EUR,delivered
O0003149,AT-202502-66669,C000763,S00002,P000123,2025-04-07T20:29:43,1,166.63,166.63,0.0,33.33,6.99,206.95,EUR,delivered
O0003150,IT-202503-54971,C000003,S00007,P000154,2023-12-17T14:38:04,1,136.96,136.96,0.0,30.13,0.0,167.09,EUR,delivered
O0003151,CH-202511-16039,C000501,S00017,P000208,2025-06-16T11:48:54,1,104.41,104.41,0.0,8.35,0.0,112.76,EUR,delivered
O0003152,CH-202511-16039,C000501,S00017,P000145,2025-06-16T11:48:54,3,288.9,866.7,86.67,62.4,0.0,842.43,EUR,delivered
O0003153,CH-202410-46884,C000501,S00017,P000088,2025-05-30T19:24:43,1,67.16,67.16,0.0,5.37,5.09,77.62,EUR,delivered
O0003154,CH-202410-46884,C000501,S00017,P000154,2025-05-30T19:24:43,1,132.04,132.04,19.81,8.98,0.0,121.21,EUR,delivered
O0003155,CH-202510-22377,C000501,S00018,P000164,2025-12-22T17:22:06,3,378.27,1134.81,0.0,90.78,7.3,1232.89,EUR,delivered
O0003156,CH-202510-22377,C000501,S00018,P000008,2025-12-22T17:22:06,4,39.58,158.32,7.92,12.03,9.81,172.24,EUR,delivered
O0003157,CH-202510-22377,C000501,S00018,P000047,2025-12-22T17:22:06,1,150.37,150.37,15.04,10.83,6.6,152.76,EUR,delivered
O0003158,CH-202510-22377,C000501,S00018,P000056,2025-12-22T17:22:06,1,144.04,144.04,7.2,10.95,7.21,155.0,EUR,delivered
O0003159,AT-202403-79455,C000188,S00002,P000138,2024-12-23T19:30:15,2,34.72,69.44,0.0,13.89,11.34,94.67,EUR,delivered
O0003160,AT-202308-72245,C000188,S00001,P000100,2025-11-17T15:36:13,1,130.1,130.1,0.0,26.02,0.0,156.12,EUR,delivered
O0003161,AT-202308-72245,C000188,S00001,P000090,2025-11-17T15:36:13,1,366.35,366.35,18.32,69.61,0.0,417.64,EUR,delivered
O0003162,AT-202308-72245,C000188,S00001,P000238,2025-11-17T15:36:13,2,310.75,621.5,31.08,118.08,0.0,708.5,EUR,delivered
O0003163,AT-202512-73886,C000188,S00001,P000149,2025-12-05T16:36:53,3,128.53,385.59,57.84,65.55,0.0,393.3,EUR,delivered
O0003164,AT-202508-43700,C000188,S00002,P000111,2025-03-20T17:05:03,2,731.86,1463.72,0.0,292.74,7.38,1763.84,EUR,delivered
O0003165,AT-202506-33939,C000188,S00002,P000013,2025-10-17T15:14:04,1,122.48,122.48,12.25,22.05,8.13,140.41,EUR,delivered
O0003166,AT-202506-33939,C000188,S00002,P000005,2025-10-17T15:14:04,1,244.21,244.21,0.0,48.84,11.23,304.28,EUR,delivered
O0003167,SE-202312-42570,C000221,S00016,P000232,2025-12-24T10:27:23,1,843.66,843.66,42.18,200.37,6.85,1008.7,EUR,delivered
O0003168,CH-202210-37461,C000673,S00018,P000181,2025-12-08T18:05:01,1,165.94,165.94,16.59,11.95,11.3,172.6,EUR,delivered
O0003169,CH-202210-37461,C000673,S00018,P000129,2025-12-08T18:05:01,1,349.24,349.24,17.46,26.54,10.43,368.75,EUR,delivered
O0003170,CH-202210-37461,C000673,S00018,P000092,2025-12-08T18:05:01,5,140.93,704.65,0.0,56.37,5.71,766.73,EUR,delivered
O0003171,IT-202506-64375,C000564,S00007,P000176,2025-12-31T08:11:06,5,30.21,151.05,0.0,33.23,5.4,189.68,EUR,delivered
O0003172,IT-202506-64375,C000564,S00007,P000250,2025-12-31T08:11:06,2,141.94,283.88,28.39,56.21,3.48,315.18,EUR,delivered
O0003173,IT-202410-32518,C000564,S00008,P000231,2023-11-27T20:35:39,3,104.81,314.43,0.0,69.17,4.69,388.29,EUR,delivered
O0003174,IT-202410-32518,C000564,S00008,P000040,2023-11-27T20:35:39,1,109.55,109.55,10.96,21.69,9.33,129.61,EUR,delivered
O0003175,IT-202410-32518,C000564,S00008,P000183,2023-11-27T20:35:39,4,44.87,179.48,17.95,35.54,6.81,203.88,EUR,delivered
O0003176,FR-202205-42709,C000050,S00004,P000209,2025-05-08T12:53:30,2,110.0,220.0,11.0,41.8,12.6,263.4,EUR,delivered
O0003177,SE-202401-20866,C000741,S00016,P000154,2025-12-13T19:07:36,1,144.36,144.36,0.0,36.09,7.65,188.1,EUR,delivered
O0003178,SE-202401-20866,C000741,S00016,P000229,2025-12-13T19:07:36,2,33.33,66.66,3.33,15.83,6.46,85.62,EUR,delivered
O0003179,SE-202401-20866,C000741,S00016,P000242,2025-12-13T19:07:36,4,39.74,158.96,23.84,33.78,9.45,178.35,EUR,delivered
O0003180,SE-202401-20866,C000741,S00016,P000205,2025-12-13T19:07:36,1,29.76,29.76,0.0,7.44,8.51,45.71,EUR,delivered
O0003181,CH-202407-29617,C000146,S00018,P000218,2024-01-26T12:10:11,2,129.33,258.66,25.87,18.62,9.96,261.37,EUR,delivered
O0003182,CH-202502-74490,C000146,S00018,P000125,2025-10-24T19:33:10,1,70.52,70.52,3.53,5.36,7.43,79.78,EUR,delivered
O0003183,CH-202502-74490,C000146,S00018,P000200,2025-10-24T19:33:10,1,10.99,10.99,1.1,0.79,9.1,19.78,EUR,delivered
O0003184,CH-202406-74239,C000146,S00017,P000241,2022-12-07T15:47:35,3,578.58,1735.74,86.79,131.92,0.0,1780.87,EUR,delivered
O0003185,CH-202405-28009,C000146,S00018,P000135,2025-04-22T15:50:40,2,204.07,408.14,0.0,32.65,11.36,452.15,EUR,delivered
O0003186,UK-202308-97697,C000147,S00020,P000111,2025-12-11T12:56:39,2,694.29,1388.58,0.0,277.72,11.86,1678.16,EUR,delivered
O0003187,UK-202308-97697,C000147,S00020,P000072,2025-12-11T12:56:39,4,91.33,365.32,0.0,73.06,8.84,447.22,EUR,delivered
O0003188,UK-202308-97697,C000147,S00020,P000062,2025-12-11T12:56:39,1,262.35,262.35,0.0,52.47,4.69,319.51,EUR,delivered
O0003189,UK-202308-97697,C000147,S00020,P000102,2025-12-11T12:56:39,1,67.78,67.78,0.0,13.56,5.38,86.72,EUR,delivered
O0003190,UK-202310-95269,C000147,S00020,P000031,2025-12-27T09:43:03,1,30.87,30.87,0.0,6.17,11.16,48.2,EUR,delivered
O0003191,ES-202501-20528,C000662,S00014,P000002,2025-12-30T09:45:47,4,66.69,266.76,0.0,56.02,6.55,329.33,EUR,delivered
O0003192,ES-202501-20528,C000662,S00014,P000226,2025-12-30T09:45:47,1,78.89,78.89,0.0,16.57,9.62,105.08,EUR,delivered
O0003193,IT-202508-15995,C000498,S00008,P000201,2024-12-01T19:05:38,2,329.39,658.78,65.88,130.44,6.32,729.66,EUR,delivered
O0003194,IT-202508-15995,C000498,S00008,P000044,2024-12-01T19:05:38,1,32.37,32.37,1.62,6.77,4.99,42.51,EUR,delivered
O0003195,IT-202308-33161,C000498,S00008,P000116,2024-12-10T11:12:27,1,110.98,110.98,0.0,24.42,10.92,146.32,EUR,delivered
O0003196,IT-202308-33161,C000498,S00008,P000244,2024-12-10T11:12:27,1,185.57,185.57,0.0,40.83,6.57,232.97,EUR,delivered
O0003197,IT-202308-33161,C000498,S00008,P000198,2024-12-10T11:12:27,1,236.09,236.09,0.0,51.94,10.6,298.63,EUR,delivered
O0003198,IT-202308-33161,C000498,S00008,P000014,2024-12-10T11:12:27,1,199.85,199.85,0.0,43.97,5.58,249.4,EUR,delivered
O0003199,IT-202306-63084,C000498,S00007,P000140,2024-12-07T14:06:47,1,107.14,107.14,10.71,21.21,0.0,117.64,EUR,delivered
O0003200,UK-202207-95056,C000302,S00019,P000056,2025-05-18T14:45:15,1,137.05,137.05,13.71,24.67,0.0,148.01,EUR,delivered
O0003201,UK-202207-95056,C000302,S00019,P000093,2025-05-18T14:45:15,1,104.66,104.66,0.0,20.93,0.0,125.59,EUR,delivered
O0003202,UK-202503-85044,C000302,S00020,P000096,2024-12-04T14:59:55,1,33.68,33.68,5.05,5.73,7.37,41.73,EUR,delivered
O0003203,UK-202503-85044,C000302,S00020,P000247,2024-12-04T14:59:55,1,183.62,183.62,9.18,34.89,9.56,218.89,EUR,delivered
O0003204,NL-202306-46163,C000311,S00010,P000154,2025-05-17T08:24:39,2,146.5,293.0,14.65,58.45,11.39,348.19,EUR,delivered
O0003205,NL-202502-80230,C000311,S00009,P000161,2025-10-17T09:48:03,1,381.92,381.92,57.29,68.17,6.77,399.57,EUR,delivered
O0003206,NL-202502-80230,C000311,S00009,P000109,2025-10-17T09:48:03,2,110.09,220.18,0.0,46.24,0.0,266.42,EUR,delivered
O0003207,NL-202502-80230,C000311,S00009,P000080,2025-10-17T09:48:03,1,234.16,234.16,11.71,46.71,6.56,275.72,EUR,delivered
O0003208,NL-202502-80230,C000311,S00009,P000072,2025-10-17T09:48:03,1,92.59,92.59,4.63,18.47,5.47,111.9,EUR,delivered
O0003209,NL-202207-46165,C000311,S00009,P000223,2023-12-05T20:00:18,5,119.26,596.3,59.63,112.7,7.1,656.47,EUR,delivered
O0003210,NL-202205-71589,C000311,S00009,P000114,2024-03-25T16:36:01,1,751.59,751.59,0.0,157.83,6.83,916.25,EUR,delivered
O0003211,NL-202411-16544,C000311,S00009,P000121,2024-08-02T13:58:31,3,106.95,320.85,0.0,67.38,0.0,388.23,EUR,delivered
O0003212,NL-202505-13193,C000311,S00010,P000041,2024-05-01T16:20:50,1,104.41,104.41,0.0,21.93,5.25,131.59,EUR,delivered
O0003213,NL-202402-51890,C000311,S00010,P000023,2022-12-08T13:10:16,1,174.09,174.09,26.11,31.08,7.1,186.16,EUR,delivered
O0003214,NL-202402-51890,C000311,S00010,P000109,2022-12-08T13:10:16,2,108.16,216.32,32.45,38.61,9.59,232.07,EUR,delivered
O0003215,NL-202209-93244,C000311,S00010,P000026,2024-05-01T13:47:05,3,885.41,2656.23,0.0,557.81,4.37,3218.41,EUR,delivered
O0003216,NL-202209-93244,C000311,S00010,P000006,2024-05-01T13:47:05,1,410.89,410.89,0.0,86.29,7.84,505.02,EUR,delivered
O0003217,NL-202209-93244,C000311,S00010,P000179,2024-05-01T13:47:05,2,65.07,130.14,0.0,27.33,10.94,168.41,EUR,delivered
O0003218,NL-202507-91915,C000311,S00009,P000116,2024-08-14T17:16:28,2,101.97,203.94,20.39,38.55,3.88,225.98,EUR,delivered
O0003219,UK-202310-16348,C000384,S00020,P000020,2025-07-05T11:26:51,1,114.27,114.27,0.0,22.85,8.28,145.4,EUR,delivered
O0003220,NL-202410-21344,C000313,S00009,P000097,2025-10-31T09:36:14,1,351.97,351.97,0.0,73.91,3.41,429.29,EUR,delivered
O0003221,NL-202410-21344,C000313,S00009,P000071,2025-10-31T09:36:14,1,53.83,53.83,0.0,11.3,7.86,72.99,EUR,delivered
O0003222,NL-202410-21344,C000313,S00009,P000047,2025-10-31T09:36:14,1,168.16,168.16,0.0,35.31,0.0,203.47,EUR,delivered
O0003223,NL-202209-86501,C000313,S00010,P000233,2025-12-23T14:44:14,2,15.12,30.24,0.0,6.35,6.04,42.63,EUR,delivered
O0003224,NL-202209-86501,C000313,S00010,P000027,2025-12-23T14:44:14,5,113.68,568.4,0.0,119.36,4.06,691.82,EUR,delivered
O0003225,NL-202209-86501,C000313,S00010,P000112,2025-12-23T14:44:14,1,506.66,506.66,0.0,106.4,5.99,619.05,EUR,delivered
O0003226,NL-202302-96692,C000313,S00010,P000166,2025-12-06T13:01:39,1,209.14,209.14,0.0,43.92,10.96,264.02,EUR,delivered
O0003227,NL-202302-96692,C000313,S00010,P000125,2025-12-06T13:01:39,1,69.2,69.2,0.0,14.53,8.63,92.36,EUR,delivered
O0003228,NL-202501-75489,C000313,S00009,P000127,2025-08-06T10:29:20,1,420.33,420.33,0.0,88.27,0.0,508.6,EUR,delivered
O0003229,NL-202501-75489,C000313,S00009,P000104,2025-08-06T10:29:20,10,228.01,2280.1,0.0,478.82,0.0,2758.92,EUR,delivered
O0003230,NL-202304-34891,C000313,S00009,P000136,2025-11-12T09:38:51,1,68.81,68.81,3.44,13.73,0.0,79.1,EUR,delivered
O0003231,NL-202304-34891,C000313,S00009,P000073,2025-11-12T09:38:51,1,212.74,212.74,10.64,42.44,6.27,250.81,EUR,delivered
O0003232,NL-202304-34891,C000313,S00009,P000126,2025-11-12T09:38:51,3,358.02,1074.06,0.0,225.55,0.0,1299.61,EUR,delivered
O0003233,NL-202304-34891,C000313,S00009,P000159,2025-11-12T09:38:51,5,88.47,442.35,22.12,88.25,0.0,508.48,EUR,delivered
O0003234,NL-202509-85232,C000313,S00010,P000199,2025-06-11T20:56:57,2,67.21,134.42,13.44,25.41,5.43,151.82,EUR,delivered
O0003235,NL-202205-31421,C000313,S00010,P000006,2025-11-12T12:24:20,1,379.81,379.81,0.0,79.76,9.67,469.24,EUR,delivered
O0003236,NL-202205-31421,C000313,S00010,P000137,2025-11-12T12:24:20,1,140.17,140.17,7.01,27.96,12.93,174.05,EUR,delivered
O0003237,NL-202501-38435,C000313,S00009,P000002,2025-11-11T16:13:16,3,70.06,210.18,0.0,44.14,7.92,262.24,EUR,delivered
O0003238,NL-202501-38435,C000313,S00009,P000137,2025-11-11T16:13:16,2,128.16,256.32,12.82,51.14,7.48,302.12,EUR,delivered
O0003239,FR-202304-43420,C000381,S00004,P000034,2024-03-31T19:29:58,1,288.67,288.67,43.3,49.07,10.18,304.62,EUR,delivered
O0003240,FR-202304-43420,C000381,S00004,P000015,2024-03-31T19:29:58,1,47.69,47.69,2.38,9.06,6.67,61.04,EUR,delivered
O0003241,FR-202411-89408,C000381,S00004,P000182,2024-11-27T11:40:01,2,46.64,93.28,0.0,18.66,12.77,124.71,EUR,delivered
O0003242,FR-202411-89408,C000381,S00004,P000003,2024-11-27T11:40:01,2,141.71,283.42,28.34,51.02,7.94,314.04,EUR,delivered
O0003243,FR-202307-78928,C000381,S00004,P000122,2023-03-12T09:21:50,1,210.34,210.34,0.0,42.07,5.49,257.9,EUR,delivered
O0003244,FR-202307-78928,C000381,S00004,P000239,2023-03-12T09:21:50,5,19.17,95.85,4.79,18.21,7.48,116.75,EUR,delivered
O0003245,FR-202307-78928,C000381,S00004,P000025,2023-03-12T09:21:50,1,590.91,590.91,0.0,118.18,12.68,721.77,EUR,delivered
O0003246,FR-202307-78928,C000381,S00004,P000159,2023-03-12T09:21:50,1,88.79,88.79,0.0,17.76,12.77,119.32,EUR,delivered
O0003247,FR-202308-39626,C000381,S00003,P000008,2024-10-21T17:30:26,1,34.08,34.08,3.41,6.13,0.0,36.8,EUR,delivered
O0003248,PL-202505-11776,C000583,S00011,P000151,2024-10-23T12:26:24,2,115.67,231.34,0.0,53.21,0.0,284.55,EUR,delivered
O0003249,PL-202306-55036,C000583,S00012,P000044,2024-03-15T16:50:27,1,32.23,32.23,4.83,6.3,5.45,39.15,EUR,delivered
O0003250,PL-202508-90726,C000583,S00012,P000063,2024-09-27T08:06:20,4,46.74,186.96,9.35,40.85,8.72,227.18,EUR,delivered
O0003251,PL-202508-90726,C000583,S00012,P000056,2024-09-27T08:06:20,5,142.76,713.8,35.69,155.97,11.5,845.58,EUR,delivered
O0003252,PL-202508-90726,C000583,S00012,P000041,2024-09-27T08:06:20,2,111.53,223.06,0.0,51.3,5.39,279.75,EUR,delivered
O0003253,PL-202508-90726,C000583,S00012,P000180,2024-09-27T08:06:20,2,74.42,148.84,7.44,32.52,10.65,184.57,EUR,delivered
O0003254,NL-202310-64038,C000157,S00010,P000162,2024-06-29T13:25:23,4,162.25,649.0,32.45,129.48,4.7,750.73,EUR,delivered
O0003255,NL-202310-64038,C000157,S00010,P000013,2024-06-29T13:25:23,1,136.47,136.47,0.0,28.66,5.3,170.43,EUR,delivered
O0003256,NL-202311-57924,C000157,S00009,P000107,2025-01-25T08:46:04,3,140.35,421.05,0.0,88.42,0.0,509.47,EUR,delivered
O0003257,PL-202502-47321,C000536,S00011,P000107,2025-11-17T09:00:03,2,140.71,281.42,0.0,64.73,7.67,353.82,EUR,delivered
O0003258,PL-202502-47321,C000536,S00011,P000089,2025-11-17T09:00:03,1,155.27,155.27,0.0,35.71,0.0,190.98,EUR,delivered
O0003259,IT-202407-27077,C000042,S00008,P000002,2025-12-04T18:44:10,2,64.51,129.02,6.45,26.97,9.13,158.67,EUR,delivered
O0003260,IT-202407-27077,C000042,S00008,P000163,2025-12-04T18:44:10,4,290.83,1163.32,116.33,230.34,5.77,1283.1,EUR,delivered
O0003261,IT-202407-27077,C000042,S00008,P000045,2025-12-04T18:44:10,1,217.54,217.54,0.0,47.86,7.69,273.09,EUR,delivered
O0003262,UK-202506-62410,C000297,S00019,P000101,2025-02-16T08:40:34,3,45.33,135.99,0.0,27.2,4.25,167.44,EUR,delivered
O0003263,UK-202506-62410,C000297,S00019,P000228,2025-02-16T08:40:34,2,659.48,1318.96,197.84,224.22,0.0,1345.34,EUR,delivered
O0003264,NL-202303-70081,C000786,S00010,P000103,2024-03-28T17:41:19,2,66.13,132.26,13.23,25.0,12.75,156.78,EUR,delivered
O0003265,NL-202303-70081,C000786,S00010,P000035,2024-03-28T17:41:19,1,208.62,208.62,10.43,41.62,6.36,246.17,EUR,delivered
O0003266,NL-202303-70081,C000786,S00010,P000108,2024-03-28T17:41:19,1,98.44,98.44,0.0,20.67,7.36,126.47,EUR,delivered
O0003267,NL-202404-82015,C000786,S00010,P000079,2024-08-18T18:57:35,1,60.43,60.43,0.0,12.69,7.09,80.21,EUR,delivered
O0003268,NL-202404-82015,C000786,S00010,P000234,2024-08-18T18:57:35,1,17.19,17.19,2.58,3.07,10.63,28.31,EUR,delivered
O0003269,IT-202304-16518,C000124,S00007,P000166,2025-12-21T12:46:14,2,242.88,485.76,0.0,106.87,0.0,592.63,EUR,delivered
O0003270,IT-202405-94327,C000124,S00008,P000086,2025-05-22T19:09:37,1,170.39,170.39,0.0,37.49,9.78,217.66,EUR,delivered
O0003271,IT-202405-94327,C000124,S00008,P000114,2025-05-22T19:09:37,1,824.58,824.58,0.0,181.41,11.7,1017.69,EUR,delivered
O0003272,IT-202508-26971,C000124,S00008,P000121,2025-11-12T14:46:17,3,102.07,306.21,15.31,64.0,4.91,359.81,EUR,delivered
O0003273,IT-202508-26971,C000124,S00008,P000198,2025-11-12T14:46:17,2,220.02,440.04,0.0,96.81,11.12,547.97,EUR,delivered
O0003274,IT-202508-26971,C000124,S00008,P000199,2025-11-12T14:46:17,3,62.04,186.12,0.0,40.95,7.97,235.04,EUR,delivered
O0003275,ES-202405-32772,C000113,S00013,P000031,2025-04-09T09:24:40,1,32.6,32.6,0.0,6.85,5.34,44.79,EUR,delivered
O0003276,NL-202203-47248,C000419,S00009,P000022,2024-04-20T13:30:36,3,56.04,168.12,0.0,35.31,4.74,208.17,EUR,delivered
O0003277,NL-202203-47248,C000419,S00009,P000193,2024-04-20T13:30:36,1,79.89,79.89,3.99,15.94,4.1,95.94,EUR,delivered
O0003278,NL-202305-46075,C000419,S00009,P000164,2025-04-05T16:49:01,1,377.4,377.4,0.0,79.25,0.0,456.65,EUR,delivered
O0003279,UK-202404-52294,C000122,S00020,P000156,2025-12-08T18:58:17,2,222.6,445.2,0.0,89.04,5.46,539.7,EUR,delivered
O0003280,UK-202404-52294,C000122,S00020,P000187,2025-12-08T18:58:17,2,21.82,43.64,0.0,8.73,6.77,59.14,EUR,delivered
O0003281,UK-202404-52294,C000122,S00020,P000052,2025-12-08T18:58:17,1,214.19,214.19,0.0,42.84,6.86,263.89,EUR,delivered
O0003282,UK-202408-82564,C000122,S00019,P000216,2025-11-26T15:03:31,1,42.36,42.36,4.24,7.62,6.18,51.92,EUR,delivered
O0003283,UK-202307-97651,C000604,S00019,P000221,2024-11-24T10:59:16,1,106.54,106.54,0.0,21.31,0.0,127.85,EUR,delivered
O0003284,UK-202307-97651,C000604,S00019,P000222,2024-11-24T10:59:16,2,62.06,124.12,0.0,24.82,3.19,152.13,EUR,delivered
O0003285,UK-202308-89202,C000604,S00020,P000148,2025-05-30T10:44:41,1,163.49,163.49,0.0,32.7,11.24,207.43,EUR,delivered
O0003286,ES-202406-46321,C000601,S00014,P000246,2025-09-19T20:37:34,1,177.1,177.1,0.0,37.19,8.74,223.03,EUR,delivered
O0003287,ES-202406-46321,C000601,S00014,P000230,2025-09-19T20:37:34,1,81.59,81.59,0.0,17.13,4.9,103.62,EUR,delivered
O0003288,ES-202402-51376,C000601,S00014,P000209,2024-05-15T12:28:54,1,115.49,115.49,0.0,24.25,12.64,152.38,EUR,delivered
O0003289,ES-202402-51376,C000601,S00014,P000249,2024-05-15T12:28:54,1,444.05,444.05,0.0,93.25,10.96,548.26,EUR,delivered
O0003290,ES-202402-51376,C000601,S00014,P000241,2024-05-15T12:28:54,1,615.76,615.76,30.79,122.84,11.35,719.16,EUR,delivered
O0003291,IT-202407-18332,C000777,S00008,P000028,2025-10-06T14:23:40,1,86.2,86.2,0.0,18.96,8.48,113.64,EUR,delivered
O0003292,NL-202505-96889,C000034,S00010,P000222,2025-12-31T23:59:59,1,57.5,57.5,0.0,12.08,6.92,76.5,EUR,delivered
O0003293,NL-202505-96889,C000034,S00010,P000014,2025-12-31T23:59:59,1,193.77,193.77,19.38,36.62,11.06,222.07,EUR,delivered
O0003294,NL-202302-90486,C000034,S00009,P000150,2025-12-29T15:53:57,1,627.16,627.16,0.0,131.7,6.41,765.27,EUR,delivered
O0003295,PL-202505-98542,C000485,S00012,P000048,2023-01-10T16:43:39,3,27.01,81.03,0.0,18.64,11.13,110.8,EUR,delivered
O0003296,PL-202505-98542,C000485,S00012,P000019,2023-01-10T16:43:39,1,780.79,780.79,39.04,170.6,7.99,920.34,EUR,delivered
O0003297,PL-202510-35272,C000485,S00011,P000204,2025-08-25T12:16:41,2,203.44,406.88,20.34,88.9,0.0,475.44,EUR,delivered
O0003298,PL-202510-35272,C000485,S00011,P000201,2025-08-25T12:16:41,2,364.51,729.02,36.45,159.29,3.87,855.73,EUR,delivered
O0003299,PL-202411-36543,C000467,S00012,P000112,2025-12-29T19:53:09,1,513.99,513.99,25.7,112.31,7.72,608.32,EUR,delivered
O0003300,PL-202411-36543,C000467,S00012,P000168,2025-12-29T19:53:09,1,271.76,271.76,0.0,62.5,10.06,344.32,EUR,delivered
O0003301,PL-202411-36543,C000467,S00012,P000212,2025-12-29T19:53:09,3,45.58,136.74,0.0,31.45,12.16,180.35,EUR,delivered
O0003302,PL-202204-21750,C000467,S00012,P000067,2025-11-12T08:30:22,1,239.83,239.83,23.98,49.65,9.56,275.06,EUR,delivered
O0003303,PL-202204-21750,C000467,S00012,P000209,2025-11-12T08:30:22,3,122.72,368.16,18.41,80.44,11.16,441.35,EUR,delivered
O0003304,IT-202212-53633,C000218,S00007,P000046,2024-08-30T08:49:05,2,78.14,156.28,0.0,34.38,0.0,190.66,EUR,delivered
O0003305,IT-202407-94200,C000218,S00008,P000119,2025-08-31T11:46:08,1,100.38,100.38,0.0,22.08,8.67,131.13,EUR,delivered
O0003306,IT-202407-94200,C000218,S00008,P000244,2025-08-31T11:46:08,2,191.44,382.88,19.14,80.02,5.36,449.12,EUR,delivered
O0003307,CH-202301-90210,C000780,S00018,P000160,2025-07-25T10:07:19,3,386.77,1160.31,174.05,78.9,7.0,1072.16,EUR,delivered
O0003308,CH-202301-90210,C000780,S00018,P000218,2025-07-25T10:07:19,3,139.67,419.01,0.0,33.52,11.51,464.04,EUR,delivered
O0003309,UK-202206-36717,C000542,S00020,P000160,2025-11-10T08:31:45,1,350.84,350.84,35.08,63.15,11.22,390.13,EUR,delivered
O0003310,UK-202206-36717,C000542,S00020,P000210,2025-11-10T08:31:45,1,38.21,38.21,0.0,7.64,4.99,50.84,EUR,delivered
O0003311,DE-202207-62177,C000526,S00005,P000015,2024-12-09T11:27:54,1,49.43,49.43,0.0,9.39,5.34,64.16,EUR,delivered
O0003312,DE-202207-62177,C000526,S00005,P000145,2024-12-09T11:27:54,2,299.79,599.58,0.0,113.92,0.0,713.5,EUR,delivered
O0003313,DE-202207-62177,C000526,S00005,P000066,2024-12-09T11:27:54,1,212.66,212.66,0.0,40.41,0.0,253.07,EUR,delivered
O0003314,DE-202209-70448,C000526,S00006,P000218,2024-06-23T09:55:09,1,121.87,121.87,6.09,22.0,8.4,146.18,EUR,delivered
O0003315,IT-202412-71484,C000133,S00008,P000114,2024-11-03T16:09:16,2,803.75,1607.5,0.0,353.65,5.58,1966.73,EUR,delivered
O0003316,IT-202412-71484,C000133,S00008,P000157,2024-11-03T16:09:16,5,169.81,849.05,0.0,186.79,10.25,1046.09,EUR,delivered
O0003317,IT-202412-71484,C000133,S00008,P000247,2024-11-03T16:09:16,1,179.73,179.73,0.0,39.54,10.41,229.68,EUR,delivered
O0003318,IT-202206-43730,C000133,S00008,P000048,2024-12-02T13:01:07,1,30.05,30.05,1.5,6.28,4.78,39.61,EUR,delivered
O0003319,IT-202206-43730,C000133,S00008,P000192,2024-12-02T13:01:07,3,97.98,293.94,14.7,61.43,8.69,349.36,EUR,delivered
O0003320,IT-202206-43730,C000133,S00008,P000236,2024-12-02T13:01:07,1,68.4,68.4,0.0,15.05,8.8,92.25,EUR,delivered
O0003321,AT-202407-50446,C000793,S00001,P000142,2024-09-28T09:26:50,2,165.99,331.98,16.6,63.08,0.0,378.46,EUR,delivered
O0003322,AT-202206-84718,C000793,S00002,P000223,2024-09-24T16:05:50,3,108.97,326.91,0.0,65.38,10.53,402.82,EUR,delivered
O0003323,AT-202307-86049,C000497,S00001,P000185,2024-12-28T15:38:03,1,151.2,151.2,7.56,28.73,5.72,178.09,EUR,delivered
O0003324,AT-202402-89278,C000497,S00001,P000023,2025-03-28T10:31:35,2,158.44,316.88,47.53,53.87,0.0,323.22,EUR,delivered
O0003325,AT-202402-89278,C000497,S00001,P000218,2025-03-28T10:31:35,2,132.33,264.66,0.0,52.93,0.0,317.59,EUR,delivered
O0003326,AT-202511-16551,C000497,S00002,P000226,2024-12-19T12:19:55,1,82.14,82.14,0.0,16.43,8.28,106.85,EUR,delivered
O0003327,AT-202511-29937,C000497,S00002,P000140,2025-12-25T14:56:55,2,113.65,227.3,0.0,45.46,5.37,278.13,EUR,delivered
O0003328,AT-202511-29937,C000497,S00002,P000008,2025-12-25T14:56:55,10,34.07,340.7,0.0,68.14,8.31,417.15,EUR,delivered
O0003329,AT-202412-73460,C000497,S00001,P000091,2025-12-31T08:14:03,2,49.44,98.88,0.0,19.78,0.0,118.66,EUR,delivered
O0003330,NL-202503-29966,C000131,S00010,P000234,2025-12-31T23:59:59,1,16.41,16.41,0.0,3.45,6.42,26.28,EUR,delivered
O0003331,NL-202409-37770,C000131,S00009,P000217,2025-12-26T20:56:37,1,320.6,320.6,32.06,60.59,7.91,357.04,EUR,delivered
O0003332,NL-202508-72059,C000655,S00009,P000127,2024-01-30T12:54:43,1,436.41,436.41,0.0,91.65,0.0,528.06,EUR,delivered
O0003333,NL-202312-46471,C000655,S00010,P000030,2025-06-28T09:15:33,3,719.76,2159.28,0.0,453.45,11.0,2623.73,EUR,delivered
O0003334,NL-202312-46471,C000655,S00010,P000078,2025-06-28T09:15:33,2,100.16,200.32,30.05,35.76,5.89,211.92,EUR,delivered
O0003335,NL-202406-42560,C000655,S00009,P000124,2024-07-19T08:32:48,1,29.5,29.5,0.0,6.2,0.0,35.7,EUR,delivered
O0003336,NL-202303-46537,C000655,S00009,P000201,2025-02-18T09:47:13,2,336.34,672.68,67.27,127.14,0.0,732.55,EUR,delivered
O0003337,NL-202303-46537,C000655,S00009,P000121,2025-02-18T09:47:13,1,101.85,101.85,0.0,21.39,0.0,123.24,EUR,delivered
O0003338,NL-202512-43951,C000655,S00010,P000043,2025-03-21T08:57:19,3,212.97,638.91,0.0,134.17,5.67,778.75,EUR,delivered
O0003339,NL-202512-43951,C000655,S00010,P000225,2025-03-21T08:57:19,2,35.55,71.1,3.56,14.18,9.18,90.9,EUR,delivered
O0003340,NL-202512-43951,C000655,S00010,P000011,2025-03-21T08:57:19,3,192.47,577.41,0.0,121.26,7.84,706.51,EUR,delivered
O0003341,NL-202311-93859,C000655,S00010,P000015,2025-12-08T19:13:24,1,45.54,45.54,2.28,9.08,7.75,60.09,EUR,delivered
O0003342,NL-202312-97083,C000148,S00009,P000092,2025-12-29T13:54:01,3,139.72,419.16,0.0,88.02,0.0,507.18,EUR,delivered
O0003343,NL-202305-22511,C000148,S00010,P000137,2024-10-06T13:48:24,2,129.12,258.24,38.74,46.1,12.88,278.48,EUR,delivered
O0003344,NL-202305-22511,C000148,S00010,P000175,2024-10-06T13:48:24,2,100.84,201.68,0.0,42.35,11.75,255.78,EUR,delivered
O0003345,NL-202305-22511,C000148,S00010,P000105,2024-10-06T13:48:24,2,114.5,229.0,0.0,48.09,5.65,282.74,EUR,delivered
O0003346,DE-202203-29665,C000167,S00005,P000098,2025-12-31T23:59:59,2,138.36,276.72,13.84,49.95,0.0,312.83,EUR,delivered
O0003347,DE-202203-29665,C000167,S00005,P000208,2025-12-31T23:59:59,2,94.24,188.48,0.0,35.81,0.0,224.29,EUR,delivered
O0003348,DE-202203-29665,C000167,S00005,P000113,2025-12-31T23:59:59,2,388.08,776.16,0.0,147.47,0.0,923.63,EUR,delivered
O0003349,ES-202209-96088,C000427,S00013,P000033,2025-09-25T12:43:17,1,109.12,109.12,0.0,22.92,0.0,132.04,EUR,delivered
O0003350,ES-202209-96088,C000427,S00013,P000142,2025-09-25T12:43:17,3,171.6,514.8,51.48,97.3,0.0,560.62,EUR,delivered
O0003351,ES-202209-96088,C000427,S00013,P000185,2025-09-25T12:43:17,2,160.63,321.26,0.0,67.46,0.0,388.72,EUR,delivered
O0003352,ES-202201-60375,C000427,S00013,P000245,2025-08-20T17:09:04,1,175.22,175.22,0.0,36.8,5.41,217.43,EUR,delivered
O0003353,UK-202412-74928,C000502,S00019,P000094,2023-07-20T18:12:40,1,39.31,39.31,1.97,7.47,4.57,49.38,EUR,delivered
O0003354,UK-202211-86188,C000502,S00020,P000133,2023-12-03T10:13:20,2,41.48,82.96,8.3,14.93,10.09,99.68,EUR,delivered
O0003355,AT-202501-78850,C000451,S00001,P000187,2025-12-03T08:29:06,4,19.93,79.72,0.0,15.94,0.0,95.66,EUR,delivered
O0003356,PL-202509-13846,C000434,S00012,P000052,2025-10-03T12:16:50,1,190.42,190.42,0.0,43.8,11.1,245.32,EUR,delivered
O0003357,PL-202509-13846,C000434,S00012,P000210,2025-10-03T12:16:50,2,42.08,84.16,8.42,17.42,5.9,99.06,EUR,delivered
O0003358,PL-202509-13846,C000434,S00012,P000034,2025-10-03T12:16:50,2,330.64,661.28,33.06,144.49,4.64,777.35,EUR,delivered
O0003359,PL-202211-76099,C000434,S00011,P000149,2024-12-24T12:44:15,1,130.66,130.66,0.0,30.05,5.55,166.26,EUR,delivered
O0003360,PL-202403-25367,C000434,S00011,P000188,2025-11-09T08:04:51,1,248.7,248.7,37.31,48.62,3.51,263.52,EUR,delivered
O0003361,PL-202403-25367,C000434,S00011,P000069,2025-11-09T08:04:51,1,57.63,57.63,0.0,13.25,0.0,70.88,EUR,delivered
O0003362,PL-202501-38469,C000434,S00011,P000029,2025-09-18T09:08:04,1,139.88,139.88,0.0,32.17,0.0,172.05,EUR,delivered
O0003363,PL-202501-38469,C000434,S00011,P000198,2025-09-18T09:08:04,3,224.0,672.0,0.0,154.56,5.66,832.22,EUR,delivered
O0003364,PL-202301-64330,C000434,S00011,P000113,2025-11-26T09:24:22,3,341.17,1023.51,102.35,211.87,0.0,1133.03,EUR,delivered
O0003365,FR-202404-22696,C000771,S00003,P000045,2025-12-29T09:29:38,1,214.7,214.7,0.0,42.94,0.0,257.64,EUR,delivered
O0003366,FR-202404-22696,C000771,S00003,P000081,2025-12-29T09:29:38,2,181.14,362.28,18.11,68.83,3.87,416.87,EUR,delivered
O0003367,FR-202210-50859,C000771,S00003,P000021,2025-12-21T20:17:24,3,111.88,335.64,0.0,67.13,0.0,402.77,EUR,delivered
O0003368,FR-202210-50859,C000771,S00003,P000177,2025-12-21T20:17:24,1,89.44,89.44,4.47,16.99,0.0,101.96,EUR,delivered
O0003369,FR-202207-36830,C000771,S00004,P000100,2025-11-05T11:23:01,1,128.72,128.72,19.31,21.88,4.31,135.6,EUR,delivered
O0003370,UK-202407-25665,C000271,S00020,P000238,2023-03-04T13:42:04,1,314.6,314.6,0.0,62.92,4.49,382.01,EUR,delivered
O0003371,UK-202407-25665,C000271,S00020,P000025,2023-03-04T13:42:04,3,600.58,1801.74,180.17,324.31,11.13,1957.01,EUR,delivered
O0003372,UK-202407-25665,C000271,S00020,P000055,2023-03-04T13:42:04,1,36.44,36.44,0.0,7.29,9.73,53.46,EUR,delivered
O0003373,DE-202306-84326,C000405,S00006,P000096,2024-11-10T11:36:03,2,34.52,69.04,10.36,11.15,8.31,78.14,EUR,delivered
O0003374,DE-202304-89300,C000405,S00005,P000200,2024-11-10T16:01:44,1,10.72,10.72,0.54,1.93,0.0,12.11,EUR,delivered
O0003375,ES-202202-50642,C000532,S00014,P000242,2025-08-15T09:17:25,2,36.61,73.22,0.0,15.38,9.69,98.29,EUR,delivered
O0003376,ES-202406-76960,C000532,S00014,P000126,2025-12-15T12:41:10,2,361.96,723.92,0.0,152.02,5.91,881.85,EUR,delivered
O0003377,ES-202202-59191,C000532,S00014,P000187,2025-11-04T16:59:38,3,19.63,58.89,0.0,12.37,7.13,78.39,EUR,delivered
O0003378,DE-202506-25726,C000573,S00005,P000006,2025-06-01T15:30:40,1,405.47,405.47,20.27,73.19,6.36,464.75,EUR,delivered
O0003379,DE-202404-89180,C000573,S00006,P000191,2024-05-30T19:55:40,4,117.5,470.0,47.0,80.37,6.3,509.67,EUR,delivered
O0003380,DE-202404-89180,C000573,S00006,P000125,2024-05-30T19:55:40,5,70.5,352.5,0.0,66.98,12.0,431.48,EUR,delivered
O0003381,PL-202307-98293,C000413,S00012,P000072,2025-11-27T14:48:18,1,98.68,98.68,9.87,20.43,8.21,117.45,EUR,delivered
O0003382,PL-202505-54186,C000413,S00011,P000240,2025-12-23T13:37:23,5,406.39,2031.95,0.0,467.35,7.89,2507.19,EUR,delivered
O0003383,NL-202405-71665,C000539,S00009,P000035,2025-03-15T12:08:51,1,184.51,184.51,27.68,32.93,0.0,189.76,EUR,delivered
O0003384,NL-202405-71665,C000539,S00009,P000062,2025-03-15T12:08:51,2,302.94,605.88,0.0,127.23,0.0,733.11,EUR,delivered
O0003385,NL-202205-66440,C000539,S00010,P000028,2024-10-23T11:26:00,1,92.03,92.03,0.0,19.33,7.26,118.62,EUR,delivered
O0003386,FR-202406-36496,C000379,S00003,P000046,2025-12-06T09:28:26,1,81.02,81.02,0.0,16.2,0.0,97.22,EUR,delivered
O0003387,CH-202405-98993,C000080,S00017,P000137,2025-11-16T15:39:02,2,138.96,277.92,0.0,22.23,0.0,300.15,EUR,delivered
O0003388,SE-202310-63228,C000694,S00015,P000147,2025-05-15T20:56:34,2,216.18,432.36,0.0,108.09,0.0,540.45,EUR,delivered
O0003389,DE-202207-47341,C000220,S00006,P000206,2025-10-12T15:24:16,1,347.56,347.56,0.0,66.04,7.17,420.77,EUR,delivered
O0003390,DE-202207-47341,C000220,S00006,P000095,2025-10-12T15:24:16,2,330.37,660.74,66.07,112.99,11.96,719.62,EUR,delivered
O0003391,DE-202404-85181,C000220,S00005,P000043,2025-05-03T08:56:37,1,212.32,212.32,0.0,40.34,3.53,256.19,EUR,delivered
O0003392,DE-202404-85181,C000220,S00005,P000108,2025-05-03T08:56:37,1,102.51,102.51,0.0,19.48,3.69,125.68,EUR,delivered
O0003393,DE-202303-98156,C000220,S00006,P000217,2025-11-22T09:34:48,1,337.0,337.0,0.0,64.03,9.43,410.46,EUR,delivered
O0003394,DE-202303-98156,C000220,S00006,P000141,2025-11-22T09:34:48,10,58.09,580.9,58.09,99.33,5.74,627.88,EUR,delivered
O0003395,DE-202303-98156,C000220,S00006,P000215,2025-11-22T09:34:48,5,70.24,351.2,35.12,60.06,10.6,386.74,EUR,delivered
O0003396,DE-202303-98156,C000220,S00006,P000009,2025-11-22T09:34:48,1,156.62,156.62,0.0,29.76,12.1,198.48,EUR,delivered
O0003397,DE-202401-23710,C000220,S00006,P000174,2025-06-15T20:25:37,1,152.63,152.63,0.0,29.0,4.15,185.78,EUR,delivered
O0003398,DE-202208-23310,C000220,S00006,P000087,2025-07-14T15:18:58,1,70.89,70.89,7.09,12.12,12.94,88.86,EUR,delivered
O0003399,DE-202208-23310,C000220,S00006,P000178,2025-07-14T15:18:58,3,469.88,1409.64,0.0,267.83,7.9,1685.37,EUR,delivered
O0003400,DE-202309-94346,C000220,S00006,P000202,2024-11-20T19:59:40,1,135.41,135.41,0.0,25.73,12.22,173.36,EUR,delivered
O0003401,DE-202310-59431,C000220,S00005,P000065,2024-12-24T19:30:13,1,250.98,250.98,0.0,47.69,6.07,304.74,EUR,delivered
O0003402,DE-202206-63617,C000220,S00006,P000173,2025-09-23T09:59:59,1,323.69,323.69,0.0,61.5,8.66,393.85,EUR,delivered
O0003403,DE-202303-85667,C000220,S00006,P000108,2025-11-17T16:05:41,3,101.76,305.28,0.0,58.0,8.23,371.51,EUR,delivered
O0003404,DE-202303-85667,C000220,S00006,P000234,2025-11-17T16:05:41,1,16.49,16.49,0.0,3.13,6.13,25.75,EUR,delivered
O0003405,ES-202308-42814,C000488,S00013,P000132,2024-12-09T08:04:13,3,155.3,465.9,0.0,97.84,0.0,563.74,EUR,delivered
O0003406,ES-202308-42814,C000488,S00013,P000064,2024-12-09T08:04:13,2,84.71,169.42,0.0,35.58,4.42,209.42,EUR,delivered
O0003407,ES-202308-42814,C000488,S00013,P000071,2024-12-09T08:04:13,1,55.09,55.09,0.0,11.57,0.0,66.66,EUR,delivered
O0003408,ES-202308-42814,C000488,S00013,P000047,2024-12-09T08:04:13,1,156.77,156.77,7.84,31.28,0.0,180.21,EUR,delivered
O0003409,ES-202405-25865,C000488,S00014,P000113,2025-12-14T20:59:26,2,379.77,759.54,0.0,159.5,6.93,925.97,EUR,delivered
O0003410,ES-202405-25865,C000488,S00014,P000235,2025-12-14T20:59:26,1,41.2,41.2,0.0,8.65,10.53,60.38,EUR,delivered
O0003411,ES-202405-25865,C000488,S00014,P000048,2025-12-14T20:59:26,1,30.09,30.09,0.0,6.32,9.43,45.84,EUR,delivered
O0003412,SE-202309-35473,C000134,S00015,P000250,2024-12-29T18:23:30,1,151.09,151.09,0.0,37.77,7.44,196.3,EUR,delivered
O0003413,SE-202309-35473,C000134,S00015,P000026,2024-12-29T18:23:30,2,854.32,1708.64,0.0,427.16,3.18,2138.98,EUR,delivered
O0003414,UK-202305-47268,C000615,S00020,P000051,2024-11-03T20:10:27,2,13.2,26.4,2.64,4.75,8.9,37.41,EUR,delivered
O0003415,UK-202307-36426,C000615,S00019,P000113,2024-11-10T19:05:33,1,344.66,344.66,17.23,65.49,0.0,392.92,EUR,delivered
O0003416,UK-202205-54480,C000615,S00019,P000186,2023-11-29T20:57:41,1,107.3,107.3,0.0,21.46,0.0,128.76,EUR,delivered
O0003417,UK-202205-54480,C000615,S00019,P000068,2023-11-29T20:57:41,2,242.48,484.96,0.0,96.99,5.03,586.98,EUR,delivered
O0003418,UK-202204-40653,C000064,S00020,P000175,2025-09-17T19:10:40,2,99.14,198.28,19.83,35.69,9.92,224.06,EUR,delivered
O0003419,UK-202204-40653,C000064,S00020,P000140,2025-09-17T19:10:40,1,112.72,112.72,0.0,22.54,4.3,139.56,EUR,delivered
O0003420,FR-202302-36227,C000095,S00004,P000077,2025-04-11T08:41:15,4,287.3,1149.2,0.0,229.84,7.62,1386.66,EUR,delivered
O0003421,FR-202309-74633,C000095,S00004,P000173,2025-12-31T15:10:26,1,324.19,324.19,0.0,64.84,7.75,396.78,EUR,delivered
O0003422,FR-202309-74633,C000095,S00004,P000133,2025-12-31T15:10:26,1,38.37,38.37,0.0,7.67,6.18,52.22,EUR,delivered
O0003423,FR-202309-74633,C000095,S00004,P000018,2025-12-31T15:10:26,2,907.35,1814.7,90.74,344.79,6.95,2075.7,EUR,delivered
O0003424,FR-202301-82896,C000095,S00003,P000143,2025-11-29T18:33:06,1,100.11,100.11,10.01,18.02,0.0,108.12,EUR,delivered
O0003425,FR-202304-32850,C000095,S00003,P000217,2025-05-15T12:52:32,1,331.93,331.93,33.19,59.75,6.9,365.39,EUR,delivered
O0003426,FR-202304-16813,C000095,S00004,P000123,2025-10-20T09:43:36,10,150.61,1506.1,225.92,256.04,11.63,1547.85,EUR,delivered
O0003427,FR-202205-48647,C000095,S00004,P000105,2025-12-30T10:02:35,1,107.77,107.77,0.0,21.55,7.61,136.93,EUR,delivered
O0003428,FR-202308-81373,C000095,S00004,P000113,2025-05-09T11:51:51,5,337.58,1687.9,0.0,337.58,10.81,2036.29,EUR,delivered
O0003429,FR-202411-18685,C000095,S00003,P000119,2025-10-17T17:03:27,1,106.25,106.25,0.0,21.25,0.0,127.5,EUR,delivered
O0003430,FR-202507-41940,C000095,S00003,P000217,2025-11-25T13:26:49,1,321.07,321.07,0.0,64.21,0.0,385.28,EUR,delivered
O0003431,FR-202509-57473,C000095,S00003,P000134,2025-11-08T13:32:14,2,497.47,994.94,99.49,179.09,0.0,1074.54,EUR,delivered
O0003432,FR-202405-80952,C000095,S00003,P000065,2025-11-24T14:02:18,1,235.95,235.95,23.6,42.47,0.0,254.82,EUR,delivered
O0003433,FR-202203-25799,C000095,S00004,P000230,2025-05-25T13:50:37,2,89.24,178.48,26.77,30.34,7.93,189.98,EUR,delivered
O0003434,SE-202504-31213,C000084,S00016,P000008,2024-10-31T20:32:52,1,37.54,37.54,0.0,9.39,12.02,58.95,EUR,delivered
O0003435,SE-202504-31213,C000084,S00016,P000053,2024-10-31T20:32:52,1,628.27,628.27,31.41,149.22,6.86,752.94,EUR,delivered
O0003436,IT-202201-78682,C000422,S00008,P000219,2025-12-11T17:29:58,2,279.25,558.5,0.0,122.87,9.59,690.96,EUR,delivered
O0003437,IT-202201-78682,C000422,S00008,P000213,2025-12-11T17:29:58,1,171.59,171.59,8.58,35.86,9.28,208.15,EUR,delivered
O0003438,IT-202201-78682,C000422,S00008,P000188,2025-12-11T17:29:58,1,281.78,281.78,0.0,61.99,12.45,356.22,EUR,delivered
O0003439,IT-202201-78682,C000422,S00008,P000051,2025-12-11T17:29:58,1,13.92,13.92,0.0,3.06,6.7,23.68,EUR,delivered
O0003440,IT-202504-93178,C000422,S00007,P000003,2025-12-31T23:59:59,3,137.26,411.78,20.59,86.06,0.0,477.25,EUR,delivered
O0003441,CH-202407-17775,C000436,S00018,P000211,2025-04-26T16:45:40,1,219.04,219.04,0.0,17.52,7.41,243.97,EUR,delivered
O0003442,CH-202407-17775,C000436,S00018,P000029,2025-04-26T16:45:40,1,155.75,155.75,7.79,11.84,11.74,171.54,EUR,delivered
O0003443,CH-202407-17775,C000436,S00018,P000143,2025-04-26T16:45:40,2,98.16,196.32,0.0,15.71,7.4,219.43,EUR,delivered
O0003444,CH-202212-31564,C000436,S00018,P000023,2025-09-22T14:38:29,1,176.35,176.35,17.64,12.7,11.34,182.75,EUR,delivered
O0003445,CH-202212-31564,C000436,S00018,P000021,2025-09-22T14:38:29,3,129.29,387.87,0.0,31.03,6.98,425.88,EUR,delivered
O0003446,CH-202405-61537,C000436,S00017,P000093,2025-06-22T12:49:11,1,106.08,106.08,0.0,8.49,0.0,114.57,EUR,delivered
O0003447,CH-202510-62462,C000436,S00018,P000173,2025-05-24T20:54:59,2,350.38,700.76,0.0,56.06,4.96,761.78,EUR,delivered
O0003448,CH-202510-62462,C000436,S00018,P000129,2025-05-24T20:54:59,2,323.08,646.16,96.92,43.94,12.43,605.61,EUR,delivered
O0003449,CH-202505-53731,C000436,S00017,P000059,2025-11-10T14:07:58,1,288.68,288.68,14.43,21.94,4.03,300.22,EUR,delivered
O0003450,CH-202505-53731,C000436,S00017,P000112,2025-11-10T14:07:58,1,493.44,493.44,0.0,39.48,0.0,532.92,EUR,delivered
O0003451,CH-202211-31407,C000436,S00017,P000152,2024-12-22T19:20:21,1,35.17,35.17,0.0,2.81,6.77,44.75,EUR,delivered
O0003452,CH-202211-31407,C000436,S00017,P000150,2024-12-22T19:20:21,1,663.73,663.73,0.0,53.1,0.0,716.83,EUR,delivered
O0003453,CH-202211-31407,C000436,S00017,P000231,2024-12-22T19:20:21,4,110.61,442.44,44.24,31.86,5.2,435.26,EUR,delivered
O0003454,CH-202211-99261,C000436,S00018,P000122,2025-12-23T08:18:06,1,199.85,199.85,0.0,15.99,7.24,223.08,EUR,delivered
O0003455,CH-202312-26858,C000436,S00017,P000148,2025-11-30T14:30:13,1,154.33,154.33,23.15,10.49,3.14,144.81,EUR,delivered
O0003456,CH-202312-26858,C000436,S00017,P000118,2025-11-30T14:30:13,2,83.17,166.34,8.32,12.64,5.68,176.34,EUR,delivered
O0003457,CH-202405-36657,C000436,S00017,P000031,2025-11-23T15:25:36,2,32.41,64.82,0.0,5.19,0.0,70.01,EUR,delivered
O0003458,CH-202509-89211,C000436,S00018,P000057,2025-12-03T16:49:30,5,65.59,327.95,0.0,26.24,6.14,360.33,EUR,delivered
O0003459,CH-202509-89211,C000436,S00018,P000230,2025-12-03T16:49:30,2,89.54,179.08,17.91,12.89,6.56,180.62,EUR,delivered
O0003460,CH-202211-46890,C000436,S00018,P000091,2025-04-14T10:29:03,2,49.14,98.28,0.0,7.86,4.54,110.68,EUR,delivered
O0003461,CH-202211-46890,C000436,S00018,P000067,2025-04-14T10:29:03,1,240.96,240.96,12.05,18.31,8.94,256.16,EUR,delivered
O0003462,CH-202401-69817,C000436,S00018,P000095,2025-11-30T11:39:07,1,356.52,356.52,35.65,25.67,6.05,352.59,EUR,delivered
O0003463,CH-202401-69817,C000436,S00018,P000002,2025-11-30T11:39:07,1,70.72,70.72,0.0,5.66,5.03,81.41,EUR,delivered
O0003464,CH-202401-69817,C000436,S00018,P000112,2025-11-30T11:39:07,3,487.0,1461.0,73.05,111.04,8.8,1507.79,EUR,delivered
O0003465,NL-202508-10055,C000696,S00010,P000053,2024-04-26T11:36:41,2,730.25,1460.5,0.0,306.71,12.53,1779.74,EUR,delivered
O0003466,NL-202508-10055,C000696,S00010,P000202,2024-04-26T11:36:41,3,146.07,438.21,65.73,78.22,8.29,458.99,EUR,delivered
O0003467,NL-202411-61696,C000696,S00009,P000101,2025-09-20T15:49:30,1,44.78,44.78,2.24,8.93,5.05,56.52,EUR,delivered
O0003468,NL-202504-39682,C000696,S00010,P000036,2025-10-14T09:15:00,2,111.42,222.84,0.0,46.8,4.24,273.88,EUR,delivered
O0003469,NL-202504-39682,C000696,S00010,P000201,2025-10-14T09:15:00,1,334.46,334.46,16.72,66.73,6.48,390.95,EUR,delivered
O0003470,NL-202504-39682,C000696,S00010,P000032,2025-10-14T09:15:00,1,133.29,133.29,0.0,27.99,7.54,168.82,EUR,delivered
O0003471,CH-202404-43647,C000101,S00018,P000012,2024-06-06T09:41:29,1,46.98,46.98,0.0,3.76,5.58,56.32,EUR,delivered
O0003472,SE-202305-76542,C000466,S00015,P000207,2025-02-09T08:50:43,3,99.79,299.37,0.0,74.84,0.0,374.21,EUR,delivered
O0003473,SE-202305-76542,C000466,S00015,P000089,2025-02-09T08:50:43,1,169.74,169.74,0.0,42.44,0.0,212.18,EUR,delivered
O0003474,SE-202210-32204,C000466,S00015,P000239,2025-01-21T13:08:51,3,17.16,51.48,0.0,12.87,0.0,64.35,EUR,delivered
O0003475,SE-202412-29056,C000466,S00016,P000112,2025-09-13T09:41:51,4,516.32,2065.28,0.0,516.32,11.64,2593.24,EUR,delivered
O0003476,DE-202304-41329,C000747,S00006,P000023,2025-12-14T17:19:57,1,177.33,177.33,0.0,33.69,12.66,223.68,EUR,delivered
O0003477,NL-202207-97619,C000198,S00009,P000103,2025-12-06T19:49:23,1,64.65,64.65,0.0,13.58,0.0,78.23,EUR,delivered
O0003478,NL-202504-97604,C000198,S00009,P000107,2025-07-24T10:13:16,3,128.6,385.8,19.29,76.97,0.0,443.48,EUR,delivered
O0003479,NL-202504-97604,C000198,S00009,P000176,2025-07-24T10:13:16,2,29.47,58.94,2.95,11.76,0.0,67.75,EUR,delivered
O0003480,UK-202508-98528,C000597,S00019,P000237,2025-09-27T18:03:04,2,57.39,114.78,0.0,22.96,6.39,144.13,EUR,delivered
O0003481,UK-202508-98528,C000597,S00019,P000190,2025-09-27T18:03:04,3,401.18,1203.54,0.0,240.71,4.3,1448.55,EUR,delivered
O0003482,UK-202508-98528,C000597,S00019,P000155,2025-09-27T18:03:04,1,137.26,137.26,20.59,23.33,0.0,140.0,EUR,delivered
O0003483,UK-202512-94740,C000597,S00019,P000197,2025-12-03T16:05:53,1,107.42,107.42,5.37,20.41,4.21,126.67,EUR,delivered
O0003484,UK-202512-94740,C000597,S00019,P000250,2025-12-03T16:05:53,2,159.1,318.2,0.0,63.64,0.0,381.84,EUR,delivered
O0003485,UK-202209-51588,C000597,S00019,P000013,2025-12-02T16:56:08,4,136.41,545.64,0.0,109.13,0.0,654.77,EUR,delivered
O0003486,UK-202209-51588,C000597,S00019,P000086,2025-12-02T16:56:08,1,157.65,157.65,0.0,31.53,0.0,189.18,EUR,delivered
O0003487,DE-202502-22545,C000734,S00006,P000199,2024-07-15T18:28:09,1,65.06,65.06,0.0,12.36,6.77,84.19,EUR,delivered
O0003488,NL-202405-26739,C000336,S00009,P000041,2023-09-10T18:01:03,2,103.12,206.24,0.0,43.31,7.77,257.32,EUR,delivered
O0003489,NL-202405-26739,C000336,S00009,P000229,2023-09-10T18:01:03,2,30.6,61.2,6.12,11.57,0.0,66.65,EUR,delivered
O0003490,NL-202310-13535,C000336,S00009,P000237,2025-02-12T18:46:48,1,56.32,56.32,0.0,11.83,0.0,68.15,EUR,delivered
O0003491,NL-202310-13535,C000336,S00009,P000188,2025-02-12T18:46:48,1,273.91,273.91,13.7,54.64,6.61,321.46,EUR,delivered
O0003492,NL-202503-76190,C000783,S00010,P000111,2025-07-22T14:50:22,3,726.88,2180.64,0.0,457.93,9.41,2647.98,EUR,delivered
O0003493,NL-202503-76190,C000783,S00010,P000174,2025-07-22T14:50:22,2,138.01,276.02,0.0,57.96,10.13,344.11,EUR,delivered
O0003494,NL-202209-76136,C000783,S00010,P000133,2025-07-24T16:58:11,2,40.28,80.56,4.03,16.07,11.46,104.06,EUR,delivered
O0003495,NL-202209-76136,C000783,S00010,P000215,2025-07-24T16:58:11,1,69.77,69.77,0.0,14.65,10.13,94.55,EUR,delivered
O0003496,NL-202209-76136,C000783,S00010,P000171,2025-07-24T16:58:11,1,45.6,45.6,0.0,9.58,7.24,62.42,EUR,delivered
O0003497,UK-202407-93235,C000254,S00019,P000079,2025-10-19T13:55:26,2,64.1,128.2,0.0,25.64,0.0,153.84,EUR,delivered
O0003498,UK-202308-23029,C000675,S00020,P000220,2024-11-30T13:03:50,1,36.52,36.52,5.48,6.21,12.15,49.4,EUR,delivered
O0003499,UK-202308-23029,C000675,S00020,P000168,2024-11-30T13:03:50,1,261.67,261.67,26.17,47.1,12.19,294.79,EUR,delivered
O0003500,DE-202505-37283,C000387,S00005,P000250,2024-12-20T12:58:34,1,144.84,144.84,0.0,27.52,0.0,172.36,EUR,delivered
O0003501,PL-202405-11707,C000144,S00012,P000164,2025-12-01T17:30:05,1,339.52,339.52,0.0,78.09,7.57,425.18,EUR,delivered
O0003502,PL-202405-11707,C000144,S00012,P000188,2025-12-01T17:30:05,3,269.88,809.64,121.45,158.28,4.64,851.11,EUR,delivered
O0003503,PL-202405-11707,C000144,S00012,P000001,2025-12-01T17:30:05,1,215.57,215.57,0.0,49.58,5.12,270.27,EUR,delivered
O0003504,PL-202502-93705,C000144,S00012,P000123,2025-12-06T12:30:04,1,147.21,147.21,7.36,32.17,4.21,176.23,EUR,delivered
O0003505,PL-202502-93705,C000144,S00012,P000144,2025-12-06T12:30:04,1,157.05,157.05,15.71,32.51,10.85,184.7,EUR,delivered
O0003506,PL-202502-93705,C000144,S00012,P000087,2025-12-06T12:30:04,1,73.25,73.25,0.0,16.85,7.47,97.57,EUR,delivered
O0003507,PL-202502-93705,C000144,S00012,P000111,2025-12-06T12:30:04,2,696.42,1392.84,0.0,320.35,6.96,1720.15,EUR,delivered
O0003508,CH-202201-74525,C000642,S00018,P000066,2025-09-25T14:56:24,1,198.83,198.83,0.0,15.91,9.0,223.74,EUR,delivered
O0003509,CH-202201-74525,C000642,S00018,P000239,2025-09-25T14:56:24,2,17.08,34.16,0.0,2.73,5.9,42.79,EUR,delivered
O0003510,CH-202407-43047,C000642,S00018,P000108,2024-04-24T14:03:50,4,95.76,383.04,38.3,27.58,8.75,381.07,EUR,delivered
O0003511,DE-202302-43506,C000292,S00005,P000007,2023-10-12T08:29:10,3,177.05,531.15,26.56,95.87,6.27,606.73,EUR,delivered
O0003512,DE-202302-43506,C000292,S00005,P000167,2023-10-12T08:29:10,1,62.42,62.42,3.12,11.27,0.0,70.57,EUR,delivered
O0003513,DE-202302-43506,C000292,S00005,P000118,2023-10-12T08:29:10,2,87.68,175.36,8.77,31.65,0.0,198.24,EUR,delivered
O0003514,DE-202408-57796,C000292,S00006,P000158,2023-06-13T11:51:46,3,246.05,738.15,0.0,140.25,10.54,888.94,EUR,delivered
O0003515,DE-202408-89063,C000292,S00005,P000211,2025-08-16T20:39:45,3,235.55,706.65,0.0,134.26,5.0,845.91,EUR,delivered
O0003516,DE-202408-89063,C000292,S00005,P000054,2025-08-16T20:39:45,1,113.28,113.28,0.0,21.52,0.0,134.8,EUR,delivered
O0003517,FR-202304-44676,C000307,S00003,P000214,2023-07-27T16:11:01,4,132.57,530.28,0.0,106.06,0.0,636.34,EUR,delivered
O0003518,FR-202304-44676,C000307,S00003,P000001,2023-07-27T16:11:01,1,212.51,212.51,0.0,42.5,6.94,261.95,EUR,delivered
O0003519,FR-202304-44676,C000307,S00003,P000039,2023-07-27T16:11:01,1,416.87,416.87,0.0,83.37,0.0,500.24,EUR,delivered
O0003520,UK-202208-28489,C000359,S00019,P000119,2025-06-16T20:22:32,4,115.67,462.68,69.4,78.66,7.32,479.26,EUR,delivered
O0003521,UK-202212-43847,C000359,S00019,P000020,2025-12-19T16:45:27,1,105.75,105.75,10.58,19.03,0.0,114.2,EUR,delivered
O0003522,UK-202212-43847,C000359,S00019,P000042,2025-12-19T16:45:27,5,32.32,161.6,8.08,30.7,3.62,187.84,EUR,delivered
O0003523,UK-202212-43847,C000359,S00019,P000092,2025-12-19T16:45:27,1,135.71,135.71,6.79,25.78,0.0,154.7,EUR,delivered
O0003524,FR-202210-79573,C000240,S00003,P000230,2025-12-01T14:57:27,1,90.63,90.63,0.0,18.13,0.0,108.76,EUR,delivered
O0003525,FR-202210-79573,C000240,S00003,P000032,2025-12-01T14:57:27,1,132.77,132.77,0.0,26.55,0.0,159.32,EUR,delivered
O0003526,FR-202210-79573,C000240,S00003,P000084,2025-12-01T14:57:27,2,58.03,116.06,17.41,19.73,3.49,121.87,EUR,delivered
O0003527,FR-202210-79573,C000240,S00003,P000234,2025-12-01T14:57:27,1,15.39,15.39,1.54,2.77,5.13,21.75,EUR,delivered
O0003528,FR-202404-93335,C000240,S00004,P000233,2025-12-26T13:11:20,3,15.5,46.5,0.0,9.3,8.33,64.13,EUR,delivered
O0003529,FR-202404-93335,C000240,S00004,P000135,2025-12-26T13:11:20,2,199.07,398.14,0.0,79.63,4.79,482.56,EUR,delivered
O0003530,NL-202501-39432,C000610,S00009,P000025,2025-05-02T18:30:47,2,612.07,1224.14,183.62,218.51,6.97,1266.0,EUR,delivered
O0003531,NL-202501-39432,C000610,S00009,P000170,2025-05-02T18:30:47,3,163.47,490.41,73.56,87.54,0.0,504.39,EUR,delivered
O0003532,NL-202501-39432,C000610,S00009,P000005,2025-05-02T18:30:47,2,256.72,513.44,25.67,102.43,3.69,593.89,EUR,delivered
O0003533,IT-202211-50233,C000547,S00008,P000023,2024-03-05T19:37:26,2,173.31,346.62,51.99,64.82,7.09,366.54,EUR,delivered
O0003534,ES-202304-76207,C000580,S00014,P000244,2025-02-13T20:43:52,1,174.33,174.33,8.72,34.78,8.57,208.96,EUR,delivered
O0003535,ES-202304-76207,C000580,S00014,P000227,2025-02-13T20:43:52,1,151.99,151.99,0.0,31.92,4.47,188.38,EUR,delivered
O0003536,ES-202301-85456,C000580,S00013,P000050,2025-12-18T18:33:13,3,34.87,104.61,0.0,21.97,0.0,126.58,EUR,delivered
O0003537,DE-202212-78459,C000596,S00006,P000037,2024-12-13T20:58:15,3,11.76,35.28,1.76,6.37,8.16,48.05,EUR,delivered
O0003538,DE-202302-80356,C000596,S00006,P000033,2023-11-29T17:26:18,1,109.29,109.29,5.46,19.73,8.69,132.25,EUR,delivered
O0003539,DE-202302-80356,C000596,S00006,P000161,2023-11-29T17:26:18,1,368.7,368.7,0.0,70.05,9.24,447.99,EUR,delivered
O0003540,DE-202402-65132,C000596,S00005,P000132,2024-12-31T08:35:19,1,147.12,147.12,0.0,27.95,0.0,175.07,EUR,delivered
O0003541,SE-202203-54252,C000242,S00015,P000101,2025-11-10T16:58:29,1,41.62,41.62,0.0,10.41,0.0,52.03,EUR,delivered
O0003542,SE-202405-71290,C000242,S00016,P000154,2025-11-21T20:08:19,1,133.81,133.81,6.69,31.78,7.7,166.6,EUR,delivered
O0003543,UK-202302-72477,C000348,S00020,P000159,2024-03-28T11:23:44,1,92.49,92.49,4.62,17.57,11.5,116.94,EUR,delivered
O0003544,UK-202302-72477,C000348,S00020,P000073,2024-03-28T11:23:44,1,195.23,195.23,9.76,37.09,7.95,230.51,EUR,delivered
O0003545,UK-202412-79015,C000348,S00019,P000029,2024-04-01T12:34:29,1,139.9,139.9,0.0,27.98,0.0,167.88,EUR,delivered
O0003546,UK-202412-79015,C000348,S00019,P000137,2024-04-01T12:34:29,2,131.38,262.76,0.0,52.55,0.0,315.31,EUR,delivered
O0003547,SE-202305-57488,C000465,S00015,P000097,2025-06-15T20:48:34,1,321.49,321.49,0.0,80.37,0.0,401.86,EUR,delivered
O0003548,SE-202305-57488,C000465,S00015,P000005,2025-06-15T20:48:34,1,274.82,274.82,0.0,68.71,0.0,343.53,EUR,delivered
O0003549,SE-202402-23526,C000465,S00015,P000055,2024-11-11T12:43:49,2,36.92,73.84,0.0,18.46,0.0,92.3,EUR,delivered
O0003550,SE-202402-23526,C000465,S00015,P000161,2024-11-11T12:43:49,3,342.15,1026.45,51.32,243.78,0.0,1218.91,EUR,delivered
O0003551,FR-202409-11074,C000006,S00003,P000123,2025-12-05T09:08:56,1,159.49,159.49,23.92,27.11,0.0,162.68,EUR,delivered
O0003552,FR-202409-11074,C000006,S00003,P000026,2025-12-05T09:08:56,3,818.85,2456.55,0.0,491.31,4.4,2952.26,EUR,delivered
O0003553,UK-202510-43083,C000587,S00019,P000222,2024-12-19T16:01:50,1,62.33,62.33,6.23,11.22,0.0,67.32,EUR,delivered
O0003554,UK-202510-43083,C000587,S00019,P000135,2024-12-19T16:01:50,1,197.2,197.2,0.0,39.44,0.0,236.64,EUR,delivered
O0003555,UK-202510-43083,C000587,S00019,P000185,2024-12-19T16:01:50,1,148.61,148.61,0.0,29.72,0.0,178.33,EUR,delivered
O0003556,UK-202406-26613,C000587,S00020,P000042,2025-05-24T15:08:33,2,30.89,61.78,0.0,12.36,12.91,87.05,EUR,delivered
O0003557,UK-202201-82669,C000587,S00019,P000132,2025-08-23T08:42:55,2,144.09,288.18,14.41,54.75,0.0,328.52,EUR,delivered
O0003558,UK-202404-69777,C000306,S00019,P000198,2025-12-28T16:47:30,2,207.7,415.4,20.77,78.93,0.0,473.56,EUR,delivered
O0003559,UK-202404-69777,C000306,S00019,P000165,2025-12-28T16:47:30,1,292.18,292.18,29.22,52.59,0.0,315.55,EUR,delivered
O0003560,UK-202510-32289,C000306,S00019,P000098,2025-12-13T17:29:24,5,122.64,613.2,0.0,122.64,0.0,735.84,EUR,delivered
O0003561,UK-202510-32289,C000306,S00019,P000028,2025-12-13T17:29:24,1,97.91,97.91,4.9,18.6,0.0,111.61,EUR,delivered
O0003562,UK-202510-32289,C000306,S00019,P000066,2025-12-13T17:29:24,2,218.49,436.98,0.0,87.4,5.96,530.34,EUR,delivered
O0003563,UK-202510-32289,C000306,S00019,P000087,2025-12-13T17:29:24,3,76.34,229.02,11.45,43.51,0.0,261.08,EUR,delivered
O0003564,UK-202409-41157,C000306,S00020,P000226,2025-06-15T14:12:35,1,81.32,81.32,0.0,16.26,7.15,104.73,EUR,delivered
O0003565,UK-202409-41157,C000306,S00020,P000207,2025-06-15T14:12:35,1,104.34,104.34,5.22,19.82,10.71,129.65,EUR,delivered
O0003566,ES-202306-57610,C000460,S00014,P000064,2025-12-08T10:57:32,2,90.02,180.04,0.0,37.81,7.9,225.75,EUR,delivered
O0003567,ES-202306-57610,C000460,S00014,P000165,2025-12-08T10:57:32,2,290.51,581.02,0.0,122.01,12.18,715.21,EUR,delivered
O0003568,ES-202506-37257,C000460,S00013,P000147,2025-11-06T17:26:05,2,187.72,375.44,18.77,74.9,7.11,438.68,EUR,delivered
O0003569,ES-202402-66176,C000460,S00014,P000116,2025-07-06T18:10:41,2,109.83,219.66,10.98,43.82,10.2,262.7,EUR,delivered
O0003570,ES-202406-44505,C000460,S00013,P000129,2025-09-07T17:07:30,1,340.98,340.98,0.0,71.61,0.0,412.59,EUR,delivered
O0003571,ES-202406-44505,C000460,S00013,P000084,2025-09-07T17:07:30,1,55.9,55.9,5.59,10.57,0.0,60.88,EUR,delivered
O0003572,ES-202506-80787,C000460,S00013,P000167,2025-11-06T08:53:03,3,56.36,169.08,16.91,31.96,0.0,184.13,EUR,delivered
O0003573,ES-202506-80787,C000460,S00013,P000089,2025-11-06T08:53:03,1,173.42,173.42,8.67,34.6,0.0,199.35,EUR,delivered
O0003574,ES-202411-29249,C000460,S00013,P000105,2025-06-20T19:48:23,1,113.98,113.98,5.7,22.74,0.0,131.02,EUR,delivered
O0003575,ES-202411-29249,C000460,S00013,P000007,2025-06-20T19:48:23,1,172.42,172.42,0.0,36.21,4.89,213.52,EUR,delivered
O0003576,ES-202411-29249,C000460,S00013,P000173,2025-06-20T19:48:23,1,360.39,360.39,0.0,75.68,0.0,436.07,EUR,delivered
O0003577,ES-202408-98917,C000460,S00013,P000098,2025-01-10T13:07:36,3,127.51,382.53,0.0,80.33,0.0,462.86,EUR,delivered
O0003578,ES-202408-98917,C000460,S00013,P000164,2025-01-10T13:07:36,2,356.43,712.86,106.93,127.25,7.48,740.66,EUR,delivered
O0003579,ES-202409-72810,C000460,S00014,P000133,2025-08-13T11:57:03,1,41.13,41.13,4.11,7.77,10.06,54.85,EUR,delivered
O0003580,ES-202409-72810,C000460,S00014,P000083,2025-08-13T11:57:03,1,113.34,113.34,0.0,23.8,6.39,143.53,EUR,delivered
O0003581,ES-202409-72810,C000460,S00014,P000033,2025-08-13T11:57:03,1,110.96,110.96,5.55,22.14,8.53,136.08,EUR,delivered
O0003582,ES-202409-72810,C000460,S00014,P000135,2025-08-13T11:57:03,3,205.3,615.9,0.0,129.34,10.09,755.33,EUR,delivered
O0003583,ES-202304-12019,C000460,S00014,P000196,2025-09-10T13:29:15,1,64.11,64.11,3.21,12.79,5.68,79.37,EUR,delivered
O0003584,ES-202507-55117,C000460,S00014,P000140,2025-11-17T13:08:21,3,107.18,321.54,16.08,64.15,7.83,377.44,EUR,delivered
O0003585,ES-202507-55117,C000460,S00014,P000236,2025-11-17T13:08:21,1,79.41,79.41,0.0,16.68,8.72,104.81,EUR,delivered
O0003586,ES-202505-76866,C000460,S00014,P000064,2025-03-25T08:03:11,2,83.74,167.48,0.0,35.17,6.56,209.21,EUR,delivered
O0003587,ES-202403-86672,C000460,S00014,P000070,2025-11-04T16:18:18,2,13.52,27.04,0.0,5.68,10.7,43.42,EUR,delivered
O0003588,ES-202403-86672,C000460,S00014,P000030,2025-11-04T16:18:18,1,688.48,688.48,0.0,144.58,9.42,842.48,EUR,delivered
O0003589,ES-202411-23881,C000460,S00013,P000162,2025-03-28T14:41:07,3,166.52,499.56,0.0,104.91,0.0,604.47,EUR,delivered
O0003590,UK-202403-33352,C000128,S00019,P000168,2024-09-15T18:09:18,1,284.63,284.63,0.0,56.93,0.0,341.56,EUR,delivered
O0003591,UK-202202-59470,C000128,S00020,P000209,2025-10-13T12:52:12,1,127.17,127.17,12.72,22.89,8.67,146.01,EUR,delivered
O0003592,ES-202308-23023,C000049,S00014,P000250,2025-11-10T17:49:17,2,159.12,318.24,0.0,66.83,12.53,397.6,EUR,delivered
O0003593,ES-202308-23023,C000049,S00014,P000051,2025-11-10T17:49:17,1,13.59,13.59,0.0,2.85,4.72,21.16,EUR,delivered
O0003594,ES-202212-79002,C000049,S00014,P000135,2025-08-13T19:20:33,2,191.14,382.28,0.0,80.28,10.52,473.08,EUR,delivered
O0003595,ES-202212-79002,C000049,S00014,P000047,2025-08-13T19:20:33,3,155.94,467.82,0.0,98.24,4.32,570.38,EUR,delivered
O0003596,ES-202206-35390,C000049,S00013,P000123,2025-12-30T08:23:20,3,167.84,503.52,0.0,105.74,7.62,616.88,EUR,delivered
O0003597,ES-202206-35390,C000049,S00013,P000016,2025-12-30T08:23:20,2,306.48,612.96,91.94,109.41,0.0,630.43,EUR,delivered
O0003598,ES-202406-84092,C000049,S00013,P000130,2025-05-31T16:05:14,1,49.47,49.47,2.47,9.87,4.2,61.07,EUR,delivered
O0003599,SE-202402-32419,C000127,S00015,P000092,2025-01-30T19:11:12,1,146.64,146.64,0.0,36.66,0.0,183.3,EUR,delivered
O0003600,SE-202502-23320,C000127,S00016,P000026,2025-11-14T15:17:49,2,899.64,1799.28,0.0,449.82,7.69,2256.79,EUR,delivered
O0003601,SE-202308-17170,C000127,S00015,P000032,2024-11-14T12:40:57,2,151.48,302.96,0.0,75.74,4.36,383.06,EUR,delivered
O0003602,SE-202308-17170,C000127,S00015,P000187,2024-11-14T12:40:57,1,21.45,21.45,0.0,5.36,0.0,26.81,EUR,delivered
O0003603,SE-202308-17170,C000127,S00015,P000011,2024-11-14T12:40:57,5,192.42,962.1,144.32,204.45,0.0,1022.23,EUR,delivered
O0003604,SE-202308-17170,C000127,S00015,P000095,2024-11-14T12:40:57,2,347.78,695.56,0.0,173.89,0.0,869.45,EUR,delivered
O0003605,SE-202310-81733,C000127,S00016,P000182,2025-11-13T13:09:06,1,48.32,48.32,7.25,10.27,6.04,57.38,EUR,delivered
O0003606,SE-202402-72239,C000127,S00015,P000064,2025-01-22T14:59:32,2,87.95,175.9,0.0,43.98,0.0,219.88,EUR,delivered
O0003607,SE-202211-28574,C000127,S00015,P000009,2025-01-12T15:09:56,1,154.6,154.6,0.0,38.65,4.18,197.43,EUR,delivered
O0003608,SE-202502-25194,C000127,S00015,P000152,2024-11-30T12:23:41,3,34.19,102.57,0.0,25.64,0.0,128.21,EUR,delivered
O0003609,SE-202502-25194,C000127,S00015,P000118,2024-11-30T12:23:41,1,83.69,83.69,0.0,20.92,7.95,112.56,EUR,delivered
O0003610,SE-202304-53839,C000127,S00016,P000132,2025-03-25T16:23:37,1,148.8,148.8,0.0,37.2,7.94,193.94,EUR,delivered
O0003611,SE-202304-53839,C000127,S00016,P000039,2025-03-25T16:23:37,1,414.61,414.61,0.0,103.65,4.38,522.64,EUR,delivered
O0003612,ES-202412-57129,C000363,S00014,P000157,2025-08-08T11:58:33,2,150.31,300.62,0.0,63.13,4.0,367.75,EUR,delivered
O0003613,ES-202401-49843,C000363,S00014,P000078,2025-10-31T13:01:06,2,100.49,200.98,10.05,40.1,8.63,239.66,EUR,delivered
O0003614,ES-202401-49843,C000363,S00014,P000083,2025-10-31T13:01:06,2,112.37,224.74,11.24,44.84,9.8,268.14,EUR,delivered
O0003615,IT-202409-62023,C000784,S00008,P000059,2023-10-06T10:18:11,1,292.17,292.17,0.0,64.28,4.94,361.39,EUR,delivered
O0003616,IT-202207-83885,C000784,S00008,P000149,2025-04-22T11:24:48,2,127.44,254.88,0.0,56.07,6.7,317.65,EUR,delivered
O0003617,IT-202301-30183,C000784,S00008,P000171,2023-08-28T10:13:10,2,43.3,86.6,4.33,18.1,5.17,105.54,EUR,delivered
O0003618,IT-202301-30183,C000784,S00008,P000230,2023-08-28T10:13:10,1,84.02,84.02,0.0,18.48,6.34,108.84,EUR,delivered
O0003619,IT-202303-47649,C000784,S00007,P000004,2023-01-29T19:08:49,1,333.74,333.74,0.0,73.42,0.0,407.16,EUR,delivered
O0003620,IT-202303-47649,C000784,S00007,P000024,2023-01-29T19:08:49,2,150.43,300.86,0.0,66.19,0.0,367.05,EUR,delivered
O0003621,IT-202510-22567,C000784,S00007,P000030,2023-07-15T10:38:20,1,748.56,748.56,0.0,164.68,0.0,913.24,EUR,delivered
O0003622,IT-202510-22567,C000784,S00007,P000236,2023-07-15T10:38:20,1,72.47,72.47,0.0,15.94,6.76,95.17,EUR,delivered
O0003623,IT-202510-22567,C000784,S00007,P000250,2023-07-15T10:38:20,3,154.9,464.7,0.0,102.23,0.0,566.93,EUR,delivered
O0003624,IT-202510-22567,C000784,S00007,P000046,2023-07-15T10:38:20,1,78.56,78.56,7.86,15.55,0.0,86.25,EUR,delivered
O0003625,IT-202301-94140,C000784,S00008,P000094,2024-12-05T14:15:57,3,38.0,114.0,0.0,25.08,8.22,147.3,EUR,delivered
O0003626,IT-202301-94140,C000784,S00008,P000032,2024-12-05T14:15:57,2,141.94,283.88,0.0,62.45,12.38,358.71,EUR,delivered
O0003627,IT-202301-94140,C000784,S00008,P000238,2024-12-05T14:15:57,2,306.85,613.7,0.0,135.01,6.61,755.32,EUR,delivered
O0003628,IT-202512-69044,C000784,S00008,P000238,2024-11-06T19:11:44,1,299.7,299.7,0.0,65.93,5.43,371.06,EUR,delivered
O0003629,IT-202303-79478,C000784,S00007,P000233,2024-06-21T20:05:12,1,14.79,14.79,2.22,2.77,0.0,15.34,EUR,delivered
O0003630,IT-202303-79478,C000784,S00007,P000044,2024-06-21T20:05:12,1,29.4,29.4,0.0,6.47,7.59,43.46,EUR,delivered
O0003631,IT-202212-22569,C000784,S00008,P000148,2023-06-01T12:21:59,1,162.93,162.93,0.0,35.84,10.07,208.84,EUR,delivered
O0003632,IT-202310-39713,C000784,S00008,P000049,2023-12-19T10:44:39,1,278.94,278.94,0.0,61.37,7.07,347.38,EUR,delivered
O0003633,IT-202310-39713,C000784,S00008,P000240,2023-12-19T10:44:39,3,451.91,1355.73,135.57,268.44,6.1,1494.7,EUR,delivered
O0003634,IT-202509-94401,C000784,S00008,P000059,2023-06-09T20:59:39,1,310.89,310.89,0.0,68.4,9.04,388.33,EUR,delivered
O0003635,IT-202410-55294,C000784,S00007,P000032,2025-01-11T10:22:51,1,132.75,132.75,0.0,29.21,0.0,161.96,EUR,delivered
O0003636,IT-202410-55294,C000784,S00007,P000045,2025-01-11T10:22:51,3,205.01,615.03,0.0,135.31,0.0,750.34,EUR,delivered
O0003637,IT-202410-55294,C000784,S00007,P000176,2025-01-11T10:22:51,3,31.08,93.24,0.0,20.51,0.0,113.75,EUR,delivered
O0003638,IT-202403-91234,C000784,S00007,P000091,2024-08-12T19:23:41,2,51.34,102.68,0.0,22.59,3.69,128.96,EUR,delivered
O0003639,SE-202212-32637,C000643,S00016,P000178,2025-02-08T13:51:51,1,459.6,459.6,22.98,109.16,12.02,557.8,EUR,delivered
O0003640,SE-202212-32637,C000643,S00016,P000225,2025-02-08T13:51:51,3,34.64,103.92,0.0,25.98,9.87,139.77,EUR,delivered
O0003641,PL-202203-65419,C000266,S00012,P000235,2024-10-25T18:32:01,2,42.27,84.54,0.0,19.44,4.31,108.29,EUR,delivered
O0003642,PL-202203-65419,C000266,S00012,P000208,2024-10-25T18:32:01,1,102.53,102.53,0.0,23.58,6.59,132.7,EUR,delivered
O0003643,PL-202203-65419,C000266,S00012,P000239,2024-10-25T18:32:01,2,18.94,37.88,5.68,7.41,5.39,45.0,EUR,delivered
O0003644,PL-202506-45475,C000750,S00011,P000074,2025-12-21T18:04:18,2,330.11,660.22,0.0,151.85,0.0,812.07,EUR,delivered
O0003645,PL-202506-45475,C000750,S00011,P000015,2025-12-21T18:04:18,3,49.83,149.49,0.0,34.38,0.0,183.87,EUR,delivered
O0003646,PL-202506-45475,C000750,S00011,P000168,2025-12-21T18:04:18,2,259.01,518.02,51.8,107.23,0.0,573.45,EUR,delivered
O0003647,PL-202506-45475,C000750,S00011,P000225,2025-12-21T18:04:18,1,37.67,37.67,0.0,8.66,4.82,51.15,EUR,delivered
O0003648,PL-202212-34423,C000750,S00011,P000069,2023-09-15T20:25:17,1,58.1,58.1,0.0,13.36,0.0,71.46,EUR,delivered
O0003649,PL-202212-34423,C000750,S00011,P000137,2023-09-15T20:25:17,1,137.95,137.95,0.0,31.73,3.18,172.86,EUR,delivered
O0003650,IT-202208-78708,C000062,S00007,P000250,2025-01-31T19:02:06,5,153.2,766.0,0.0,168.52,0.0,934.52,EUR,delivered
O0003651,IT-202403-23734,C000062,S00007,P000069,2024-05-06T19:37:41,2,61.6,123.2,6.16,25.75,3.3,146.09,EUR,delivered
O0003652,IT-202312-35210,C000062,S00007,P000051,2025-11-12T10:01:18,1,13.25,13.25,0.0,2.92,0.0,16.17,EUR,delivered
O0003653,IT-202312-35210,C000062,S00007,P000179,2025-11-12T10:01:18,1,57.48,57.48,5.75,11.38,4.02,67.13,EUR,delivered
O0003654,IT-202206-58558,C000062,S00007,P000079,2022-12-11T19:33:32,1,62.07,62.07,9.31,11.61,0.0,64.37,EUR,delivered
O0003655,IT-202206-58558,C000062,S00007,P000097,2022-12-11T19:33:32,1,308.94,308.94,0.0,67.97,0.0,376.91,EUR,delivered
O0003656,IT-202206-62840,C000062,S00007,P000119,2023-12-10T12:46:08,2,108.35,216.7,0.0,47.67,3.6,267.97,EUR,delivered
O0003657,IT-202206-62840,C000062,S00007,P000173,2023-12-10T12:46:08,1,360.69,360.69,0.0,79.35,7.22,447.26,EUR,delivered
O0003658,IT-202206-62840,C000062,S00007,P000016,2023-12-10T12:46:08,1,316.49,316.49,0.0,69.63,0.0,386.12,EUR,delivered
O0003659,IT-202207-23767,C000062,S00008,P000238,2023-03-10T12:44:55,1,319.71,319.71,0.0,70.34,8.48,398.53,EUR,delivered
O0003660,IT-202207-23767,C000062,S00008,P000087,2023-03-10T12:44:55,1,67.68,67.68,0.0,14.89,6.89,89.46,EUR,delivered
O0003661,IT-202209-94928,C000062,S00008,P000137,2025-08-08T19:11:19,2,136.3,272.6,0.0,59.97,6.85,339.42,EUR,delivered
O0003662,IT-202209-94928,C000062,S00008,P000109,2025-08-08T19:11:19,4,120.36,481.44,0.0,105.92,4.88,592.24,EUR,delivered
O0003663,IT-202209-94928,C000062,S00008,P000199,2025-08-08T19:11:19,1,71.4,71.4,3.57,14.92,9.51,92.26,EUR,delivered
O0003664,IT-202302-87434,C000062,S00007,P000127,2025-04-11T08:51:38,2,434.16,868.32,86.83,171.93,0.0,953.42,EUR,delivered
O0003665,IT-202302-87434,C000062,S00007,P000041,2025-04-11T08:51:38,2,103.6,207.2,10.36,43.3,3.91,244.05,EUR,delivered
O0003666,AT-202505-20076,C000791,S00002,P000065,2025-08-31T12:39:09,3,228.42,685.26,0.0,137.05,9.79,832.1,EUR,delivered
O0003667,AT-202505-20076,C000791,S00002,P000047,2025-08-31T12:39:09,1,158.01,158.01,7.9,30.02,9.62,189.75,EUR,delivered
O0003668,AT-202505-20076,C000791,S00002,P000178,2025-08-31T12:39:09,3,514.46,1543.38,154.34,277.81,8.93,1675.78,EUR,delivered
O0003669,AT-202201-53814,C000791,S00001,P000037,2024-07-09T19:08:44,1,12.15,12.15,0.0,2.43,0.0,14.58,EUR,delivered
O0003670,AT-202201-53814,C000791,S00001,P000067,2024-07-09T19:08:44,1,240.92,240.92,0.0,48.18,0.0,289.1,EUR,delivered
O0003671,AT-202201-53814,C000791,S00001,P000005,2024-07-09T19:08:44,1,277.28,277.28,0.0,55.46,0.0,332.74,EUR,delivered
O0003672,AT-202311-56990,C000791,S00001,P000249,2025-08-29T11:12:47,2,445.67,891.34,44.57,169.35,0.0,1016.12,EUR,delivered
O0003673,AT-202311-56990,C000791,S00001,P000113,2025-08-29T11:12:47,3,357.86,1073.58,0.0,214.72,0.0,1288.3,EUR,delivered
O0003674,AT-202311-56990,C000791,S00001,P000044,2025-08-29T11:12:47,3,33.74,101.22,0.0,20.24,6.66,128.12,EUR,delivered
O0003675,AT-202307-94464,C000791,S00002,P000147,2025-09-22T16:58:55,2,216.24,432.48,43.25,77.85,4.17,471.25,EUR,delivered
O0003676,AT-202401-98264,C000791,S00001,P000237,2022-09-13T17:11:42,3,54.8,164.4,0.0,32.88,5.08,202.36,EUR,delivered
O0003677,AT-202401-98264,C000791,S00001,P000120,2022-09-13T17:11:42,3,301.91,905.73,45.29,172.09,0.0,1032.53,EUR,delivered
O0003678,AT-202401-61265,C000791,S00002,P000085,2023-12-14T15:27:00,2,650.87,1301.74,130.17,234.31,10.1,1415.98,EUR,delivered
O0003679,AT-202401-61265,C000791,S00002,P000006,2023-12-14T15:27:00,1,366.18,366.18,0.0,73.24,9.59,449.01,EUR,delivered
O0003680,AT-202401-61265,C000791,S00002,P000162,2023-12-14T15:27:00,1,175.1,175.1,0.0,35.02,8.54,218.66,EUR,delivered
O0003681,AT-202206-58597,C000791,S00002,P000195,2023-08-25T09:37:36,1,131.09,131.09,0.0,26.22,7.34,164.65,EUR,delivered
O0003682,AT-202206-58597,C000791,S00002,P000213,2023-08-25T09:37:36,2,169.53,339.06,16.95,64.42,9.25,395.78,EUR,delivered
O0003683,AT-202208-62288,C000791,S00001,P000227,2022-12-07T18:32:07,1,145.57,145.57,0.0,29.11,0.0,174.68,EUR,delivered
O0003684,AT-202208-62288,C000791,S00001,P000154,2022-12-07T18:32:07,1,144.51,144.51,0.0,28.9,0.0,173.41,EUR,delivered
O0003685,AT-202202-72683,C000791,S00002,P000069,2023-10-09T08:44:42,3,60.8,182.4,0.0,36.48,11.36,230.24,EUR,delivered
O0003686,AT-202202-72683,C000791,S00002,P000208,2023-10-09T08:44:42,1,104.3,104.3,10.43,18.77,12.03,124.67,EUR,delivered
O0003687,AT-202202-72683,C000791,S00002,P000085,2023-10-09T08:44:42,2,621.37,1242.74,0.0,248.55,11.4,1502.69,EUR,delivered
O0003688,AT-202501-35930,C000791,S00001,P000090,2023-12-15T12:35:27,4,365.9,1463.6,73.18,278.08,0.0,1668.5,EUR,delivered
O0003689,AT-202501-35930,C000791,S00001,P000099,2023-12-15T12:35:27,1,55.89,55.89,0.0,11.18,7.88,74.95,EUR,delivered
O0003690,AT-202404-88440,C000791,S00001,P000011,2022-07-16T09:10:03,1,185.16,185.16,0.0,37.03,0.0,222.19,EUR,delivered
O0003691,AT-202404-88440,C000791,S00001,P000208,2022-07-16T09:10:03,1,99.71,99.71,4.99,18.94,0.0,113.66,EUR,delivered
O0003692,AT-202304-43696,C000791,S00001,P000087,2022-07-21T18:39:01,1,74.85,74.85,0.0,14.97,0.0,89.82,EUR,delivered
O0003693,AT-202304-43696,C000791,S00001,P000177,2022-07-21T18:39:01,1,89.18,89.18,8.92,16.05,0.0,96.31,EUR,delivered
O0003694,AT-202410-16288,C000791,S00002,P000224,2025-04-06T12:47:42,1,219.6,219.6,0.0,43.92,5.51,269.03,EUR,delivered
O0003695,AT-202410-16288,C000791,S00002,P000180,2025-04-06T12:47:42,1,81.4,81.4,0.0,16.28,7.87,105.55,EUR,delivered
O0003696,AT-202206-45201,C000791,S00001,P000163,2024-12-30T08:47:54,3,288.78,866.34,43.32,164.6,0.0,987.62,EUR,delivered
O0003697,AT-202212-79520,C000791,S00002,P000245,2024-06-04T20:25:57,2,161.85,323.7,0.0,64.74,9.25,397.69,EUR,delivered
O0003698,DE-202406-34928,C000754,S00005,P000102,2025-06-30T11:34:18,1,65.98,65.98,3.3,11.91,6.34,80.93,EUR,delivered
O0003699,DE-202406-34928,C000754,S00005,P000198,2025-06-30T11:34:18,2,236.98,473.96,0.0,90.05,0.0,564.01,EUR,delivered
O0003700,UK-202210-18118,C000433,S00020,P000111,2025-10-09T20:47:29,1,716.74,716.74,35.84,136.18,5.61,822.69,EUR,delivered
O0003701,UK-202210-18118,C000433,S00020,P000190,2025-10-09T20:47:29,2,345.5,691.0,0.0,138.2,9.33,838.53,EUR,delivered
O0003702,UK-202509-54812,C000433,S00019,P000199,2025-09-10T19:42:05,3,63.46,190.38,9.52,36.17,0.0,217.03,EUR,delivered
O0003703,UK-202512-10593,C000433,S00020,P000127,2025-06-12T14:57:27,1,413.58,413.58,20.68,78.58,11.62,483.1,EUR,delivered
O0003704,UK-202512-10593,C000433,S00020,P000157,2025-06-12T14:57:27,1,150.43,150.43,0.0,30.09,9.0,189.52,EUR,delivered
O0003705,UK-202512-10593,C000433,S00020,P000126,2025-06-12T14:57:27,1,350.84,350.84,35.08,63.15,9.64,388.55,EUR,delivered
O0003706,UK-202412-48611,C000433,S00020,P000223,2025-11-24T17:35:25,1,112.4,112.4,16.86,19.11,12.9,127.55,EUR,delivered
O0003707,FR-202209-25702,C000703,S00004,P000101,2025-11-13T14:02:08,1,44.49,44.49,2.22,8.45,6.0,56.72,EUR,delivered
O0003708,FR-202209-25702,C000703,S00004,P000083,2025-11-13T14:02:08,1,112.86,112.86,0.0,22.57,8.3,143.73,EUR,delivered
O0003709,FR-202510-23684,C000703,S00003,P000006,2025-11-26T19:31:33,1,383.69,383.69,19.18,72.9,7.55,444.96,EUR,delivered
O0003710,FR-202305-51776,C000703,S00003,P000087,2025-11-10T10:38:41,1,68.27,68.27,0.0,13.65,0.0,81.92,EUR,delivered
O0003711,FR-202305-51776,C000703,S00003,P000190,2025-11-10T10:38:41,1,372.99,372.99,37.3,67.14,0.0,402.83,EUR,delivered
O0003712,PL-202401-70012,C000248,S00012,P000089,2025-09-08T10:02:52,2,170.54,341.08,17.05,74.53,7.98,406.54,EUR,delivered
O0003713,PL-202508-68518,C000248,S00012,P000200,2025-01-18T17:12:47,3,11.12,33.36,1.67,7.29,10.41,49.39,EUR,delivered
O0003714,PL-202307-69289,C000248,S00011,P000118,2025-12-31T09:17:11,3,88.42,265.26,0.0,61.01,0.0,326.27,EUR,delivered
O0003715,PL-202307-69289,C000248,S00011,P000021,2025-12-31T09:17:11,1,112.41,112.41,0.0,25.85,6.96,145.22,EUR,delivered
O0003716,PL-202307-69289,C000248,S00011,P000089,2025-12-31T09:17:11,2,178.5,357.0,0.0,82.11,0.0,439.11,EUR,delivered
O0003717,PL-202307-69289,C000248,S00011,P000209,2025-12-31T09:17:11,1,115.68,115.68,0.0,26.61,0.0,142.29,EUR,delivered
O0003718,PL-202511-57406,C000248,S00012,P000229,2025-04-30T20:24:04,1,31.83,31.83,0.0,7.32,4.76,43.91,EUR,delivered
O0003719,PL-202505-13362,C000248,S00011,P000128,2025-11-29T17:09:20,1,147.87,147.87,0.0,34.01,0.0,181.88,EUR,delivered
O0003720,PL-202503-68472,C000248,S00011,P000082,2025-12-03T16:30:30,1,313.89,313.89,0.0,72.19,0.0,386.08,EUR,delivered
O0003721,PL-202503-68472,C000248,S00011,P000001,2025-12-03T16:30:30,1,218.12,218.12,0.0,50.17,3.02,271.31,EUR,delivered
O0003722,PL-202309-94868,C000248,S00011,P000242,2025-12-03T20:52:41,2,38.1,76.2,0.0,17.53,0.0,93.73,EUR,delivered
O0003723,PL-202309-94868,C000248,S00011,P000045,2025-12-03T20:52:41,2,198.24,396.48,39.65,82.07,0.0,438.9,EUR,delivered
O0003724,PL-202309-94868,C000248,S00011,P000055,2025-12-03T20:52:41,2,39.99,79.98,12.0,15.64,7.84,91.46,EUR,delivered
O0003725,PL-202310-68843,C000248,S00012,P000236,2025-07-24T11:25:42,1,68.76,68.76,0.0,15.81,7.93,92.5,EUR,delivered
O0003726,ES-202405-44074,C000265,S00014,P000246,2023-11-25T19:44:12,5,159.96,799.8,0.0,167.96,9.89,977.65,EUR,delivered
O0003727,ES-202405-44074,C000265,S00014,P000178,2023-11-25T19:44:12,1,503.28,503.28,0.0,105.69,11.5,620.47,EUR,delivered
O0003728,ES-202205-41456,C000265,S00014,P000088,2025-09-07T16:28:04,2,67.2,134.4,0.0,28.22,4.21,166.83,EUR,delivered
O0003729,ES-202205-41456,C000265,S00014,P000174,2025-09-07T16:28:04,3,147.18,441.54,22.08,88.09,12.08,519.63,EUR,delivered
O0003730,ES-202205-41456,C000265,S00014,P000057,2025-09-07T16:28:04,1,65.81,65.81,0.0,13.82,11.62,91.25,EUR,delivered
O0003731,ES-202401-30425,C000265,S00014,P000096,2025-03-30T12:44:27,2,35.55,71.1,0.0,14.93,9.59,95.62,EUR,delivered
O0003732,ES-202401-30425,C000265,S00014,P000182,2025-03-30T12:44:27,1,46.68,46.68,0.0,9.8,12.06,68.54,EUR,delivered
O0003733,ES-202411-32819,C000265,S00014,P000111,2023-09-25T20:29:06,1,691.67,691.67,69.17,130.73,4.76,757.99,EUR,delivered
O0003734,ES-202502-62908,C000265,S00013,P000021,2025-02-06T11:24:59,2,114.87,229.74,0.0,48.25,7.9,285.89,EUR,delivered
O0003735,ES-202502-62908,C000265,S00013,P000187,2025-02-06T11:24:59,3,21.1,63.3,6.33,11.96,0.0,68.93,EUR,delivered
O0003736,IT-202512-25766,C000607,S00008,P000137,2024-09-26T18:42:25,2,136.37,272.74,27.27,54.0,7.53,307.0,EUR,delivered
O0003737,IT-202512-25766,C000607,S00008,P000182,2024-09-26T18:42:25,4,43.97,175.88,0.0,38.69,6.8,221.37,EUR,delivered
O0003738,FR-202303-43768,C000553,S00004,P000173,2025-06-27T16:27:28,1,367.83,367.83,0.0,73.57,6.4,447.8,EUR,delivered
O0003739,FR-202408-89912,C000553,S00003,P000079,2025-01-14T13:44:11,1,62.77,62.77,9.42,10.67,0.0,64.02,EUR,delivered
O0003740,FR-202305-19198,C000553,S00003,P000120,2024-11-02T13:17:08,1,307.16,307.16,46.07,52.22,7.73,321.04,EUR,delivered
O0003741,FR-202305-19198,C000553,S00003,P000220,2024-11-02T13:17:08,2,39.31,78.62,0.0,15.72,0.0,94.34,EUR,delivered
O0003742,FR-202305-19198,C000553,S00003,P000190,2024-11-02T13:17:08,2,400.37,800.74,0.0,160.15,0.0,960.89,EUR,delivered
O0003743,FR-202305-19198,C000553,S00003,P000242,2024-11-02T13:17:08,1,39.13,39.13,5.87,6.65,0.0,39.91,EUR,delivered
O0003744,DE-202204-22739,C000029,S00006,P000073,2025-01-05T16:12:12,1,226.5,226.5,22.65,38.73,12.64,255.22,EUR,delivered
O0003745,ES-202304-32915,C000024,S00013,P000082,2025-11-13T13:19:44,3,274.54,823.62,0.0,172.96,4.78,1001.36,EUR,delivered
O0003746,ES-202508-15541,C000024,S00013,P000166,2025-12-18T15:00:23,1,227.45,227.45,0.0,47.76,0.0,275.21,EUR,delivered
O0003747,FR-202404-53221,C000164,S00004,P000155,2024-12-07T11:50:25,5,133.27,666.35,0.0,133.27,7.76,807.38,EUR,delivered
O0003748,FR-202404-53221,C000164,S00004,P000130,2024-12-07T11:50:25,3,50.19,150.57,7.53,28.61,10.46,182.11,EUR,delivered
O0003749,FR-202404-53221,C000164,S00004,P000202,2024-12-07T11:50:25,3,137.16,411.48,0.0,82.3,9.95,503.73,EUR,delivered
O0003750,FR-202303-64068,C000164,S00004,P000198,2025-03-13T18:01:24,2,210.99,421.98,0.0,84.4,5.25,511.63,EUR,delivered
O0003751,FR-202303-64068,C000164,S00004,P000068,2025-03-13T18:01:24,1,238.47,238.47,0.0,47.69,8.01,294.17,EUR,delivered
O0003752,FR-202303-64068,C000164,S00004,P000219,2025-03-13T18:01:24,4,277.74,1110.96,55.55,211.08,7.06,1273.55,EUR,delivered
O0003753,FR-202510-96992,C000164,S00004,P000126,2025-12-01T08:36:37,1,321.32,321.32,0.0,64.26,8.59,394.17,EUR,delivered
O0003754,FR-202510-96992,C000164,S00004,P000034,2025-12-01T08:36:37,2,314.58,629.16,0.0,125.83,10.8,765.79,EUR,delivered
O0003755,DE-202202-58376,C000651,S00005,P000074,2025-12-12T18:23:39,5,293.69,1468.45,0.0,279.01,6.61,1754.07,EUR,delivered
O0003756,DE-202509-14513,C000651,S00005,P000172,2024-04-14T08:00:55,1,230.07,230.07,0.0,43.71,7.5,281.28,EUR,delivered
O0003757,DE-202509-14513,C000651,S00005,P000175,2024-04-14T08:00:55,1,97.22,97.22,0.0,18.47,0.0,115.69,EUR,delivered
O0003758,DE-202509-14513,C000651,S00005,P000220,2024-04-14T08:00:55,1,35.62,35.62,1.78,6.43,0.0,40.27,EUR,delivered
O0003759,DE-202509-14513,C000651,S00005,P000131,2024-04-14T08:00:55,4,88.16,352.64,0.0,67.0,0.0,419.64,EUR,delivered
O0003760,DE-202310-20748,C000651,S00006,P000249,2025-06-14T09:38:24,2,405.23,810.46,0.0,153.99,4.58,969.03,EUR,delivered
O0003761,DE-202310-20748,C000651,S00006,P000157,2025-06-14T09:38:24,2,155.0,310.0,15.5,55.96,5.15,355.61,EUR,delivered
O0003762,DE-202310-20748,C000651,S00006,P000166,2025-06-14T09:38:24,3,237.0,711.0,106.65,114.83,6.71,725.89,EUR,delivered
O0003763,DE-202307-13284,C000651,S00005,P000085,2024-09-02T16:00:06,2,717.63,1435.26,0.0,272.7,0.0,1707.96,EUR,delivered
O0003764,DE-202307-13284,C000651,S00005,P000246,2024-09-02T16:00:06,1,174.21,174.21,0.0,33.1,3.97,211.28,EUR,delivered
O0003765,PL-202410-74605,C000349,S00011,P000093,2024-01-31T17:26:02,2,103.38,206.76,0.0,47.55,7.82,262.13,EUR,delivered
O0003766,PL-202410-74605,C000349,S00011,P000084,2024-01-31T17:26:02,2,64.07,128.14,6.41,28.0,5.72,155.45,EUR,delivered
O0003767,PL-202410-74605,C000349,S00011,P000203,2024-01-31T17:26:02,3,14.18,42.54,2.13,9.29,3.08,52.78,EUR,delivered
O0003768,PL-202410-74605,C000349,S00011,P000247,2024-01-31T17:26:02,2,185.43,370.86,0.0,85.3,0.0,456.16,EUR,delivered
O0003769,PL-202409-53314,C000349,S00012,P000052,2025-12-26T09:43:25,1,194.56,194.56,9.73,42.51,12.02,239.36,EUR,delivered
O0003770,PL-202409-53314,C000349,S00012,P000180,2025-12-26T09:43:25,2,79.41,158.82,7.94,34.7,4.89,190.47,EUR,delivered
O0003771,PL-202306-36086,C000349,S00011,P000175,2024-02-26T16:41:49,1,100.34,100.34,0.0,23.08,7.91,131.33,EUR,delivered
O0003772,PL-202306-36086,C000349,S00011,P000205,2024-02-26T16:41:49,1,30.34,30.34,3.03,6.28,0.0,33.59,EUR,delivered
O0003773,PL-202509-15615,C000534,S00012,P000009,2025-12-29T17:16:09,2,150.16,300.32,45.05,58.71,6.93,320.91,EUR,delivered
O0003774,PL-202509-15615,C000534,S00012,P000200,2025-12-29T17:16:09,4,10.97,43.88,0.0,10.09,8.35,62.32,EUR,delivered
O0003775,PL-202310-81346,C000534,S00011,P000021,2024-08-09T11:28:30,1,129.14,129.14,6.46,28.22,0.0,150.9,EUR,delivered
O0003776,ES-202409-56501,C000320,S00013,P000020,2023-03-12T12:33:29,1,111.6,111.6,11.16,21.09,0.0,121.53,EUR,delivered
O0003777,ES-202409-56501,C000320,S00013,P000047,2023-03-12T12:33:29,1,146.86,146.86,0.0,30.84,6.54,184.24,EUR,delivered
O0003778,ES-202409-56501,C000320,S00013,P000245,2023-03-12T12:33:29,1,179.07,179.07,0.0,37.6,5.56,222.23,EUR,delivered
O0003779,ES-202409-56501,C000320,S00013,P000182,2023-03-12T12:33:29,1,48.68,48.68,0.0,10.22,7.82,66.72,EUR,delivered
O0003780,ES-202311-35205,C000320,S00014,P000171,2025-11-21T08:55:46,1,43.16,43.16,0.0,9.06,5.3,57.52,EUR,delivered
O0003781,ES-202311-35205,C000320,S00014,P000041,2025-11-21T08:55:46,3,108.59,325.77,0.0,68.41,4.9,399.08,EUR,delivered
O0003782,DE-202311-83922,C000566,S00006,P000031,2023-05-09T08:39:12,1,32.97,32.97,0.0,6.26,4.99,44.22,EUR,delivered
O0003783,DE-202311-83922,C000566,S00006,P000037,2023-05-09T08:39:12,3,11.85,35.55,5.33,5.74,5.41,41.37,EUR,delivered
O0003784,PL-202210-63244,C000524,S00012,P000097,2025-12-01T14:52:04,2,353.4,706.8,0.0,162.56,8.64,878.0,EUR,delivered
O0003785,AT-202201-20094,C000096,S00001,P000114,2025-08-28T11:44:01,3,779.08,2337.24,0.0,467.45,6.24,2810.93,EUR,delivered
O0003786,UK-202303-39019,C000219,S00019,P000098,2024-09-22T09:18:15,1,137.48,137.48,0.0,27.5,0.0,164.98,EUR,delivered
O0003787,UK-202206-36176,C000219,S00019,P000231,2025-04-06T13:00:39,2,112.13,224.26,0.0,44.85,0.0,269.11,EUR,delivered
O0003788,UK-202206-36176,C000219,S00019,P000243,2025-04-06T13:00:39,4,40.74,162.96,0.0,32.59,5.44,200.99,EUR,delivered
O0003789,UK-202206-36176,C000219,S00019,P000041,2025-04-06T13:00:39,1,117.4,117.4,0.0,23.48,0.0,140.88,EUR,delivered
O0003790,UK-202410-20429,C000219,S00020,P000221,2025-11-13T17:32:47,2,109.29,218.58,10.93,41.53,11.1,260.28,EUR,delivered
O0003791,UK-202410-20429,C000219,S00020,P000093,2025-11-13T17:32:47,1,104.44,104.44,0.0,20.89,6.85,132.18,EUR,delivered
O0003792,UK-202410-20429,C000219,S00020,P000084,2025-11-13T17:32:47,1,59.97,59.97,0.0,11.99,6.74,78.7,EUR,delivered
O0003793,UK-202409-72854,C000219,S00019,P000155,2024-11-03T18:10:01,1,130.74,130.74,0.0,26.15,0.0,156.89,EUR,delivered
O0003794,UK-202409-72854,C000219,S00019,P000162,2024-11-03T18:10:01,2,160.81,321.62,0.0,64.32,0.0,385.94,EUR,delivered
O0003795,UK-202409-72854,C000219,S00019,P000115,2024-11-03T18:10:01,1,633.14,633.14,94.97,107.63,0.0,645.8,EUR,delivered
O0003796,UK-202406-59774,C000219,S00019,P000214,2023-11-19T11:03:56,1,123.28,123.28,0.0,24.66,0.0,147.94,EUR,delivered
O0003797,UK-202505-50295,C000219,S00019,P000221,2023-12-07T15:41:30,3,105.03,315.09,31.51,56.72,0.0,340.3,EUR,delivered
O0003798,UK-202505-50295,C000219,S00019,P000008,2023-12-07T15:41:30,1,36.71,36.71,0.0,7.34,3.62,47.67,EUR,delivered
O0003799,UK-202212-50078,C000219,S00020,P000243,2024-12-16T18:30:39,2,39.86,79.72,3.99,15.15,7.91,98.79,EUR,delivered
O0003800,UK-202212-50078,C000219,S00020,P000235,2024-12-16T18:30:39,2,39.11,78.22,0.0,15.64,4.13,97.99,EUR,delivered
O0003801,UK-202512-66945,C000219,S00020,P000101,2024-12-20T15:10:44,1,40.09,40.09,0.0,8.02,5.01,53.12,EUR,delivered
O0003802,UK-202512-66945,C000219,S00020,P000054,2024-12-20T15:10:44,1,114.83,114.83,0.0,22.97,4.42,142.22,EUR,delivered
O0003803,NL-202411-34119,C000291,S00009,P000121,2024-12-30T10:56:53,1,100.72,100.72,5.04,20.09,6.61,122.38,EUR,delivered
O0003804,NL-202411-34119,C000291,S00009,P000204,2024-12-30T10:56:53,1,208.19,208.19,0.0,43.72,3.42,255.33,EUR,delivered
O0003805,NL-202411-34119,C000291,S00009,P000003,2024-12-30T10:56:53,1,131.28,131.28,0.0,27.57,3.36,162.21,EUR,delivered
O0003806,NL-202512-91455,C000291,S00010,P000029,2025-11-06T14:37:31,2,147.79,295.58,14.78,58.97,6.96,346.73,EUR,delivered
O0003807,NL-202202-25427,C000291,S00010,P000230,2025-10-02T15:08:15,1,84.54,84.54,8.45,15.98,7.6,99.67,EUR,delivered
O0003808,NL-202202-25427,C000291,S00010,P000124,2025-10-02T15:08:15,1,29.42,29.42,0.0,6.18,11.82,47.42,EUR,delivered
O0003809,FR-202406-76778,C000554,S00004,P000214,2025-12-31T23:59:59,3,132.43,397.29,0.0,79.46,7.11,483.86,EUR,delivered
O0003810,FR-202406-76778,C000554,S00004,P000111,2025-12-31T23:59:59,1,711.91,711.91,0.0,142.38,10.23,864.52,EUR,delivered
O0003811,PL-202202-75237,C000709,S00012,P000208,2023-08-02T08:03:09,2,92.73,185.46,0.0,42.66,6.07,234.19,EUR,delivered
O0003812,PL-202202-75237,C000709,S00012,P000195,2023-08-02T08:03:09,2,126.74,253.48,0.0,58.3,12.6,324.38,EUR,delivered
O0003813,PL-202405-80612,C000709,S00012,P000132,2022-11-10T16:33:04,2,160.94,321.88,16.09,70.33,6.65,382.77,EUR,delivered
O0003814,ES-202508-47778,C000130,S00014,P000116,2025-12-16T19:18:23,5,112.1,560.5,28.03,111.82,9.76,654.05,EUR,delivered
O0003815,ES-202508-47778,C000130,S00014,P000057,2025-12-16T19:18:23,3,71.91,215.73,0.0,45.3,7.73,268.76,EUR,delivered
O0003816,AT-202405-25847,C000400,S00001,P000167,2023-08-30T20:55:40,2,61.51,123.02,0.0,24.6,0.0,147.62,EUR,delivered
O0003817,AT-202208-67929,C000400,S00001,P000006,2024-11-13T13:21:13,1,359.45,359.45,35.95,64.7,0.0,388.2,EUR,delivered
O0003818,AT-202503-56064,C000400,S00001,P000112,2024-11-14T17:40:35,1,449.32,449.32,0.0,89.86,7.57,546.75,EUR,delivered
O0003819,SE-202306-23710,C000765,S00016,P000232,2025-09-15T16:22:27,1,911.84,911.84,45.59,216.56,10.73,1093.54,EUR,delivered
O0003820,DE-202308-50344,C000551,S00005,P000013,2025-06-19T20:09:01,1,129.35,129.35,12.94,22.12,0.0,138.53,EUR,delivered
O0003821,DE-202503-59281,C000551,S00006,P000115,2025-05-01T18:06:46,1,601.05,601.05,90.16,97.07,7.94,615.9,EUR,delivered
O0003822,DE-202401-17201,C000717,S00005,P000211,2025-12-21T19:36:21,2,246.67,493.34,0.0,93.73,5.1,592.17,EUR,delivered
O0003823,DE-202401-62030,C000717,S00006,P000131,2024-04-09T19:49:21,1,86.85,86.85,8.69,14.85,4.64,97.65,EUR,delivered
O0003824,DE-202401-62030,C000717,S00006,P000067,2024-04-09T19:49:21,3,224.82,674.46,0.0,128.15,11.99,814.6,EUR,delivered
O0003825,DE-202401-62030,C000717,S00006,P000088,2024-04-09T19:49:21,1,66.08,66.08,0.0,12.56,7.63,86.27,EUR,delivered
O0003826,DE-202205-17664,C000717,S00006,P000175,2024-04-13T10:06:53,3,98.38,295.14,0.0,56.08,8.24,359.46,EUR,delivered
O0003827,DE-202310-63443,C000717,S00005,P000171,2024-12-21T13:14:05,1,41.76,41.76,0.0,7.93,0.0,49.69,EUR,delivered
O0003828,DE-202310-63443,C000717,S00005,P000052,2024-12-21T13:14:05,2,212.95,425.9,0.0,80.92,0.0,506.82,EUR,delivered
O0003829,DE-202310-63443,C000717,S00005,P000226,2024-12-21T13:14:05,2,76.42,152.84,15.28,26.14,0.0,163.7,EUR,delivered
O0003830,DE-202310-63443,C000717,S00005,P000045,2024-12-21T13:14:05,1,203.42,203.42,0.0,38.65,0.0,242.07,EUR,delivered
O0003831,DE-202403-80875,C000717,S00006,P000118,2023-12-01T20:25:56,1,81.58,81.58,0.0,15.5,11.87,108.95,EUR,delivered
O0003832,DE-202403-80875,C000717,S00006,P000219,2023-12-01T20:25:56,1,255.23,255.23,12.76,46.07,4.29,292.83,EUR,delivered
O0003833,DE-202403-86091,C000717,S00005,P000116,2024-12-17T13:59:10,1,105.81,105.81,5.29,19.1,4.98,124.6,EUR,delivered
O0003834,UK-202311-34525,C000725,S00020,P000009,2025-03-10T17:25:35,3,159.25,477.75,23.89,90.77,7.75,552.38,EUR,delivered
O0003835,UK-202512-58028,C000725,S00020,P000148,2024-11-22T15:37:15,1,146.7,146.7,14.67,26.41,6.67,165.11,EUR,delivered
O0003836,UK-202502-60531,C000725,S00019,P000154,2025-01-06T14:04:03,1,142.83,142.83,7.14,27.14,0.0,162.83,EUR,delivered
O0003837,UK-202402-86939,C000725,S00019,P000166,2024-08-18T15:55:02,1,238.8,238.8,0.0,47.76,0.0,286.56,EUR,delivered
O0003838,UK-202503-41151,C000309,S00020,P000081,2025-12-22T12:25:42,10,190.75,1907.5,0.0,381.5,10.83,2299.83,EUR,delivered
O0003839,FR-202402-21144,C000203,S00003,P000046,2024-03-09T14:46:15,1,81.38,81.38,4.07,15.46,0.0,92.77,EUR,delivered
O0003840,FR-202509-54143,C000203,S00003,P000200,2024-03-25T19:10:43,1,10.55,10.55,0.0,2.11,0.0,12.66,EUR,delivered
O0003841,FR-202509-54143,C000203,S00003,P000146,2024-03-25T19:10:43,3,304.12,912.36,91.24,164.22,0.0,985.34,EUR,delivered
O0003842,FR-202402-82346,C000203,S00004,P000101,2025-07-19T15:59:24,2,40.99,81.98,4.1,15.58,11.76,105.22,EUR,delivered
O0003843,FR-202409-78217,C000203,S00003,P000250,2024-08-07T15:37:35,1,152.97,152.97,7.65,29.06,5.35,179.73,EUR,delivered
O0003844,FR-202307-93297,C000203,S00003,P000131,2025-09-14T17:11:54,1,90.57,90.57,0.0,18.11,0.0,108.68,EUR,delivered
O0003845,FR-202407-54027,C000203,S00003,P000091,2023-04-24T10:51:09,2,50.49,100.98,0.0,20.2,0.0,121.18,EUR,delivered
O0003846,FR-202407-54027,C000203,S00003,P000155,2023-04-24T10:51:09,1,127.44,127.44,0.0,25.49,5.25,158.18,EUR,delivered
O0003847,FR-202205-28613,C000203,S00003,P000208,2025-08-05T12:28:52,1,92.82,92.82,0.0,18.56,0.0,111.38,EUR,delivered
O0003848,FR-202410-52956,C000203,S00004,P000060,2024-10-09T14:47:56,2,204.86,409.72,0.0,81.94,9.16,500.82,EUR,delivered
O0003849,FR-202303-50550,C000203,S00003,P000249,2024-10-09T20:58:32,3,441.65,1324.95,0.0,264.99,5.07,1595.01,EUR,delivered
O0003850,FR-202211-75690,C000203,S00003,P000182,2025-08-09T20:01:38,2,45.09,90.18,4.51,17.13,0.0,102.8,EUR,delivered
O0003851,FR-202211-75690,C000203,S00003,P000064,2025-08-09T20:01:38,10,89.52,895.2,0.0,179.04,0.0,1074.24,EUR,delivered
O0003852,FR-202506-88943,C000203,S00004,P000179,2024-05-13T11:51:08,1,58.5,58.5,2.93,11.11,12.96,79.64,EUR,delivered
O0003853,FR-202506-88943,C000203,S00004,P000122,2024-05-13T11:51:08,1,197.98,197.98,9.9,37.62,7.52,233.22,EUR,delivered
O0003854,FR-202303-84278,C000203,S00004,P000205,2024-04-17T09:45:42,5,29.47,147.35,0.0,29.47,8.91,185.73,EUR,delivered
O0003855,FR-202305-87711,C000203,S00004,P000002,2023-12-03T17:27:27,1,69.64,69.64,3.48,13.23,7.64,87.03,EUR,delivered
O0003856,FR-202305-87711,C000203,S00004,P000185,2023-12-03T17:27:27,2,166.78,333.56,0.0,66.71,12.78,413.05,EUR,delivered
O0003857,FR-202305-87711,C000203,S00004,P000085,2023-12-03T17:27:27,1,624.79,624.79,62.48,112.46,5.2,679.97,EUR,delivered
O0003858,UK-202208-30321,C000415,S00019,P000100,2025-02-20T19:05:34,4,144.01,576.04,28.8,109.45,5.15,661.84,EUR,delivered
O0003859,DE-202402-59573,C000665,S00006,P000189,2024-12-29T13:22:39,4,841.02,3364.08,336.41,575.26,9.26,3612.19,EUR,delivered
O0003860,DE-202402-59573,C000665,S00006,P000019,2024-12-29T13:22:39,1,858.01,858.01,0.0,163.02,7.39,1028.42,EUR,delivered
O0003861,DE-202410-85150,C000665,S00006,P000186,2023-07-08T12:15:28,2,123.06,246.12,0.0,46.76,4.92,297.8,EUR,delivered
O0003862,DE-202410-85150,C000665,S00006,P000049,2023-07-08T12:15:28,1,282.34,282.34,0.0,53.64,8.2,344.18,EUR,delivered
O0003863,DE-202412-45836,C000665,S00005,P000162,2022-12-21T10:43:19,3,177.77,533.31,53.33,91.2,0.0,571.18,EUR,delivered
O0003864,NL-202211-99453,C000354,S00009,P000008,2024-04-16T11:06:29,1,39.26,39.26,0.0,8.24,4.62,52.12,EUR,delivered
O0003865,NL-202304-32058,C000354,S00010,P000022,2023-10-25T13:13:47,5,55.75,278.75,41.81,49.76,4.58,291.28,EUR,delivered
O0003866,NL-202304-32058,C000354,S00010,P000054,2023-10-25T13:13:47,1,101.69,101.69,5.08,20.29,9.69,126.59,EUR,delivered
O0003867,NL-202304-32058,C000354,S00010,P000164,2023-10-25T13:13:47,1,392.32,392.32,0.0,82.39,11.25,485.96,EUR,delivered
O0003868,NL-202304-32058,C000354,S00010,P000184,2023-10-25T13:13:47,2,42.75,85.5,0.0,17.96,10.3,113.76,EUR,delivered
O0003869,NL-202404-41864,C000354,S00009,P000242,2024-06-16T15:51:26,1,37.63,37.63,0.0,7.9,0.0,45.53,EUR,delivered
O0003870,NL-202404-41864,C000354,S00009,P000174,2024-06-16T15:51:26,2,153.46,306.92,0.0,64.45,6.43,377.8,EUR,delivered
O0003871,NL-202309-49798,C000354,S00010,P000246,2024-01-05T16:26:36,1,177.77,177.77,0.0,37.33,6.63,221.73,EUR,delivered
O0003872,NL-202309-49798,C000354,S00010,P000190,2024-01-05T16:26:36,2,350.89,701.78,0.0,147.37,6.23,855.38,EUR,delivered
O0003873,NL-202309-49798,C000354,S00010,P000167,2024-01-05T16:26:36,1,56.54,56.54,0.0,11.87,8.65,77.06,EUR,delivered
O0003874,NL-202309-49798,C000354,S00010,P000129,2024-01-05T16:26:36,1,354.05,354.05,0.0,74.35,10.22,438.62,EUR,delivered
O0003875,NL-202502-66502,C000354,S00009,P000172,2025-10-09T13:17:15,1,228.95,228.95,11.45,45.68,0.0,263.18,EUR,delivered
O0003876,NL-202502-26653,C000354,S00010,P000215,2024-08-04T08:26:38,3,66.83,200.49,0.0,42.1,8.75,251.34,EUR,delivered
O0003877,NL-202502-26653,C000354,S00010,P000242,2024-08-04T08:26:38,2,37.07,74.14,0.0,15.57,10.18,99.89,EUR,delivered
O0003878,NL-202503-87867,C000354,S00010,P000042,2025-12-26T08:17:05,2,33.75,67.5,3.38,13.47,11.99,89.58,EUR,delivered
O0003879,NL-202503-87867,C000354,S00010,P000048,2025-12-26T08:17:05,2,30.17,60.34,0.0,12.67,10.68,83.69,EUR,delivered
O0003880,NL-202512-43796,C000354,S00010,P000036,2023-11-03T20:56:07,1,103.09,103.09,15.46,18.4,6.93,112.96,EUR,delivered
O0003881,NL-202512-43796,C000354,S00010,P000091,2023-11-03T20:56:07,1,48.46,48.46,0.0,10.18,5.0,63.64,EUR,delivered
O0003882,NL-202309-45632,C000354,S00009,P000084,2025-01-26T15:08:54,1,59.36,59.36,0.0,12.47,0.0,71.83,EUR,delivered
O0003883,NL-202402-43816,C000354,S00009,P000049,2025-12-06T20:03:39,2,265.93,531.86,0.0,111.69,0.0,643.55,EUR,delivered
O0003884,NL-202309-78531,C000354,S00009,P000107,2023-12-13T11:09:39,3,140.44,421.32,0.0,88.48,0.0,509.8,EUR,delivered
O0003885,NL-202309-78531,C000354,S00009,P000129,2023-12-13T11:09:39,2,348.02,696.04,0.0,146.17,0.0,842.21,EUR,delivered
O0003886,NL-202508-63646,C000354,S00009,P000037,2024-10-01T14:45:51,2,13.12,26.24,0.0,5.51,3.97,35.72,EUR,delivered
O0003887,NL-202508-63646,C000354,S00009,P000084,2024-10-01T14:45:51,1,60.14,60.14,0.0,12.63,0.0,72.77,EUR,delivered
O0003888,NL-202207-58616,C000354,S00009,P000152,2024-10-07T20:21:22,2,36.69,73.38,0.0,15.41,6.02,94.81,EUR,delivered
O0003889,NL-202207-58616,C000354,S00009,P000232,2024-10-07T20:21:22,1,822.53,822.53,41.13,164.09,0.0,945.49,EUR,delivered
O0003890,NL-202207-58616,C000354,S00009,P000203,2024-10-07T20:21:22,2,14.3,28.6,0.0,6.01,0.0,34.61,EUR,delivered
O0003891,NL-202207-58616,C000354,S00009,P000106,2024-10-07T20:21:22,2,63.45,126.9,0.0,26.65,6.83,160.38,EUR,delivered
O0003892,NL-202404-21160,C000354,S00010,P000062,2025-06-10T12:10:58,2,304.61,609.22,0.0,127.94,7.6,744.76,EUR,delivered
O0003893,NL-202503-50800,C000354,S00009,P000006,2025-12-15T13:31:16,2,362.69,725.38,36.27,144.71,0.0,833.82,EUR,delivered
O0003894,DE-202501-36353,C000773,S00006,P000205,2025-11-28T14:24:59,5,29.9,149.5,0.0,28.41,9.46,187.37,EUR,delivered
O0003895,DE-202501-36353,C000773,S00006,P000013,2025-11-28T14:24:59,1,134.36,134.36,0.0,25.53,4.24,164.13,EUR,delivered
O0003896,DE-202501-36353,C000773,S00006,P000113,2025-11-28T14:24:59,2,355.97,711.94,35.6,128.5,12.18,817.02,EUR,delivered
O0003897,DE-202401-73919,C000773,S00005,P000011,2024-03-16T20:26:06,1,192.22,192.22,0.0,36.52,0.0,228.74,EUR,delivered
O0003898,DE-202303-16900,C000773,S00005,P000045,2023-11-08T19:13:39,2,188.98,377.96,18.9,68.22,0.0,427.28,EUR,delivered
O0003899,DE-202505-98400,C000668,S00006,P000080,2025-11-05T08:45:22,1,248.76,248.76,24.88,42.54,7.09,273.51,EUR,delivered
O0003900,DE-202505-98400,C000668,S00006,P000059,2025-11-05T08:45:22,2,294.69,589.38,0.0,111.98,8.89,710.25,EUR,delivered
O0003901,DE-202505-98400,C000668,S00006,P000127,2025-11-05T08:45:22,1,447.29,447.29,0.0,84.99,5.89,538.17,EUR,delivered
O0003902,DE-202505-98400,C000668,S00006,P000175,2025-11-05T08:45:22,4,105.58,422.32,42.23,72.22,9.01,461.32,EUR,delivered
O0003903,UK-202412-64313,C000634,S00020,P000049,2025-11-13T08:13:45,1,269.52,269.52,0.0,53.9,4.36,327.78,EUR,delivered
O0003904,UK-202501-63161,C000634,S00020,P000091,2025-12-20T12:51:37,2,47.34,94.68,14.2,16.1,12.34,108.92,EUR,delivered
O0003905,UK-202208-99502,C000634,S00020,P000057,2025-12-30T11:18:45,2,72.47,144.94,7.25,27.54,12.24,177.47,EUR,delivered
O0003906,UK-202208-99502,C000634,S00020,P000189,2025-12-30T11:18:45,1,863.16,863.16,43.16,164.0,11.48,995.48,EUR,delivered
O0003907,UK-202211-79640,C000640,S00019,P000047,2025-09-02T18:01:56,1,150.44,150.44,0.0,30.09,0.0,180.53,EUR,delivered
O0003908,IT-202211-21135,C000558,S00007,P000231,2025-04-30T08:09:59,10,116.38,1163.8,116.38,230.43,3.69,1281.54,EUR,delivered
O0003909,IT-202211-21135,C000558,S00007,P000140,2025-04-30T08:09:59,3,114.48,343.44,0.0,75.56,4.19,423.19,EUR,delivered
O0003910,IT-202211-21135,C000558,S00007,P000224,2025-04-30T08:09:59,1,208.45,208.45,10.42,43.57,6.02,247.62,EUR,delivered
O0003911,FR-202306-48270,C000779,S00004,P000176,2025-12-17T14:15:37,1,32.58,32.58,4.89,5.54,5.29,38.52,EUR,delivered
O0003912,FR-202306-48270,C000779,S00004,P000041,2025-12-17T14:15:37,1,109.32,109.32,0.0,21.86,4.67,135.85,EUR,delivered
O0003913,FR-202306-48270,C000779,S00004,P000203,2025-12-17T14:15:37,1,14.09,14.09,0.0,2.82,4.2,21.11,EUR,delivered
O0003914,FR-202306-48270,C000779,S00004,P000167,2025-12-17T14:15:37,1,61.87,61.87,3.09,11.76,5.24,75.78,EUR,delivered
O0003915,FR-202510-41657,C000779,S00004,P000007,2025-12-05T18:50:56,1,179.33,179.33,0.0,35.87,7.45,222.65,EUR,delivered
O0003916,FR-202510-41657,C000779,S00004,P000214,2025-12-05T18:50:56,5,139.77,698.85,69.89,125.79,6.65,761.4,EUR,delivered
O0003917,FR-202510-41657,C000779,S00004,P000121,2025-12-05T18:50:56,2,112.72,225.44,11.27,42.83,9.18,266.18,EUR,delivered
O0003918,FR-202509-90705,C000779,S00003,P000186,2025-12-29T13:35:22,1,122.16,122.16,18.32,20.77,7.51,132.12,EUR,delivered
O0003919,FR-202509-90705,C000779,S00003,P000007,2025-12-29T13:35:22,4,173.11,692.44,34.62,131.56,0.0,789.38,EUR,delivered
O0003920,FR-202409-50637,C000779,S00004,P000201,2025-12-06T15:17:03,3,342.46,1027.38,154.11,174.65,4.12,1052.04,EUR,delivered
O0003921,FR-202311-27651,C000779,S00003,P000014,2025-12-12T15:29:21,1,200.91,200.91,0.0,40.18,4.2,245.29,EUR,delivered
O0003922,FR-202311-27651,C000779,S00003,P000086,2025-12-12T15:29:21,1,171.43,171.43,0.0,34.29,0.0,205.72,EUR,delivered
O0003923,IT-202402-16846,C000660,S00007,P000038,2024-12-28T16:48:04,2,114.33,228.66,0.0,50.31,0.0,278.97,EUR,delivered
O0003924,IT-202506-56818,C000660,S00007,P000192,2024-11-05T15:03:41,1,106.35,106.35,5.32,22.23,0.0,123.26,EUR,delivered
O0003925,CH-202203-30756,C000457,S00018,P000154,2024-07-08T14:27:53,1,132.85,132.85,0.0,10.63,11.67,155.15,EUR,delivered
O0003926,CH-202203-30756,C000457,S00018,P000030,2024-07-08T14:27:53,1,707.21,707.21,70.72,50.92,7.12,694.53,EUR,delivered
O0003927,IT-202311-91600,C000414,S00008,P000043,2025-12-23T14:10:04,1,214.83,214.83,0.0,47.26,10.6,272.69,EUR,delivered
O0003928,IT-202311-91600,C000414,S00008,P000235,2025-12-23T14:10:04,1,40.52,40.52,2.03,8.47,8.48,55.44,EUR,delivered
O0003929,IT-202308-66045,C000414,S00007,P000104,2025-11-29T19:52:11,1,239.59,239.59,0.0,52.71,7.97,300.27,EUR,delivered
O0003930,IT-202507-86487,C000414,S00008,P000030,2025-08-21T15:31:46,1,707.32,707.32,70.73,140.05,7.56,784.2,EUR,delivered
O0003931,FR-202505-54185,C000151,S00003,P000221,2025-01-09T18:00:20,1,107.02,107.02,0.0,21.4,0.0,128.42,EUR,delivered
O0003932,FR-202505-54185,C000151,S00003,P000212,2025-01-09T18:00:20,1,51.51,51.51,0.0,10.3,0.0,61.81,EUR,delivered
O0003933,FR-202205-62091,C000151,S00004,P000197,2025-08-30T18:24:14,1,96.54,96.54,0.0,19.31,7.75,123.6,EUR,delivered
O0003934,FR-202205-62091,C000151,S00004,P000209,2025-08-30T18:24:14,2,115.46,230.92,23.09,41.57,9.66,259.06,EUR,delivered
O0003935,ES-202301-93807,C000789,S00013,P000055,2025-08-26T09:11:49,2,38.15,76.3,3.82,15.22,0.0,87.7,EUR,delivered
O0003936,ES-202301-93807,C000789,S00013,P000004,2025-08-26T09:11:49,5,349.87,1749.35,174.94,330.63,0.0,1905.04,EUR,delivered
O0003937,ES-202301-93807,C000789,S00013,P000146,2025-08-26T09:11:49,1,309.28,309.28,30.93,58.45,0.0,336.8,EUR,delivered
O0003938,ES-202505-87347,C000789,S00014,P000238,2025-07-21T18:06:08,2,313.1,626.2,0.0,131.5,12.85,770.55,EUR,delivered
O0003939,ES-202505-87347,C000789,S00014,P000068,2025-07-21T18:06:08,1,248.68,248.68,37.3,44.39,6.03,261.8,EUR,delivered
O0003940,ES-202410-89836,C000789,S00013,P000163,2025-11-13T11:22:59,2,291.54,583.08,29.15,116.33,0.0,670.26,EUR,delivered
O0003941,ES-202410-89836,C000789,S00013,P000179,2025-11-13T11:22:59,10,62.53,625.3,0.0,131.31,0.0,756.61,EUR,delivered
O0003942,ES-202410-89836,C000789,S00013,P000036,2025-11-13T11:22:59,1,106.15,106.15,0.0,22.29,0.0,128.44,EUR,delivered
O0003943,ES-202202-20428,C000789,S00014,P000136,2025-10-22T11:27:54,2,78.17,156.34,0.0,32.83,10.02,199.19,EUR,delivered
O0003944,ES-202411-52234,C000789,S00014,P000242,2025-12-16T17:41:28,1,38.18,38.18,1.91,7.62,5.86,49.75,EUR,delivered
O0003945,ES-202411-52234,C000789,S00014,P000016,2025-12-16T17:41:28,4,327.77,1311.08,0.0,275.33,10.61,1597.02,EUR,delivered
O0003946,ES-202411-52234,C000789,S00014,P000213,2025-12-16T17:41:28,1,154.63,154.63,0.0,32.47,4.14,191.24,EUR,delivered
O0003947,ES-202402-77328,C000789,S00013,P000210,2025-11-20T14:20:17,1,38.08,38.08,1.9,7.6,0.0,43.78,EUR,delivered
O0003948,ES-202402-77328,C000789,S00013,P000137,2025-11-20T14:20:17,1,146.02,146.02,0.0,30.66,0.0,176.68,EUR,delivered
O0003949,DE-202506-68686,C000541,S00006,P000094,2025-12-23T15:53:50,5,37.78,188.9,0.0,35.89,10.02,234.81,EUR,delivered
O0003950,DE-202506-68686,C000541,S00006,P000227,2025-12-23T15:53:50,2,138.76,277.52,13.88,50.09,11.34,325.07,EUR,delivered
O0003951,DE-202309-44413,C000541,S00005,P000209,2025-09-09T13:49:50,1,112.36,112.36,0.0,21.35,0.0,133.71,EUR,delivered
O0003952,DE-202510-91183,C000541,S00005,P000141,2024-02-17T18:07:52,2,60.1,120.2,0.0,22.84,7.24,150.28,EUR,delivered
O0003953,DE-202308-65668,C000541,S00005,P000166,2022-11-11T19:14:22,3,220.98,662.94,0.0,125.96,5.91,794.81,EUR,delivered
O0003954,DE-202308-65668,C000541,S00005,P000007,2022-11-11T19:14:22,1,175.74,175.74,0.0,33.39,0.0,209.13,EUR,delivered
O0003955,DE-202308-65668,C000541,S00005,P000157,2022-11-11T19:14:22,1,152.0,152.0,0.0,28.88,0.0,180.88,EUR,delivered
O0003956,DE-202504-36806,C000541,S00006,P000174,2024-11-17T16:44:46,1,145.42,145.42,0.0,27.63,10.35,183.4,EUR,delivered
O0003957,DE-202501-24810,C000541,S00005,P000030,2025-06-13T19:54:45,2,734.51,1469.02,146.9,251.2,4.03,1577.35,EUR,delivered
O0003958,DE-202501-24810,C000541,S00005,P000056,2025-06-13T19:54:45,1,134.54,134.54,0.0,25.56,0.0,160.1,EUR,delivered
O0003959,DE-202501-97708,C000541,S00006,P000058,2023-09-05T16:31:49,1,58.62,58.62,2.93,10.58,11.57,77.84,EUR,delivered
O0003960,DE-202501-97708,C000541,S00006,P000188,2023-09-05T16:31:49,2,252.8,505.6,50.56,86.46,5.54,547.04,EUR,delivered
O0003961,DE-202209-28574,C000541,S00005,P000058,2023-11-10T16:18:42,1,59.17,59.17,0.0,11.24,0.0,70.41,EUR,delivered
O0003962,DE-202209-28574,C000541,S00005,P000079,2023-11-10T16:18:42,1,61.32,61.32,0.0,11.65,7.0,79.97,EUR,delivered
O0003963,DE-202209-28574,C000541,S00005,P000151,2023-11-10T16:18:42,5,118.47,592.35,0.0,112.55,0.0,704.9,EUR,delivered
O0003964,DE-202201-92837,C000541,S00005,P000011,2023-12-14T10:17:48,1,193.94,193.94,9.7,35.01,4.11,223.36,EUR,delivered
O0003965,UK-202204-74805,C000287,S00020,P000063,2025-12-31T23:59:59,1,49.11,49.11,0.0,9.82,7.06,65.99,EUR,delivered
O0003966,NL-202510-32356,C000009,S00010,P000131,2025-04-15T11:14:15,2,84.03,168.06,0.0,35.29,7.0,210.35,EUR,delivered
O0003967,NL-202510-32356,C000009,S00010,P000057,2025-04-15T11:14:15,1,72.45,72.45,3.62,14.45,9.54,92.82,EUR,delivered
O0003968,NL-202510-32356,C000009,S00010,P000126,2025-04-15T11:14:15,2,366.38,732.76,0.0,153.88,4.72,891.36,EUR,delivered
O0003969,NL-202508-11139,C000009,S00009,P000066,2025-04-19T16:08:06,1,207.43,207.43,0.0,43.56,0.0,250.99,EUR,delivered
O0003970,NL-202508-11139,C000009,S00009,P000114,2025-04-19T16:08:06,3,785.43,2356.29,235.63,445.34,0.0,2566.0,EUR,delivered
O0003971,NL-202508-11139,C000009,S00009,P000195,2025-04-19T16:08:06,2,127.56,255.12,12.76,50.9,0.0,293.26,EUR,delivered
O0003972,NL-202202-41433,C000009,S00010,P000247,2025-12-19T14:34:58,1,174.7,174.7,8.74,34.85,4.73,205.54,EUR,delivered
O0003973,NL-202202-41433,C000009,S00010,P000207,2025-12-19T14:34:58,3,99.22,297.66,29.77,56.26,12.36,336.51,EUR,delivered
O0003974,NL-202406-45595,C000009,S00010,P000166,2025-09-03T13:18:29,1,237.26,237.26,35.59,42.35,10.1,254.12,EUR,delivered
O0003975,NL-202406-45595,C000009,S00010,P000192,2025-09-03T13:18:29,1,97.65,97.65,0.0,20.51,6.3,124.46,EUR,delivered
O0003976,NL-202406-45595,C000009,S00010,P000071,2025-09-03T13:18:29,1,50.02,50.02,0.0,10.5,4.9,65.42,EUR,delivered
O0003977,NL-202405-43894,C000009,S00010,P000201,2025-11-13T13:31:19,1,320.77,320.77,32.08,60.62,10.8,360.11,EUR,delivered
O0003978,NL-202405-43894,C000009,S00010,P000186,2025-11-13T13:31:19,1,119.94,119.94,0.0,25.19,6.85,151.98,EUR,delivered
O0003979,FR-202209-90003,C000353,S00003,P000039,2025-09-11T09:30:59,2,403.85,807.7,0.0,161.54,0.0,969.24,EUR,delivered
O0003980,FR-202209-90003,C000353,S00003,P000058,2025-09-11T09:30:59,4,54.55,218.2,0.0,43.64,0.0,261.84,EUR,delivered
O0003981,ES-202508-73401,C000322,S00013,P000063,2024-12-31T13:16:53,1,45.03,45.03,2.25,8.98,6.57,58.33,EUR,delivered
O0003982,ES-202305-22837,C000322,S00013,P000230,2023-12-27T10:14:55,1,86.05,86.05,0.0,18.07,0.0,104.12,EUR,delivered
O0003983,ES-202305-22837,C000322,S00013,P000011,2023-12-27T10:14:55,4,172.59,690.36,0.0,144.98,0.0,835.34,EUR,delivered
O0003984,ES-202305-22837,C000322,S00013,P000073,2023-12-27T10:14:55,2,224.45,448.9,0.0,94.27,0.0,543.17,EUR,delivered
O0003985,IT-202508-37490,C000312,S00007,P000047,2024-08-12T08:33:21,2,158.33,316.66,15.83,66.18,0.0,367.01,EUR,delivered
O0003986,IT-202508-37490,C000312,S00007,P000161,2024-08-12T08:33:21,1,341.66,341.66,34.17,67.65,0.0,375.14,EUR,delivered
O0003987,IT-202508-37490,C000312,S00007,P000091,2024-08-12T08:33:21,1,52.99,52.99,2.65,11.07,6.63,68.04,EUR,delivered
O0003988,PL-202409-83914,C000567,S00011,P000045,2024-11-11T09:51:38,3,209.8,629.4,0.0,144.76,0.0,774.16,EUR,delivered
O0003989,PL-202409-83914,C000567,S00011,P000030,2024-11-11T09:51:38,2,712.47,1424.94,0.0,327.74,5.93,1758.61,EUR,delivered
O0003990,PL-202406-34651,C000567,S00012,P000193,2024-11-15T17:43:29,2,71.96,143.92,14.39,29.79,11.84,171.16,EUR,delivered
O0003991,PL-202406-34651,C000567,S00012,P000111,2024-11-15T17:43:29,2,663.42,1326.84,0.0,305.17,6.48,1638.49,EUR,delivered
O0003992,ES-202311-14185,C000698,S00013,P000028,2025-05-18T18:47:48,1,95.18,95.18,0.0,19.99,0.0,115.17,EUR,delivered
O0003993,ES-202311-14185,C000698,S00013,P000048,2025-05-18T18:47:48,2,28.47,56.94,8.54,10.16,0.0,58.56,EUR,delivered
O0003994,ES-202509-41341,C000698,S00013,P000091,2024-04-20T10:05:58,2,52.58,105.16,15.77,18.77,0.0,108.16,EUR,delivered
O0003995,ES-202509-41341,C000698,S00013,P000156,2024-04-20T10:05:58,1,199.1,199.1,29.87,35.54,6.29,211.06,EUR,delivered
O0003996,ES-202509-41341,C000698,S00013,P000135,2024-04-20T10:05:58,1,183.65,183.65,0.0,38.57,4.79,227.01,EUR,delivered
O0003997,SE-202208-60318,C000722,S00015,P000195,2024-10-29T16:13:05,1,132.9,132.9,0.0,33.23,0.0,166.13,EUR,delivered
O0003998,FR-202401-23970,C000430,S00003,P000109,2025-11-10T12:01:48,1,117.76,117.76,0.0,23.55,0.0,141.31,EUR,delivered
O0003999,UK-202306-71780,C000303,S00020,P000102,2025-11-23T08:01:13,1,68.26,68.26,0.0,13.65,9.26,91.17,EUR,delivered
O0004000,UK-202511-41034,C000303,S00020,P000206,2025-12-31T23:59:59,3,373.72,1121.16,112.12,201.81,6.03,1216.88,EUR,delivered
O0004001,UK-202511-41034,C000303,S00020,P000023,2025-12-31T23:59:59,1,161.15,161.15,0.0,32.23,11.23,204.61,EUR,delivered
O0004002,UK-202511-41034,C000303,S00020,P000174,2025-12-31T23:59:59,1,137.67,137.67,0.0,27.53,11.67,176.87,EUR,delivered
O0004003,UK-202511-41034,C000303,S00020,P000066,2025-12-31T23:59:59,5,208.93,1044.65,0.0,208.93,5.24,1258.82,EUR,delivered
O0004004,NL-202212-36945,C000533,S00009,P000010,2025-07-31T10:14:28,2,48.51,97.02,0.0,20.37,6.37,123.76,EUR,delivered
O0004005,NL-202303-85465,C000533,S00009,P000190,2025-09-29T20:25:21,1,379.34,379.34,0.0,79.66,0.0,459.0,EUR,delivered
O0004006,NL-202303-85465,C000533,S00009,P000170,2025-09-29T20:25:21,2,176.11,352.22,0.0,73.97,0.0,426.19,EUR,delivered
O0004007,NL-202303-85465,C000533,S00009,P000124,2025-09-29T20:25:21,1,31.5,31.5,3.15,5.95,0.0,34.3,EUR,delivered
O0004008,NL-202303-85465,C000533,S00009,P000055,2025-09-29T20:25:21,3,37.68,113.04,0.0,23.74,5.17,141.95,EUR,delivered
O0004009,NL-202507-26473,C000533,S00009,P000162,2025-12-23T15:24:04,1,166.3,166.3,8.32,33.18,6.77,197.93,EUR,delivered
O0004010,NL-202507-26473,C000533,S00009,P000148,2025-12-23T15:24:04,1,161.64,161.64,8.08,32.25,0.0,185.81,EUR,delivered
O0004011,NL-202505-29309,C000533,S00010,P000121,2025-11-21T16:03:24,2,114.1,228.2,11.41,45.53,7.57,269.89,EUR,delivered
O0004012,NL-202305-77053,C000533,S00010,P000213,2025-07-22T14:02:07,1,176.93,176.93,0.0,37.16,5.66,219.75,EUR,delivered
O0004013,IT-202202-93778,C000716,S00008,P000170,2025-08-05T12:00:05,1,176.07,176.07,0.0,38.74,12.77,227.58,EUR,delivered
O0004014,SE-202212-78770,C000647,S00016,P000181,2023-07-25T20:32:15,1,169.33,169.33,0.0,42.33,12.52,224.18,EUR,delivered
O0004015,FR-202307-44191,C000060,S00004,P000144,2025-01-19T15:23:48,2,141.38,282.76,0.0,56.55,6.62,345.93,EUR,delivered
O0004016,FR-202307-44191,C000060,S00004,P000194,2025-01-19T15:23:48,1,96.74,96.74,14.51,16.45,10.57,109.25,EUR,delivered
O0004017,FR-202404-60409,C000060,S00003,P000223,2024-05-03T16:16:37,4,117.23,468.92,23.45,89.09,0.0,534.56,EUR,delivered
O0004018,FR-202404-60409,C000060,S00003,P000133,2024-05-03T16:16:37,3,43.04,129.12,6.46,24.53,0.0,147.19,EUR,delivered
O0004019,FR-202404-60409,C000060,S00003,P000016,2024-05-03T16:16:37,2,286.28,572.56,0.0,114.51,0.0,687.07,EUR,delivered
O0004020,FR-202404-60409,C000060,S00003,P000174,2024-05-03T16:16:37,1,143.16,143.16,7.16,27.2,5.97,169.17,EUR,delivered
O0004021,FR-202402-24092,C000060,S00003,P000018,2025-11-21T10:51:18,2,957.12,1914.24,0.0,382.85,0.0,2297.09,EUR,delivered
O0004022,FR-202304-67554,C000060,S00003,P000241,2025-11-03T19:09:46,1,583.7,583.7,29.19,110.9,0.0,665.41,EUR,delivered
O0004023,FR-202304-67554,C000060,S00003,P000092,2025-11-03T19:09:46,1,135.86,135.86,0.0,27.17,3.2,166.23,EUR,delivered
O0004024,FR-202304-67554,C000060,S00003,P000154,2025-11-03T19:09:46,2,134.76,269.52,0.0,53.9,0.0,323.42,EUR,delivered
O0004025,FR-202205-50863,C000060,S00004,P000141,2025-08-02T09:39:30,5,60.46,302.3,15.12,57.44,5.89,350.51,EUR,delivered
O0004026,FR-202506-79544,C000060,S00003,P000194,2024-12-12T19:14:09,3,92.11,276.33,0.0,55.27,0.0,331.6,EUR,delivered
O0004027,FR-202506-79544,C000060,S00003,P000182,2024-12-12T19:14:09,1,44.79,44.79,0.0,8.96,0.0,53.75,EUR,delivered
O0004028,FR-202501-91147,C000060,S00004,P000138,2024-11-18T14:53:29,2,37.15,74.3,11.15,12.63,4.94,80.72,EUR,delivered
O0004029,FR-202501-91147,C000060,S00004,P000119,2024-11-18T14:53:29,1,108.87,108.87,0.0,21.77,7.1,137.74,EUR,delivered
O0004030,FR-202308-50570,C000060,S00004,P000164,2023-09-21T08:25:40,1,336.37,336.37,16.82,63.91,4.49,387.95,EUR,delivered
O0004031,FR-202308-50570,C000060,S00004,P000110,2023-09-21T08:25:40,1,56.47,56.47,0.0,11.29,10.19,77.95,EUR,delivered
O0004032,FR-202507-19351,C000060,S00003,P000204,2023-10-30T16:58:21,3,189.06,567.18,56.72,102.09,3.65,616.2,EUR,delivered
O0004033,FR-202507-19351,C000060,S00003,P000011,2023-10-30T16:58:21,1,191.13,191.13,0.0,38.23,0.0,229.36,EUR,delivered
O0004034,FR-202507-19351,C000060,S00003,P000126,2023-10-30T16:58:21,5,346.22,1731.1,0.0,346.22,3.17,2080.49,EUR,delivered
O0004035,AT-202209-18934,C000589,S00002,P000197,2024-04-02T12:46:37,4,103.01,412.04,0.0,82.41,8.28,502.73,EUR,delivered
O0004036,UK-202201-24402,C000155,S00020,P000249,2024-12-14T09:50:51,1,408.27,408.27,0.0,81.65,10.95,500.87,EUR,delivered
O0004037,UK-202201-24402,C000155,S00020,P000056,2024-12-14T09:50:51,4,149.25,597.0,59.7,107.46,8.55,653.31,EUR,delivered
O0004038,UK-202201-24402,C000155,S00020,P000045,2024-12-14T09:50:51,1,201.1,201.1,0.0,40.22,4.56,245.88,EUR,delivered
O0004039,UK-202201-24402,C000155,S00020,P000038,2024-12-14T09:50:51,3,104.32,312.96,15.65,59.46,11.3,368.07,EUR,delivered
O0004040,UK-202405-87996,C000155,S00020,P000040,2024-12-12T10:45:17,2,117.47,234.94,23.49,42.29,11.49,265.23,EUR,delivered
O0004041,UK-202405-87996,C000155,S00020,P000180,2024-12-12T10:45:17,1,77.65,77.65,0.0,15.53,8.19,101.37,EUR,delivered
O0004042,UK-202405-87996,C000155,S00020,P000213,2024-12-12T10:45:17,1,175.72,175.72,0.0,35.14,12.84,223.7,EUR,delivered
O0004043,ES-202305-28566,C000657,S00014,P000105,2025-12-31T23:59:59,1,111.33,111.33,0.0,23.38,6.58,141.29,EUR,delivered
O0004044,ES-202305-28566,C000657,S00014,P000060,2025-12-31T23:59:59,1,227.7,227.7,22.77,43.04,12.65,260.62,EUR,delivered
O0004045,ES-202305-28566,C000657,S00014,P000093,2025-12-31T23:59:59,1,100.05,100.05,0.0,21.01,10.2,131.26,EUR,delivered
O0004046,ES-202301-40815,C000657,S00013,P000106,2025-12-31T23:59:59,2,70.65,141.3,0.0,29.67,0.0,170.97,EUR,delivered
O0004047,ES-202303-76883,C000677,S00014,P000210,2025-06-06T11:39:03,1,38.7,38.7,0.0,8.13,9.2,56.03,EUR,delivered
O0004048,ES-202507-61302,C000677,S00014,P000199,2025-07-20T14:02:40,2,66.28,132.56,6.63,26.45,11.59,163.97,EUR,delivered
O0004049,ES-202211-15447,C000677,S00014,P000082,2025-07-09T14:19:52,1,283.4,283.4,0.0,59.51,7.65,350.56,EUR,delivered
O0004050,ES-202211-15447,C000677,S00014,P000063,2025-07-09T14:19:52,1,47.88,47.88,0.0,10.05,10.18,68.11,EUR,delivered
O0004051,ES-202211-15447,C000677,S00014,P000209,2025-07-09T14:19:52,3,117.65,352.95,0.0,74.12,6.28,433.35,EUR,delivered
O0004052,ES-202211-15447,C000677,S00014,P000080,2025-07-09T14:19:52,1,253.77,253.77,0.0,53.29,11.57,318.63,EUR,delivered
O0004053,PL-202504-29139,C000038,S00011,P000134,2025-11-13T14:20:16,1,460.95,460.95,0.0,106.02,7.89,574.86,EUR,delivered
O0004054,PL-202504-29139,C000038,S00011,P000071,2025-11-13T14:20:16,2,50.66,101.32,0.0,23.3,0.0,124.62,EUR,delivered
O0004055,NL-202212-13658,C000403,S00009,P000190,2025-10-27T12:14:24,3,377.13,1131.39,0.0,237.59,5.76,1374.74,EUR,delivered
O0004056,NL-202304-27884,C000403,S00009,P000097,2025-12-14T13:46:15,1,311.25,311.25,0.0,65.36,5.98,382.59,EUR,delivered
O0004057,ES-202506-73474,C000063,S00014,P000198,2025-01-22T18:09:42,1,229.97,229.97,0.0,48.29,5.01,283.27,EUR,delivered
O0004058,IT-202311-71174,C000445,S00008,P000121,2025-10-17T09:57:23,4,113.01,452.04,0.0,99.45,4.7,556.19,EUR,delivered
O0004059,IT-202311-71174,C000445,S00008,P000002,2025-10-17T09:57:23,2,66.43,132.86,0.0,29.23,11.53,173.62,EUR,delivered
O0004060,IT-202302-56354,C000445,S00007,P000115,2024-11-26T16:04:07,2,600.47,1200.94,0.0,264.21,4.87,1470.02,EUR,delivered
O0004061,IT-202511-57748,C000445,S00007,P000034,2025-11-29T19:38:48,1,329.96,329.96,0.0,72.59,0.0,402.55,EUR,delivered
O0004062,IT-202511-57748,C000445,S00007,P000220,2025-11-29T19:38:48,1,37.88,37.88,0.0,8.33,0.0,46.21,EUR,delivered
O0004063,IT-202511-57748,C000445,S00007,P000092,2025-11-29T19:38:48,1,136.01,136.01,0.0,29.92,6.38,172.31,EUR,delivered
O0004064,IT-202407-84168,C000445,S00008,P000210,2025-01-03T14:40:12,1,37.29,37.29,0.0,8.2,7.53,53.02,EUR,delivered
O0004065,IT-202407-84168,C000445,S00008,P000132,2025-01-03T14:40:12,1,161.42,161.42,8.07,33.74,4.89,191.98,EUR,delivered
O0004066,IT-202404-20375,C000445,S00007,P000217,2024-12-10T17:32:55,1,360.05,360.05,0.0,79.21,4.45,443.71,EUR,delivered
O0004067,IT-202404-20375,C000445,S00007,P000249,2024-12-10T17:32:55,2,402.84,805.68,0.0,177.25,4.28,987.21,EUR,delivered
O0004068,IT-202404-20375,C000445,S00007,P000068,2024-12-10T17:32:55,1,220.36,220.36,22.04,43.63,0.0,241.95,EUR,delivered
O0004069,IT-202312-76356,C000445,S00007,P000183,2025-03-02T19:46:08,3,50.94,152.82,0.0,33.62,0.0,186.44,EUR,delivered
O0004070,IT-202312-76356,C000445,S00007,P000210,2025-03-02T19:46:08,1,37.58,37.58,1.88,7.85,0.0,43.55,EUR,delivered
O0004071,IT-202403-76623,C000445,S00008,P000141,2025-06-21T13:52:38,1,59.48,59.48,2.97,12.43,7.05,75.99,EUR,delivered
O0004072,IT-202403-76623,C000445,S00008,P000237,2025-06-21T13:52:38,2,53.13,106.26,5.31,22.21,6.51,129.67,EUR,delivered
O0004073,IT-202201-11235,C000445,S00007,P000209,2025-06-14T17:25:07,1,119.05,119.05,5.95,24.88,0.0,137.98,EUR,delivered
O0004074,IT-202212-55402,C000445,S00008,P000108,2025-04-21T14:59:08,1,95.83,95.83,9.58,18.98,11.51,116.74,EUR,delivered
O0004075,IT-202212-55402,C000445,S00008,P000044,2025-04-21T14:59:08,1,32.54,32.54,3.25,6.44,9.88,45.61,EUR,delivered
O0004076,IT-202212-55402,C000445,S00008,P000198,2025-04-21T14:59:08,2,238.29,476.58,0.0,104.85,11.74,593.17,EUR,delivered
O0004077,IT-202212-55402,C000445,S00008,P000058,2025-04-21T14:59:08,1,57.13,57.13,0.0,12.57,5.85,75.55,EUR,delivered
O0004078,FR-202511-38599,C000169,S00003,P000212,2025-11-01T10:19:23,1,51.83,51.83,2.59,9.85,0.0,59.09,EUR,delivered
O0004079,FR-202511-38599,C000169,S00003,P000203,2025-11-01T10:19:23,1,13.06,13.06,0.0,2.61,0.0,15.67,EUR,delivered
O0004080,FR-202307-28621,C000169,S00004,P000145,2025-06-16T09:21:05,1,294.33,294.33,29.43,52.98,8.27,326.15,EUR,delivered
O0004081,FR-202502-40275,C000169,S00004,P000129,2025-11-29T11:22:57,4,360.69,1442.76,72.14,274.12,6.5,1651.24,EUR,delivered
O0004082,FR-202502-40275,C000169,S00004,P000147,2025-11-29T11:22:57,3,210.0,630.0,0.0,126.0,7.89,763.89,EUR,delivered
O0004083,FR-202504-90073,C000169,S00004,P000021,2024-09-19T20:12:54,1,123.15,123.15,0.0,24.63,12.39,160.17,EUR,delivered
O0004084,FR-202511-79931,C000169,S00004,P000026,2024-11-24T18:44:30,2,925.99,1851.98,0.0,370.4,9.3,2231.68,EUR,delivered
O0004085,FR-202511-79931,C000169,S00004,P000055,2024-11-24T18:44:30,3,40.99,122.97,0.0,24.59,11.43,158.99,EUR,delivered
O0004086,AT-202510-87697,C000412,S00001,P000215,2025-11-30T10:46:34,1,68.51,68.51,6.85,12.33,0.0,73.99,EUR,delivered
O0004087,FR-202505-84954,C000323,S00003,P000161,2023-04-23T09:05:20,1,346.37,346.37,0.0,69.27,0.0,415.64,EUR,delivered
O0004088,FR-202302-77881,C000323,S00003,P000189,2025-03-13T18:50:00,1,881.31,881.31,44.07,167.45,0.0,1004.69,EUR,delivered
O0004089,FR-202302-77881,C000323,S00003,P000102,2025-03-13T18:50:00,3,64.81,194.43,9.72,36.94,0.0,221.65,EUR,delivered
O0004090,FR-202407-22225,C000323,S00003,P000156,2025-11-08T15:47:51,4,198.03,792.12,39.61,150.5,0.0,903.01,EUR,delivered
O0004091,DE-202405-50359,C000347,S00005,P000170,2025-07-27T18:18:50,3,166.03,498.09,0.0,94.64,3.6,596.33,EUR,delivered
O0004092,FR-202407-55394,C000087,S00003,P000223,2024-12-29T14:15:12,2,123.81,247.62,12.38,47.05,0.0,282.29,EUR,delivered
O0004093,FR-202407-55394,C000087,S00003,P000055,2024-12-29T14:15:12,1,40.9,40.9,0.0,8.18,0.0,49.08,EUR,delivered
O0004094,FR-202507-17310,C000087,S00004,P000095,2024-12-01T13:01:29,4,357.43,1429.72,71.49,271.65,4.16,1634.04,EUR,delivered
O0004095,FR-202507-17310,C000087,S00004,P000107,2024-12-01T13:01:29,4,137.41,549.64,0.0,109.93,12.53,672.1,EUR,delivered
O0004096,FR-202509-90777,C000087,S00004,P000245,2025-02-21T19:13:08,1,178.73,178.73,8.94,33.96,6.33,210.08,EUR,delivered
O0004097,FR-202311-45654,C000087,S00003,P000070,2025-11-10T12:12:36,3,13.41,40.23,2.01,7.64,0.0,45.86,EUR,delivered
O0004098,IT-202201-18815,C000072,S00007,P000133,2025-11-30T15:06:24,2,41.71,83.42,0.0,18.35,0.0,101.77,EUR,delivered
O0004099,IT-202201-18815,C000072,S00007,P000138,2025-11-30T15:06:24,1,37.66,37.66,0.0,8.29,0.0,45.95,EUR,delivered
O0004100,IT-202309-23865,C000072,S00008,P000132,2024-08-17T14:21:00,1,161.43,161.43,0.0,35.51,10.69,207.63,EUR,delivered
O0004101,SE-202209-14192,C000530,S00016,P000033,2024-12-09T13:47:08,2,101.9,203.8,0.0,50.95,8.65,263.4,EUR,delivered
O0004102,SE-202303-76894,C000530,S00015,P000238,2025-09-13T13:50:47,1,296.2,296.2,29.62,66.65,5.29,338.52,EUR,delivered
O0004103,SE-202410-42240,C000530,S00015,P000239,2023-09-19T19:50:47,2,17.78,35.56,0.0,8.89,5.11,49.56,EUR,delivered
O0004104,SE-202410-42240,C000530,S00015,P000201,2023-09-19T19:50:47,1,318.58,318.58,0.0,79.65,0.0,398.23,EUR,delivered
O0004105,SE-202507-92056,C000530,S00016,P000024,2023-11-17T17:07:29,1,156.91,156.91,0.0,39.23,5.54,201.68,EUR,delivered
O0004106,DE-202212-35588,C000011,S00006,P000100,2025-09-05T13:01:12,2,132.48,264.96,0.0,50.34,11.6,326.9,EUR,delivered
O0004107,DE-202506-68438,C000011,S00006,P000062,2025-12-11T14:44:20,1,284.38,284.38,28.44,48.63,12.94,317.51,EUR,delivered
O0004108,FR-202310-83102,C000150,S00003,P000236,2025-02-08T13:57:20,1,68.66,68.66,3.43,13.05,0.0,78.28,EUR,delivered
O0004109,FR-202310-83102,C000150,S00003,P000241,2025-02-08T13:57:20,2,585.76,1171.52,0.0,234.3,4.89,1410.71,EUR,delivered
O0004110,FR-202209-96868,C000150,S00004,P000187,2024-12-08T17:36:58,1,21.8,21.8,0.0,4.36,11.95,38.11,EUR,delivered
O0004111,SE-202204-50360,C000454,S00015,P000175,2024-02-12T11:41:51,2,97.58,195.16,19.52,43.91,0.0,219.55,EUR,delivered
O0004112,SE-202204-50360,C000454,S00015,P000227,2024-02-12T11:41:51,1,146.61,146.61,14.66,32.99,0.0,164.94,EUR,delivered
O0004113,SE-202507-60127,C000454,S00016,P000206,2025-06-01T19:49:02,3,358.21,1074.63,161.19,228.36,7.96,1149.76,EUR,delivered
O0004114,SE-202507-60127,C000454,S00016,P000159,2025-06-01T19:49:02,2,92.48,184.96,0.0,46.24,4.84,236.04,EUR,delivered
O0004115,SE-202507-60127,C000454,S00016,P000219,2025-06-01T19:49:02,3,288.35,865.05,43.25,205.45,6.26,1033.51,EUR,delivered
O0004116,SE-202502-24676,C000454,S00015,P000009,2025-11-11T11:42:58,2,142.16,284.32,14.22,67.53,0.0,337.63,EUR,delivered
O0004117,SE-202502-24676,C000454,S00015,P000185,2025-11-11T11:42:58,3,149.67,449.01,22.45,106.64,0.0,533.2,EUR,delivered
O0004118,SE-202502-24676,C000454,S00015,P000084,2025-11-11T11:42:58,4,55.98,223.92,0.0,55.98,0.0,279.9,EUR,delivered
O0004119,SE-202507-46888,C000454,S00016,P000199,2024-04-22T16:59:17,3,68.22,204.66,0.0,51.17,8.6,264.43,EUR,delivered
O0004120,SE-202507-46888,C000454,S00016,P000125,2024-04-22T16:59:17,1,73.7,73.7,0.0,18.43,10.52,102.65,EUR,delivered
O0004121,SE-202408-86149,C000454,S00016,P000151,2023-06-23T17:05:29,3,107.56,322.68,0.0,80.67,10.37,413.72,EUR,delivered
O0004122,SE-202408-86149,C000454,S00016,P000072,2023-06-23T17:05:29,4,96.36,385.44,0.0,96.36,9.13,490.93,EUR,delivered
O0004123,SE-202408-86149,C000454,S00016,P000017,2023-06-23T17:05:29,1,61.38,61.38,6.14,13.81,12.65,81.7,EUR,delivered
O0004124,SE-202303-74641,C000454,S00016,P000143,2024-10-26T14:34:42,4,109.98,439.92,0.0,109.98,9.76,559.66,EUR,delivered
O0004125,SE-202303-74641,C000454,S00016,P000075,2024-10-26T14:34:42,10,117.93,1179.3,117.93,265.34,6.34,1333.05,EUR,delivered
O0004126,SE-202303-74641,C000454,S00016,P000005,2024-10-26T14:34:42,1,271.81,271.81,0.0,67.95,7.98,347.74,EUR,delivered
O0004127,SE-202303-74641,C000454,S00016,P000056,2024-10-26T14:34:42,1,147.67,147.67,22.15,31.38,6.0,162.9,EUR,delivered
O0004128,AT-202403-83774,C000031,S00002,P000159,2025-12-27T14:03:15,3,86.99,260.97,0.0,52.19,6.42,319.58,EUR,delivered
O0004129,AT-202403-83774,C000031,S00002,P000143,2025-12-27T14:03:15,5,105.12,525.6,0.0,105.12,10.79,641.51,EUR,delivered
O0004130,IT-202501-49455,C000778,S00008,P000036,2025-10-17T14:34:28,2,108.62,217.24,0.0,47.79,5.36,270.39,EUR,delivered
O0004131,IT-202306-49324,C000778,S00008,P000031,2025-12-01T12:46:14,2,33.92,67.84,0.0,14.92,11.4,94.16,EUR,delivered
O0004132,IT-202306-49324,C000778,S00008,P000187,2025-12-01T12:46:14,2,22.06,44.12,2.21,9.22,7.25,58.38,EUR,delivered
O0004133,IT-202306-49324,C000778,S00008,P000235,2025-12-01T12:46:14,5,39.04,195.2,19.52,38.65,12.2,226.53,EUR,delivered
O0004134,IT-202306-49324,C000778,S00008,P000230,2025-12-01T12:46:14,1,89.81,89.81,0.0,19.76,4.37,113.94,EUR,delivered
O0004135,IT-202201-32986,C000778,S00008,P000061,2025-12-28T15:02:13,3,90.81,272.43,13.62,56.94,5.95,321.7,EUR,delivered
O0004136,NL-202305-93033,C000699,S00009,P000143,2025-04-12T18:28:07,1,96.28,96.28,0.0,20.22,6.02,122.52,EUR,delivered
O0004137,NL-202305-93033,C000699,S00009,P000121,2025-04-12T18:28:07,4,111.99,447.96,22.4,89.37,0.0,514.93,EUR,delivered
O0004138,NL-202305-93033,C000699,S00009,P000208,2025-04-12T18:28:07,1,104.41,104.41,0.0,21.93,0.0,126.34,EUR,delivered
O0004139,NL-202208-27797,C000699,S00010,P000022,2025-10-14T10:05:45,1,52.66,52.66,0.0,11.06,12.39,76.11,EUR,delivered
O0004140,NL-202504-20509,C000699,S00009,P000067,2025-06-16T08:42:55,1,257.39,257.39,12.87,51.35,4.58,300.45,EUR,delivered
O0004141,NL-202504-20509,C000699,S00009,P000097,2025-06-16T08:42:55,2,322.88,645.76,0.0,135.61,0.0,781.37,EUR,delivered
O0004142,PL-202501-65589,C000529,S00012,P000041,2025-11-11T19:27:49,3,108.76,326.28,0.0,75.04,10.75,412.07,EUR,delivered
O0004143,PL-202501-65589,C000529,S00012,P000194,2025-11-11T19:27:49,1,98.14,98.14,14.72,19.19,5.1,107.71,EUR,delivered
O0004144,ES-202210-87428,C000470,S00013,P000182,2025-06-19T17:50:05,2,48.86,97.72,0.0,20.52,0.0,118.24,EUR,delivered
O0004145,ES-202210-87428,C000470,S00013,P000120,2025-06-19T17:50:05,1,323.31,323.31,0.0,67.9,0.0,391.21,EUR,delivered
O0004146,ES-202312-46260,C000470,S00014,P000001,2024-07-20T16:54:18,1,213.96,213.96,0.0,44.93,11.04,269.93,EUR,delivered
O0004147,ES-202312-46260,C000470,S00014,P000243,2024-07-20T16:54:18,1,43.29,43.29,0.0,9.09,9.07,61.45,EUR,delivered
O0004148,ES-202312-46260,C000470,S00014,P000054,2024-07-20T16:54:18,2,101.85,203.7,10.19,40.64,8.85,243.0,EUR,delivered
O0004149,ES-202312-46260,C000470,S00014,P000137,2024-07-20T16:54:18,1,142.75,142.75,14.28,26.98,9.4,164.85,EUR,delivered
O0004150,IT-202512-45617,C000420,S00007,P000094,2023-12-25T11:46:37,3,36.2,108.6,0.0,23.89,0.0,132.49,EUR,delivered
O0004151,IT-202308-58109,C000420,S00008,P000177,2024-11-30T20:54:18,3,102.04,306.12,0.0,67.35,9.21,382.68,EUR,delivered
O0004152,SE-202412-64860,C000424,S00016,P000043,2025-07-13T16:07:14,5,207.42,1037.1,0.0,259.28,5.23,1301.61,EUR,delivered
O0004153,NL-202507-50096,C000440,S00009,P000211,2025-12-23T19:48:00,5,241.5,1207.5,0.0,253.58,0.0,1461.08,EUR,delivered
O0004154,NL-202507-50096,C000440,S00009,P000079,2025-12-23T19:48:00,2,59.37,118.74,17.81,21.2,0.0,122.13,EUR,delivered
O0004155,NL-202311-43192,C000440,S00010,P000243,2025-11-25T11:35:09,1,38.56,38.56,0.0,8.1,10.94,57.6,EUR,delivered
O0004156,NL-202311-43192,C000440,S00010,P000015,2025-11-25T11:35:09,2,49.58,99.16,0.0,20.82,5.01,124.99,EUR,delivered
O0004157,NL-202311-43192,C000440,S00010,P000242,2025-11-25T11:35:09,1,38.74,38.74,0.0,8.14,11.53,58.41,EUR,delivered
O0004158,CH-202510-42061,C000764,S00017,P000132,2025-06-16T11:32:12,2,148.8,297.6,14.88,22.62,0.0,305.34,EUR,delivered
O0004159,CH-202510-42061,C000764,S00017,P000206,2025-06-16T11:32:12,2,375.24,750.48,0.0,60.04,0.0,810.52,EUR,delivered
O0004160,CH-202504-83044,C000764,S00018,P000061,2023-09-17T14:22:11,3,88.63,265.89,26.59,19.14,9.68,268.12,EUR,delivered
O0004161,CH-202504-83044,C000764,S00018,P000010,2023-09-17T14:22:11,1,47.56,47.56,0.0,3.8,10.58,61.94,EUR,delivered
O0004162,ES-202403-24943,C000234,S00013,P000008,2025-12-16T12:59:58,1,35.64,35.64,0.0,7.48,6.07,49.19,EUR,delivered
O0004163,ES-202403-24943,C000234,S00013,P000049,2025-12-16T12:59:58,1,287.23,287.23,0.0,60.32,3.76,351.31,EUR,delivered
O0004164,IT-202503-80071,C000432,S00007,P000203,2025-08-12T15:29:47,2,14.29,28.58,0.0,6.29,0.0,34.87,EUR,delivered
O0004165,IT-202503-80071,C000432,S00007,P000135,2025-08-12T15:29:47,1,196.94,196.94,0.0,43.33,0.0,240.27,EUR,delivered
O0004166,IT-202503-80071,C000432,S00007,P000103,2025-08-12T15:29:47,1,66.9,66.9,6.69,13.25,0.0,73.46,EUR,delivered
O0004167,IT-202503-80071,C000432,S00007,P000111,2025-08-12T15:29:47,2,663.58,1327.16,0.0,291.98,4.39,1623.53,EUR,delivered
O0004168,IT-202503-43592,C000432,S00007,P000247,2025-04-17T19:15:15,2,172.27,344.54,0.0,75.8,0.0,420.34,EUR,delivered
O0004169,IT-202410-24552,C000432,S00008,P000058,2025-04-04T10:37:19,1,55.69,55.69,0.0,12.25,7.62,75.56,EUR,delivered
O0004170,IT-202310-82185,C000432,S00008,P000080,2025-11-28T20:25:42,1,260.63,260.63,13.03,54.47,11.58,313.65,EUR,delivered
O0004171,IT-202310-82185,C000432,S00008,P000003,2025-11-28T20:25:42,1,141.84,141.84,0.0,31.2,10.96,184.0,EUR,delivered
O0004172,IT-202201-85883,C000432,S00008,P000245,2025-12-17T19:36:10,1,156.62,156.62,0.0,34.46,11.83,202.91,EUR,delivered
O0004173,IT-202201-85883,C000432,S00008,P000162,2025-12-17T19:36:10,2,165.12,330.24,16.51,69.02,10.72,393.47,EUR,delivered
O0004174,IT-202201-85883,C000432,S00008,P000221,2025-12-17T19:36:10,1,109.53,109.53,0.0,24.1,6.02,139.65,EUR,delivered
O0004175,IT-202406-40782,C000432,S00008,P000125,2025-11-01T14:06:45,4,71.03,284.12,0.0,62.51,5.27,351.9,EUR,delivered
O0004176,IT-202303-66266,C000432,S00008,P000058,2025-11-21T09:48:20,1,55.58,55.58,0.0,12.23,4.53,72.34,EUR,delivered
O0004177,IT-202303-66266,C000432,S00008,P000009,2025-11-21T09:48:20,3,157.32,471.96,23.6,98.64,12.84,559.84,EUR,delivered
O0004178,IT-202303-66266,C000432,S00008,P000037,2025-11-21T09:48:20,2,12.7,25.4,1.27,5.31,10.23,39.67,EUR,delivered
O0004179,IT-202309-15072,C000432,S00008,P000149,2025-05-12T11:55:35,1,129.95,129.95,0.0,28.59,11.84,170.38,EUR,delivered
O0004180,IT-202301-75268,C000432,S00008,P000156,2025-02-05T14:39:54,1,225.68,225.68,22.57,44.68,5.96,253.75,EUR,delivered
O0004181,IT-202301-75268,C000432,S00008,P000020,2025-02-05T14:39:54,2,111.74,223.48,22.35,44.25,11.79,257.17,EUR,delivered
O0004182,IT-202301-75268,C000432,S00008,P000087,2025-02-05T14:39:54,1,70.0,70.0,0.0,15.4,5.63,91.03,EUR,delivered
O0004183,CH-202303-22571,C000543,S00018,P000157,2025-12-24T12:17:49,2,161.32,322.64,16.13,24.52,12.18,343.21,EUR,delivered
O0004184,ES-202510-88603,C000156,S00013,P000147,2025-12-08T11:35:05,2,187.24,374.48,0.0,78.64,6.36,459.48,EUR,delivered
O0004185,ES-202510-58409,C000758,S00013,P000198,2025-12-10T11:26:57,3,223.76,671.28,0.0,140.97,0.0,812.25,EUR,delivered
O0004186,ES-202202-69425,C000758,S00013,P000133,2025-11-19T17:50:38,1,39.24,39.24,0.0,8.24,7.02,54.5,EUR,delivered
O0004187,CH-202503-76232,C000681,S00017,P000036,2025-12-25T10:35:18,1,101.86,101.86,0.0,8.15,0.0,110.01,EUR,delivered
O0004188,CH-202312-24003,C000681,S00017,P000088,2025-12-27T08:16:44,2,63.94,127.88,0.0,10.23,0.0,138.11,EUR,delivered
O0004189,CH-202312-24003,C000681,S00017,P000250,2025-12-27T08:16:44,1,147.29,147.29,22.09,10.02,0.0,135.22,EUR,delivered
O0004190,CH-202309-66081,C000681,S00018,P000157,2025-12-31T23:59:59,1,167.94,167.94,0.0,13.44,12.57,193.95,EUR,delivered
O0004191,CH-202309-66081,C000681,S00018,P000046,2025-12-31T23:59:59,1,79.56,79.56,0.0,6.36,4.32,90.24,EUR,delivered
O0004192,NL-202507-30077,C000645,S00009,P000250,2025-09-26T19:03:53,2,164.37,328.74,0.0,69.04,0.0,397.78,EUR,delivered
O0004193,NL-202206-11377,C000645,S00009,P000230,2025-09-05T20:43:49,1,84.62,84.62,0.0,17.77,7.22,109.61,EUR,delivered
O0004194,NL-202206-11377,C000645,S00009,P000013,2025-09-05T20:43:49,3,121.5,364.5,0.0,76.55,0.0,441.05,EUR,delivered
O0004195,NL-202411-58839,C000370,S00010,P000203,2025-11-13T16:57:36,2,14.86,29.72,0.0,6.24,12.33,48.29,EUR,delivered
O0004196,NL-202408-44937,C000370,S00009,P000047,2025-11-01T17:53:37,3,147.12,441.36,22.07,88.05,6.65,513.99,EUR,delivered
O0004197,NL-202501-87658,C000370,S00009,P000018,2025-09-16T14:58:50,2,1001.89,2003.78,0.0,420.79,4.13,2428.7,EUR,delivered
O0004198,NL-202202-19734,C000370,S00009,P000122,2025-11-12T14:48:43,1,207.77,207.77,0.0,43.63,7.73,259.13,EUR,delivered
O0004199,CH-202301-90225,C000425,S00017,P000232,2025-12-31T13:10:15,1,842.37,842.37,42.12,64.02,3.89,868.16,EUR,delivered
O0004200,CH-202301-90225,C000425,S00017,P000200,2025-12-31T13:10:15,1,11.12,11.12,0.56,0.84,0.0,11.4,EUR,delivered
O0004201,CH-202509-61470,C000425,S00018,P000008,2025-08-24T18:21:58,3,37.26,111.78,0.0,8.94,11.91,132.63,EUR,delivered
O0004202,CH-202509-61470,C000425,S00018,P000180,2025-08-24T18:21:58,2,77.89,155.78,0.0,12.46,11.48,179.72,EUR,delivered
O0004203,CH-202202-51152,C000425,S00018,P000113,2025-11-30T19:47:51,1,390.32,390.32,19.52,29.66,6.45,406.91,EUR,delivered
O0004204,CH-202202-51152,C000425,S00018,P000027,2025-11-30T19:47:51,4,116.38,465.52,23.28,35.38,11.91,489.53,EUR,delivered
O0004205,CH-202202-51152,C000425,S00018,P000160,2025-11-30T19:47:51,5,388.68,1943.4,0.0,155.47,10.02,2108.89,EUR,delivered
O0004206,CH-202202-51152,C000425,S00018,P000241,2025-11-30T19:47:51,3,645.09,1935.27,193.53,139.34,12.59,1893.67,EUR,delivered
O0004207,CH-202407-63260,C000425,S00017,P000009,2025-12-03T13:16:07,1,146.31,146.31,14.63,10.53,4.94,147.15,EUR,delivered
O0004208,CH-202407-63260,C000425,S00017,P000219,2025-12-03T13:16:07,1,266.02,266.02,26.6,19.15,0.0,258.57,EUR,delivered
O0004209,CH-202404-93072,C000425,S00018,P000152,2025-11-08T20:31:27,3,36.7,110.1,0.0,8.81,9.95,128.86,EUR,delivered
O0004210,CH-202405-27403,C000425,S00017,P000244,2025-09-12T14:11:11,1,177.84,177.84,8.89,13.52,0.0,182.47,EUR,delivered
O0004211,CH-202502-50901,C000425,S00018,P000135,2025-11-13T11:25:13,1,184.95,184.95,0.0,14.8,7.24,206.99,EUR,delivered
O0004212,CH-202502-50901,C000425,S00018,P000015,2025-11-13T11:25:13,2,45.12,90.24,13.54,6.14,7.1,89.94,EUR,delivered
O0004213,CH-202202-68232,C000425,S00017,P000114,2025-11-05T12:30:12,3,834.58,2503.74,0.0,200.3,4.12,2708.16,EUR,delivered
O0004214,NL-202208-59841,C000733,S00009,P000087,2025-01-15T14:35:10,1,76.52,76.52,3.83,15.26,3.59,91.54,EUR,delivered
O0004215,NL-202208-59841,C000733,S00009,P000137,2025-01-15T14:35:10,2,143.14,286.28,14.31,57.11,4.51,333.59,EUR,delivered
O0004216,NL-202208-59841,C000733,S00009,P000168,2025-01-15T14:35:10,1,257.87,257.87,0.0,54.15,3.97,315.99,EUR,delivered
O0004217,NL-202503-85327,C000733,S00010,P000148,2025-02-26T13:26:21,3,144.86,434.58,0.0,91.26,12.07,537.91,EUR,delivered
O0004218,IT-202405-29573,C000382,S00008,P000078,2023-08-27T08:38:20,2,109.25,218.5,0.0,48.07,4.93,271.5,EUR,delivered
O0004219,IT-202309-66621,C000382,S00007,P000022,2024-11-25T08:04:27,2,53.02,106.04,0.0,23.33,0.0,129.37,EUR,delivered
O0004220,IT-202309-66621,C000382,S00007,P000113,2024-11-25T08:04:27,1,348.06,348.06,0.0,76.57,4.74,429.37,EUR,delivered
O0004221,IT-202309-66621,C000382,S00007,P000224,2024-11-25T08:04:27,1,201.41,201.41,0.0,44.31,0.0,245.72,EUR,delivered
O0004222,IT-202407-98235,C000382,S00007,P000056,2025-03-14T12:04:22,1,129.62,129.62,0.0,28.52,0.0,158.14,EUR,delivered
O0004223,IT-202407-98235,C000382,S00007,P000119,2025-03-14T12:04:22,1,107.55,107.55,0.0,23.66,0.0,131.21,EUR,delivered
O0004224,IT-202407-98235,C000382,S00007,P000225,2025-03-14T12:04:22,1,35.83,35.83,0.0,7.88,0.0,43.71,EUR,delivered
O0004225,UK-202406-23325,C000273,S00020,P000090,2024-12-01T12:37:54,1,346.3,346.3,0.0,69.26,8.93,424.49,EUR,delivered
O0004226,UK-202406-23325,C000273,S00020,P000134,2024-12-01T12:37:54,4,472.78,1891.12,0.0,378.22,7.83,2277.17,EUR,delivered
O0004227,UK-202209-16502,C000273,S00020,P000136,2025-11-27T16:56:04,1,77.36,77.36,3.87,14.7,12.8,100.99,EUR,delivered
O0004228,DE-202210-89186,C000088,S00005,P000068,2025-11-20T20:19:46,2,229.94,459.88,0.0,87.38,0.0,547.26,EUR,delivered
O0004229,DE-202210-89186,C000088,S00005,P000085,2025-11-20T20:19:46,2,685.19,1370.38,0.0,260.37,0.0,1630.75,EUR,delivered
O0004230,DE-202210-89186,C000088,S00005,P000058,2025-11-20T20:19:46,3,55.75,167.25,0.0,31.78,0.0,199.03,EUR,delivered
O0004231,DE-202511-59494,C000088,S00005,P000125,2025-05-31T15:11:10,3,71.11,213.33,0.0,40.53,0.0,253.86,EUR,delivered
O0004232,ES-202303-95064,C000176,S00014,P000052,2024-11-05T08:16:29,3,189.38,568.14,28.41,113.34,9.9,662.97,EUR,delivered
O0004233,ES-202405-87293,C000176,S00013,P000241,2025-12-20T20:22:55,1,571.85,571.85,0.0,120.09,0.0,691.94,EUR,delivered
O0004234,NL-202311-96322,C000518,S00010,P000095,2024-12-25T12:09:26,1,327.53,327.53,0.0,68.78,10.35,406.66,EUR,delivered
O0004235,FR-202308-43457,C000294,S00003,P000230,2024-08-20T12:41:44,1,80.85,80.85,0.0,16.17,0.0,97.02,EUR,delivered
O0004236,FR-202212-36229,C000294,S00004,P000039,2024-10-15T19:03:41,1,392.07,392.07,0.0,78.41,10.76,481.24,EUR,delivered
O0004237,FR-202212-36229,C000294,S00004,P000090,2024-10-15T19:03:41,2,330.12,660.24,0.0,132.05,6.33,798.62,EUR,delivered
O0004238,FR-202212-36229,C000294,S00004,P000071,2024-10-15T19:03:41,1,51.62,51.62,5.16,9.29,5.68,61.43,EUR,delivered
O0004239,FR-202212-36229,C000294,S00004,P000208,2024-10-15T19:03:41,2,94.98,189.96,0.0,37.99,7.3,235.25,EUR,delivered
O0004240,CH-202303-52734,C000350,S00017,P000157,2024-10-23T15:20:11,1,154.94,154.94,0.0,12.4,7.04,174.38,EUR,delivered
O0004241,CH-202303-52734,C000350,S00017,P000114,2024-10-23T15:20:11,2,813.59,1627.18,0.0,130.17,0.0,1757.35,EUR,delivered
O0004242,CH-202307-74284,C000350,S00018,P000002,2024-04-21T15:03:13,1,67.44,67.44,0.0,5.4,9.79,82.63,EUR,delivered
O0004243,ES-202506-37553,C000486,S00014,P000199,2025-11-04T12:47:32,1,69.8,69.8,0.0,14.66,11.05,95.51,EUR,delivered
O0004244,ES-202410-76385,C000486,S00013,P000091,2025-12-28T16:12:35,1,45.77,45.77,4.58,8.65,6.44,56.28,EUR,delivered
O0004245,ES-202410-76385,C000486,S00013,P000093,2025-12-28T16:12:35,4,103.06,412.24,61.84,73.58,0.0,423.98,EUR,delivered
O0004246,ES-202504-99165,C000486,S00014,P000182,2025-12-11T08:50:27,1,48.83,48.83,0.0,10.25,12.65,71.73,EUR,delivered
O0004247,ES-202504-99165,C000486,S00014,P000161,2025-12-11T08:50:27,1,346.85,346.85,34.69,65.55,4.14,381.85,EUR,delivered
O0004248,ES-202504-99165,C000486,S00014,P000204,2025-12-11T08:50:27,1,214.15,214.15,0.0,44.97,5.91,265.03,EUR,delivered
O0004249,ES-202504-99165,C000486,S00014,P000185,2025-12-11T08:50:27,1,149.22,149.22,0.0,31.34,5.25,185.81,EUR,delivered
O0004250,ES-202406-23973,C000486,S00013,P000047,2025-12-23T14:38:32,2,167.17,334.34,0.0,70.21,7.67,412.22,EUR,delivered
O0004251,ES-202504-92301,C000486,S00013,P000079,2025-12-23T19:08:07,3,58.94,176.82,8.84,35.28,0.0,203.26,EUR,delivered
O0004252,ES-202210-61480,C000486,S00014,P000193,2025-12-29T15:35:32,2,77.6,155.2,0.0,32.59,5.6,193.39,EUR,delivered
O0004253,ES-202210-61480,C000486,S00014,P000241,2025-12-29T15:35:32,1,571.51,571.51,57.15,108.02,10.35,632.73,EUR,delivered
O0004254,ES-202210-61480,C000486,S00014,P000171,2025-12-29T15:35:32,1,43.77,43.77,2.19,8.73,7.72,58.03,EUR,delivered
O0004255,ES-202204-35199,C000486,S00014,P000085,2025-12-28T09:02:56,1,688.18,688.18,0.0,144.52,6.63,839.33,EUR,delivered
O0004256,ES-202204-35199,C000486,S00014,P000021,2025-12-28T09:02:56,1,119.63,119.63,17.94,21.35,9.02,132.06,EUR,delivered
O0004257,ES-202204-35199,C000486,S00014,P000114,2025-12-28T09:02:56,1,816.16,816.16,0.0,171.39,7.42,994.97,EUR,delivered
O0004258,ES-202304-53218,C000486,S00014,P000154,2025-11-14T18:37:14,2,135.97,271.94,0.0,57.11,4.69,333.74,EUR,delivered
O0004259,ES-202401-73137,C000486,S00014,P000054,2025-12-30T14:36:36,1,109.91,109.91,5.5,21.93,11.97,138.31,EUR,delivered
O0004260,ES-202401-73137,C000486,S00014,P000132,2025-12-30T14:36:36,2,150.72,301.44,45.22,53.81,12.19,322.22,EUR,delivered
O0004261,IT-202505-60957,C000252,S00007,P000003,2023-12-23T18:05:38,1,133.91,133.91,0.0,29.46,5.59,168.96,EUR,delivered
O0004262,IT-202505-60957,C000252,S00007,P000036,2023-12-23T18:05:38,1,104.73,104.73,10.47,20.74,0.0,115.0,EUR,delivered
O0004263,IT-202404-36568,C000252,S00007,P000100,2023-08-17T16:49:52,1,142.93,142.93,14.29,28.3,0.0,156.94,EUR,delivered
O0004264,IT-202404-36568,C000252,S00007,P000242,2023-08-17T16:49:52,1,39.68,39.68,0.0,8.73,0.0,48.41,EUR,delivered
O0004265,IT-202302-17782,C000252,S00008,P000062,2025-10-24T20:05:19,2,302.7,605.4,30.27,126.53,10.15,711.81,EUR,delivered
O0004266,IT-202302-17782,C000252,S00008,P000115,2025-10-24T20:05:19,1,581.34,581.34,0.0,127.89,7.17,716.4,EUR,delivered
O0004267,IT-202502-96902,C000252,S00007,P000144,2025-03-07T18:49:09,4,147.84,591.36,0.0,130.1,0.0,721.46,EUR,delivered
O0004268,IT-202502-96902,C000252,S00007,P000011,2025-03-07T18:49:09,1,183.98,183.98,0.0,40.48,0.0,224.46,EUR,delivered
O0004269,CH-202404-43534,C000007,S00017,P000187,2022-11-12T17:17:49,1,21.54,21.54,3.23,1.46,0.0,19.77,EUR,delivered
O0004270,CH-202207-28212,C000007,S00017,P000012,2025-10-20T09:35:02,3,52.41,157.23,15.72,11.32,0.0,152.83,EUR,delivered
O0004271,CH-202207-28212,C000007,S00017,P000144,2025-10-20T09:35:02,1,153.54,153.54,0.0,12.28,0.0,165.82,EUR,delivered
O0004272,CH-202206-17809,C000007,S00018,P000159,2024-12-31T19:15:43,2,99.88,199.76,9.99,15.18,12.17,217.12,EUR,delivered
O0004273,CH-202505-19458,C000007,S00017,P000065,2025-05-08T12:28:08,1,244.25,244.25,24.43,17.59,0.0,237.41,EUR,delivered
O0004274,CH-202310-62145,C000007,S00017,P000178,2022-12-05T08:34:05,1,469.13,469.13,0.0,37.53,6.65,513.31,EUR,delivered
O0004275,CH-202310-62145,C000007,S00017,P000068,2022-12-05T08:34:05,3,235.36,706.08,0.0,56.49,0.0,762.57,EUR,delivered
O0004276,FR-202507-75944,C000426,S00003,P000038,2024-12-26T16:41:35,2,117.31,234.62,0.0,46.92,7.41,288.95,EUR,delivered
O0004277,ES-202210-73991,C000450,S00013,P000005,2023-08-19T20:53:29,1,276.31,276.31,0.0,58.03,4.58,338.92,EUR,delivered
O0004278,ES-202210-73991,C000450,S00013,P000109,2023-08-19T20:53:29,1,114.29,114.29,5.71,22.8,0.0,131.38,EUR,delivered
O0004279,ES-202501-27730,C000450,S00014,P000013,2024-02-07T17:30:00,1,136.3,136.3,13.63,25.76,8.94,157.37,EUR,delivered
O0004280,ES-202501-27730,C000450,S00014,P000226,2024-02-07T17:30:00,1,77.81,77.81,0.0,16.34,8.42,102.57,EUR,delivered
O0004281,UK-202211-25055,C000207,S00020,P000046,2024-01-18T08:00:12,3,77.27,231.81,11.59,44.04,12.24,276.5,EUR,delivered
O0004282,UK-202211-25055,C000207,S00020,P000239,2024-01-18T08:00:12,1,19.4,19.4,0.0,3.88,12.3,35.58,EUR,delivered
O0004283,UK-202211-25055,C000207,S00020,P000144,2024-01-18T08:00:12,1,148.95,148.95,0.0,29.79,9.48,188.22,EUR,delivered
O0004284,UK-202403-28483,C000207,S00020,P000005,2024-10-06T09:23:19,10,267.27,2672.7,133.64,507.81,6.79,3053.66,EUR,delivered
O0004285,UK-202403-28483,C000207,S00020,P000222,2024-10-06T09:23:19,2,58.69,117.38,0.0,23.48,7.42,148.28,EUR,delivered
O0004286,UK-202403-28483,C000207,S00020,P000155,2024-10-06T09:23:19,1,142.01,142.01,7.1,26.98,7.88,169.77,EUR,delivered
O0004287,ES-202204-62551,C000126,S00014,P000233,2025-11-08T19:12:21,1,14.43,14.43,0.72,2.88,5.21,21.8,EUR,delivered
O0004288,ES-202306-38355,C000126,S00014,P000112,2025-03-02T19:11:52,1,464.42,464.42,46.44,87.78,7.19,512.95,EUR,delivered
O0004289,ES-202306-38355,C000126,S00014,P000154,2025-03-02T19:11:52,1,133.47,133.47,0.0,28.03,9.76,171.26,EUR,delivered
O0004290,ES-202403-25634,C000126,S00014,P000071,2025-12-22T14:18:00,2,48.53,97.06,0.0,20.38,5.39,122.83,EUR,delivered
O0004291,ES-202403-25634,C000126,S00014,P000036,2025-12-22T14:18:00,1,108.81,108.81,0.0,22.85,11.94,143.6,EUR,delivered
O0004292,ES-202403-25634,C000126,S00014,P000234,2025-12-22T14:18:00,1,15.64,15.64,0.0,3.28,5.76,24.68,EUR,delivered
O0004293,ES-202403-25634,C000126,S00014,P000237,2025-12-22T14:18:00,1,53.08,53.08,0.0,11.15,6.41,70.64,EUR,delivered
O0004294,ES-202205-23396,C000126,S00013,P000207,2024-06-17T14:38:40,1,99.41,99.41,0.0,20.88,0.0,120.29,EUR,delivered
O0004295,ES-202203-63244,C000142,S00014,P000128,2023-10-21T12:12:24,1,150.18,150.18,0.0,31.54,6.74,188.46,EUR,delivered
O0004296,ES-202203-63244,C000142,S00014,P000237,2023-10-21T12:12:24,1,60.43,60.43,0.0,12.69,9.35,82.47,EUR,delivered
O0004297,ES-202512-35491,C000142,S00013,P000195,2024-12-13T11:14:08,4,133.79,535.16,0.0,112.38,0.0,647.54,EUR,delivered
O0004298,ES-202512-35491,C000142,S00013,P000185,2024-12-13T11:14:08,1,149.01,149.01,14.9,28.16,5.41,167.68,EUR,delivered
O0004299,IT-202502-48877,C000343,S00008,P000115,2023-07-01T16:22:07,1,574.05,574.05,0.0,126.29,4.36,704.7,EUR,delivered
O0004300,IT-202309-47114,C000343,S00008,P000046,2023-09-19T08:52:26,1,80.9,80.9,4.05,16.91,4.63,98.39,EUR,delivered
O0004301,IT-202309-47114,C000343,S00008,P000040,2023-09-19T08:52:26,2,116.79,233.58,0.0,51.39,7.41,292.38,EUR,delivered
O0004302,AT-202211-58314,C000373,S00001,P000113,2025-12-20T10:46:21,2,338.58,677.16,0.0,135.43,0.0,812.59,EUR,delivered
O0004303,AT-202211-58314,C000373,S00001,P000150,2025-12-20T10:46:21,3,657.98,1973.94,0.0,394.79,7.77,2376.5,EUR,delivered
O0004304,AT-202211-58314,C000373,S00001,P000229,2025-12-20T10:46:21,2,33.42,66.84,10.03,11.36,3.38,71.55,EUR,delivered
O0004305,AT-202211-58314,C000373,S00001,P000127,2025-12-20T10:46:21,1,423.96,423.96,0.0,84.79,3.68,512.43,EUR,delivered
O0004306,AT-202309-91962,C000373,S00002,P000175,2025-11-19T13:44:55,5,94.02,470.1,0.0,94.02,5.76,569.88,EUR,delivered
O0004307,AT-202309-91962,C000373,S00002,P000035,2025-11-19T13:44:55,2,189.05,378.1,18.91,71.84,5.34,436.37,EUR,delivered
O0004308,AT-202309-91962,C000373,S00002,P000158,2025-11-19T13:44:55,1,254.65,254.65,12.73,48.38,4.6,294.9,EUR,delivered
O0004309,AT-202204-92113,C000373,S00002,P000151,2025-12-23T11:34:52,10,113.53,1135.3,0.0,227.06,8.79,1371.15,EUR,delivered
O0004310,AT-202204-92113,C000373,S00002,P000110,2025-12-23T11:34:52,1,58.86,58.86,0.0,11.77,10.42,81.05,EUR,delivered
O0004311,AT-202303-87746,C000373,S00002,P000128,2025-09-30T12:16:43,1,135.38,135.38,0.0,27.08,7.62,170.08,EUR,delivered
O0004312,AT-202207-79184,C000373,S00001,P000155,2025-11-26T16:40:19,1,125.27,125.27,12.53,22.55,0.0,135.29,EUR,delivered
O0004313,AT-202207-79184,C000373,S00001,P000031,2025-11-26T16:40:19,1,30.5,30.5,0.0,6.1,0.0,36.6,EUR,delivered
O0004314,AT-202207-79184,C000373,S00001,P000127,2025-11-26T16:40:19,4,407.55,1630.2,0.0,326.04,0.0,1956.24,EUR,delivered
O0004315,AT-202210-82051,C000373,S00001,P000225,2025-11-25T18:28:37,1,34.55,34.55,0.0,6.91,0.0,41.46,EUR,delivered
O0004316,AT-202410-54533,C000373,S00001,P000148,2025-09-07T10:28:06,5,146.93,734.65,0.0,146.93,6.24,887.82,EUR,delivered
O0004317,AT-202410-54533,C000373,S00001,P000143,2025-09-07T10:28:06,2,96.86,193.72,9.69,36.81,0.0,220.84,EUR,delivered
O0004318,AT-202410-54533,C000373,S00001,P000224,2025-09-07T10:28:06,1,205.27,205.27,10.26,39.0,0.0,234.01,EUR,delivered
O0004319,AT-202305-17630,C000373,S00002,P000059,2025-12-25T18:41:27,1,303.92,303.92,45.59,51.67,10.62,320.62,EUR,delivered
O0004320,AT-202512-97127,C000373,S00002,P000103,2025-05-20T15:26:59,2,68.68,137.36,0.0,27.47,6.93,171.76,EUR,delivered
O0004321,AT-202409-37569,C000373,S00002,P000249,2025-12-08T11:20:31,1,452.65,452.65,22.63,86.0,7.68,523.7,EUR,delivered
O0004322,AT-202409-37569,C000373,S00002,P000030,2025-12-08T11:20:31,1,756.27,756.27,0.0,151.25,5.7,913.22,EUR,delivered
O0004323,AT-202202-17713,C000373,S00001,P000216,2025-11-27T13:33:49,3,41.91,125.73,0.0,25.15,7.12,158.0,EUR,delivered
O0004324,AT-202202-17713,C000373,S00001,P000217,2025-11-27T13:33:49,1,324.37,324.37,0.0,64.87,0.0,389.24,EUR,delivered
O0004325,AT-202202-17713,C000373,S00001,P000173,2025-11-27T13:33:49,2,336.0,672.0,0.0,134.4,7.85,814.25,EUR,delivered
O0004326,AT-202309-87618,C000373,S00001,P000175,2025-12-06T08:34:07,1,101.19,101.19,0.0,20.24,0.0,121.43,EUR,delivered
O0004327,AT-202309-87618,C000373,S00001,P000084,2025-12-06T08:34:07,1,59.17,59.17,0.0,11.83,0.0,71.0,EUR,delivered
O0004328,AT-202309-87618,C000373,S00001,P000056,2025-12-06T08:34:07,3,141.44,424.32,0.0,84.86,0.0,509.18,EUR,delivered
O0004329,FR-202502-81471,C000663,S00003,P000226,2023-01-12T16:14:19,1,74.4,74.4,3.72,14.14,6.57,91.39,EUR,delivered
O0004330,FR-202502-81471,C000663,S00003,P000188,2023-01-12T16:14:19,1,285.44,285.44,42.82,48.52,0.0,291.14,EUR,delivered
O0004331,FR-202309-31575,C000663,S00003,P000043,2022-10-12T09:44:19,3,205.15,615.45,0.0,123.09,0.0,738.54,EUR,delivered
O0004332,FR-202309-31575,C000663,S00003,P000159,2022-10-12T09:44:19,1,91.45,91.45,0.0,18.29,0.0,109.74,EUR,delivered
O0004333,FR-202309-31575,C000663,S00003,P000216,2022-10-12T09:44:19,1,43.48,43.48,0.0,8.7,0.0,52.18,EUR,delivered
O0004334,SE-202201-21984,C000158,S00016,P000090,2024-12-04T19:38:14,1,325.89,325.89,0.0,81.47,9.99,417.35,EUR,delivered
O0004335,SE-202311-15738,C000158,S00015,P000002,2024-09-28T14:54:24,2,62.14,124.28,6.21,29.52,0.0,147.59,EUR,delivered
O0004336,UK-202407-50738,C000102,S00019,P000077,2025-12-16T17:33:31,1,303.27,303.27,0.0,60.65,0.0,363.92,EUR,delivered
O0004337,UK-202510-61536,C000102,S00019,P000092,2025-04-06T12:57:16,1,145.79,145.79,0.0,29.16,0.0,174.95,EUR,delivered
O0004338,PL-202204-84803,C000751,S00012,P000146,2025-01-20T14:09:01,4,320.77,1283.08,0.0,295.11,12.28,1590.47,EUR,delivered
O0004339,PL-202204-84803,C000751,S00012,P000102,2025-01-20T14:09:01,4,68.32,273.28,13.66,59.71,11.77,331.1,EUR,delivered
O0004340,PL-202210-13745,C000751,S00011,P000132,2023-08-18T20:24:27,2,162.79,325.58,16.28,71.14,0.0,380.44,EUR,delivered
O0004341,PL-202210-13745,C000751,S00011,P000093,2023-08-18T20:24:27,3,105.89,317.67,0.0,73.06,6.74,397.47,EUR,delivered
O0004342,PL-202210-13745,C000751,S00011,P000206,2023-08-18T20:24:27,1,391.03,391.03,0.0,89.94,7.63,488.6,EUR,delivered
O0004343,PL-202210-13745,C000751,S00011,P000034,2023-08-18T20:24:27,2,289.53,579.06,57.91,119.86,0.0,641.01,EUR,delivered
O0004344,FR-202506-60891,C000511,S00004,P000079,2025-12-31T19:17:06,1,61.15,61.15,3.06,11.62,12.49,82.2,EUR,delivered
O0004345,FR-202506-60891,C000511,S00004,P000098,2025-12-31T19:17:06,5,137.89,689.45,0.0,137.89,12.42,839.76,EUR,delivered
O0004346,SE-202202-78460,C000519,S00015,P000092,2025-01-31T16:49:36,1,139.62,139.62,6.98,33.16,7.41,173.21,EUR,delivered
O0004347,SE-202306-54442,C000519,S00015,P000230,2025-03-26T09:22:01,1,84.25,84.25,8.43,18.96,5.56,100.34,EUR,delivered
O0004348,SE-202306-54442,C000519,S00015,P000248,2025-03-26T09:22:01,1,76.31,76.31,0.0,19.08,0.0,95.39,EUR,delivered
O0004349,SE-202511-97710,C000519,S00015,P000151,2025-11-11T11:17:09,2,115.41,230.82,0.0,57.71,0.0,288.53,EUR,delivered
O0004350,AT-202212-10438,C000453,S00001,P000003,2023-06-13T17:34:36,1,146.49,146.49,14.65,26.37,0.0,158.21,EUR,delivered
O0004351,AT-202212-10438,C000453,S00001,P000004,2023-06-13T17:34:36,1,344.42,344.42,34.44,62.0,0.0,371.98,EUR,delivered
O0004352,AT-202212-10438,C000453,S00001,P000002,2023-06-13T17:34:36,3,62.14,186.42,0.0,37.28,5.15,228.85,EUR,delivered
O0004353,AT-202203-56130,C000453,S00002,P000012,2024-06-09T18:47:52,2,50.33,100.66,0.0,20.13,4.05,124.84,EUR,delivered
O0004354,AT-202203-56130,C000453,S00002,P000081,2024-06-09T18:47:52,1,190.68,190.68,19.07,34.32,10.99,216.92,EUR,delivered
O0004355,AT-202203-56130,C000453,S00002,P000014,2024-06-09T18:47:52,2,201.3,402.6,0.0,80.52,5.73,488.85,EUR,delivered
O0004356,AT-202505-79550,C000453,S00001,P000176,2023-02-21T17:58:26,1,31.33,31.33,4.7,5.33,5.27,37.23,EUR,delivered
O0004357,SE-202506-34276,C000726,S00016,P000174,2025-03-09T12:59:43,1,145.41,145.41,0.0,36.35,12.32,194.08,EUR,delivered
O0004358,SE-202506-34276,C000726,S00016,P000157,2025-03-09T12:59:43,1,149.38,149.38,0.0,37.35,4.86,191.59,EUR,delivered
O0004359,SE-202506-34276,C000726,S00016,P000090,2025-03-09T12:59:43,1,337.84,337.84,0.0,84.46,7.99,430.29,EUR,delivered
O0004360,SE-202501-57397,C000726,S00015,P000080,2025-10-07T15:21:59,1,236.8,236.8,23.68,53.28,0.0,266.4,EUR,delivered
O0004361,SE-202508-77711,C000726,S00016,P000132,2023-12-09T17:07:58,4,163.84,655.36,0.0,163.84,11.87,831.07,EUR,delivered
O0004362,SE-202508-77711,C000726,S00016,P000016,2023-12-09T17:07:58,1,292.55,292.55,29.26,65.82,11.33,340.44,EUR,delivered
O0004363,FR-202404-82365,C000300,S00003,P000072,2025-12-31T09:59:57,1,91.75,91.75,0.0,18.35,6.97,117.07,EUR,delivered
O0004364,FR-202503-38267,C000300,S00004,P000230,2025-12-31T23:59:59,1,86.3,86.3,0.0,17.26,6.17,109.73,EUR,delivered
O0004365,FR-202405-50617,C000300,S00004,P000202,2025-12-31T23:59:59,2,144.06,288.12,43.22,48.98,12.46,306.34,EUR,delivered
O0004366,FR-202405-50617,C000300,S00004,P000061,2025-12-31T23:59:59,1,92.37,92.37,0.0,18.47,12.61,123.45,EUR,delivered
O0004367,FR-202509-64865,C000300,S00003,P000227,2025-12-27T19:42:12,2,136.26,272.52,0.0,54.5,6.6,333.62,EUR,delivered
O0004368,FR-202407-68447,C000300,S00004,P000189,2025-12-01T17:36:23,1,901.78,901.78,0.0,180.36,12.72,1094.86,EUR,delivered
O0004369,FR-202408-62145,C000300,S00003,P000132,2025-11-03T19:40:38,1,161.93,161.93,16.19,29.15,4.71,179.6,EUR,delivered
O0004370,FR-202201-17183,C000300,S00004,P000193,2025-12-08T13:27:54,3,77.2,231.6,23.16,41.69,8.46,258.59,EUR,delivered
O0004371,FR-202201-17183,C000300,S00004,P000171,2025-12-08T13:27:54,1,46.97,46.97,4.7,8.45,5.68,56.4,EUR,delivered
O0004372,FR-202201-17183,C000300,S00004,P000011,2025-12-08T13:27:54,1,183.97,183.97,0.0,36.79,5.6,226.36,EUR,delivered
O0004373,NL-202310-12868,C000746,S00010,P000178,2025-12-16T09:47:14,1,522.19,522.19,0.0,109.66,4.03,635.88,EUR,delivered
O0004374,NL-202310-12868,C000746,S00010,P000177,2025-12-16T09:47:14,3,91.16,273.48,13.67,54.56,8.66,323.03,EUR,delivered
O0004375,NL-202303-39809,C000746,S00010,P000105,2025-12-31T23:59:59,4,106.79,427.16,0.0,89.7,5.83,522.69,EUR,delivered
O0004376,NL-202303-39809,C000746,S00010,P000119,2025-12-31T23:59:59,1,101.34,101.34,5.07,20.22,8.54,125.03,EUR,delivered
O0004377,NL-202303-39809,C000746,S00010,P000232,2025-12-31T23:59:59,1,877.15,877.15,0.0,184.2,8.56,1069.91,EUR,delivered
O0004378,CH-202208-67843,C000161,S00018,P000085,2025-10-10T12:27:50,2,672.36,1344.72,0.0,107.58,6.68,1458.98,EUR,delivered
O0004379,FR-202212-86253,C000371,S00003,P000172,2023-11-06T17:15:16,3,227.19,681.57,0.0,136.31,0.0,817.88,EUR,delivered
O0004380,AT-202506-28925,C000211,S00001,P000117,2025-12-09T11:20:06,1,264.11,264.11,39.62,44.9,0.0,269.39,EUR,delivered
O0004381,IT-202409-72710,C000121,S00008,P000166,2024-12-21T14:49:12,5,208.93,1044.65,0.0,229.82,8.82,1283.29,EUR,delivered
O0004382,IT-202409-72710,C000121,S00008,P000020,2024-12-21T14:49:12,3,117.38,352.14,52.82,65.85,5.6,370.77,EUR,delivered
O0004383,IT-202510-64811,C000121,S00007,P000110,2025-08-21T16:50:33,1,63.72,63.72,9.56,11.92,0.0,66.08,EUR,delivered
O0004384,IT-202510-64811,C000121,S00007,P000180,2025-08-21T16:50:33,2,79.32,158.64,15.86,31.41,0.0,174.19,EUR,delivered
O0004385,IT-202407-32995,C000121,S00007,P000133,2025-01-19T12:49:26,1,39.26,39.26,0.0,8.64,0.0,47.9,EUR,delivered
O0004386,IT-202302-48413,C000121,S00007,P000126,2025-11-27T19:33:08,2,341.9,683.8,68.38,135.39,0.0,750.81,EUR,delivered
O0004387,IT-202302-48413,C000121,S00007,P000212,2025-11-27T19:33:08,1,46.76,46.76,0.0,10.29,0.0,57.05,EUR,delivered
O0004388,IT-202507-16955,C000121,S00007,P000155,2024-09-01T20:47:22,1,142.81,142.81,7.14,29.85,0.0,165.52,EUR,delivered
O0004389,IT-202507-16955,C000121,S00007,P000116,2024-09-01T20:47:22,3,104.36,313.08,0.0,68.88,4.3,386.26,EUR,delivered
O0004390,IT-202506-53889,C000121,S00007,P000141,2025-08-27T19:38:23,5,59.56,297.8,0.0,65.52,0.0,363.32,EUR,delivered
O0004391,IT-202506-53889,C000121,S00007,P000243,2025-08-27T19:38:23,1,37.69,37.69,1.88,7.88,0.0,43.69,EUR,delivered
O0004392,IT-202512-26297,C000121,S00007,P000188,2025-08-02T16:03:03,2,247.06,494.12,24.71,103.27,4.26,576.94,EUR,delivered
O0004393,IT-202406-57174,C000121,S00008,P000140,2025-04-24T12:43:41,1,111.33,111.33,0.0,24.49,12.94,148.76,EUR,delivered
O0004394,IT-202209-93175,C000121,S00007,P000061,2025-02-01T20:46:16,2,87.15,174.3,0.0,38.35,0.0,212.65,EUR,delivered
O0004395,IT-202209-93175,C000121,S00007,P000148,2025-02-01T20:46:16,2,148.47,296.94,0.0,65.33,7.45,369.72,EUR,delivered
O0004396,IT-202406-65966,C000121,S00007,P000036,2024-10-28T18:12:29,4,107.67,430.68,0.0,94.75,0.0,525.43,EUR,delivered
O0004397,PL-202210-18032,C000646,S00012,P000049,2025-12-01T08:36:19,1,303.95,303.95,0.0,69.91,7.64,381.5,EUR,delivered
O0004398,PL-202210-18032,C000646,S00012,P000014,2025-12-01T08:36:19,5,189.4,947.0,0.0,217.81,9.09,1173.9,EUR,delivered
O0004399,PL-202503-45073,C000646,S00012,P000172,2024-06-25T11:05:09,2,207.48,414.96,41.5,85.9,8.12,467.48,EUR,delivered
O0004400,PL-202503-45073,C000646,S00012,P000200,2024-06-25T11:05:09,2,11.21,22.42,2.24,4.64,9.29,34.11,EUR,delivered
O0004401,UK-202211-20483,C000172,S00019,P000248,2024-04-15T20:04:21,1,76.7,76.7,0.0,15.34,0.0,92.04,EUR,delivered
O0004402,UK-202211-20483,C000172,S00019,P000162,2024-04-15T20:04:21,1,178.98,178.98,8.95,34.01,3.82,207.86,EUR,delivered
O0004403,UK-202308-11029,C000172,S00019,P000155,2025-11-20T15:31:30,2,128.48,256.96,0.0,51.39,3.12,311.47,EUR,delivered
O0004404,UK-202305-70855,C000172,S00020,P000106,2024-08-17T15:16:56,1,70.24,70.24,3.51,13.35,12.89,92.97,EUR,delivered
O0004405,UK-202305-70855,C000172,S00020,P000250,2024-08-17T15:16:56,1,164.02,164.02,0.0,32.8,9.97,206.79,EUR,delivered
O0004406,UK-202405-41811,C000172,S00020,P000137,2025-12-19T15:15:03,1,136.18,136.18,6.81,25.87,10.85,166.09,EUR,delivered
O0004407,UK-202405-41811,C000172,S00020,P000135,2025-12-19T15:15:03,2,197.05,394.1,0.0,78.82,5.24,478.16,EUR,delivered
O0004408,DE-202302-27850,C000108,S00005,P000048,2024-12-01T13:32:32,2,26.38,52.76,0.0,10.02,0.0,62.78,EUR,delivered
O0004409,DE-202302-27850,C000108,S00005,P000155,2024-12-01T13:32:32,1,140.28,140.28,0.0,26.65,0.0,166.93,EUR,delivered
O0004410,DE-202508-17666,C000108,S00006,P000164,2025-11-10T19:43:46,3,382.13,1146.39,0.0,217.81,11.42,1375.62,EUR,delivered
O0004411,DE-202508-17666,C000108,S00006,P000163,2025-11-10T19:43:46,1,299.67,299.67,44.95,48.4,4.61,307.73,EUR,delivered
O0004412,DE-202508-17666,C000108,S00006,P000212,2025-11-10T19:43:46,1,45.24,45.24,2.26,8.17,10.23,61.38,EUR,delivered
O0004413,DE-202508-17666,C000108,S00006,P000074,2025-11-10T19:43:46,1,315.32,315.32,0.0,59.91,5.04,380.27,EUR,delivered
O0004414,ES-202203-49122,C000520,S00013,P000223,2025-10-27T13:38:46,1,112.99,112.99,0.0,23.73,7.03,143.75,EUR,delivered
O0004415,ES-202203-49122,C000520,S00013,P000143,2025-10-27T13:38:46,3,95.32,285.96,28.6,54.05,0.0,311.41,EUR,delivered
O0004416,ES-202203-49122,C000520,S00013,P000069,2025-10-27T13:38:46,1,60.57,60.57,0.0,12.72,0.0,73.29,EUR,delivered
O0004417,SE-202312-72068,C000043,S00016,P000097,2025-12-08T15:40:04,2,311.81,623.62,0.0,155.91,7.94,787.47,EUR,delivered
O0004418,SE-202312-72068,C000043,S00016,P000046,2025-12-08T15:40:04,1,84.45,84.45,12.67,17.95,8.92,98.65,EUR,delivered
O0004419,FR-202504-66976,C000576,S00004,P000208,2025-05-23T15:02:24,2,101.12,202.24,10.11,38.43,5.04,235.6,EUR,delivered
O0004420,FR-202504-66976,C000576,S00004,P000145,2025-05-23T15:02:24,3,299.27,897.81,44.89,170.58,5.98,1029.48,EUR,delivered
O0004421,FR-202306-64270,C000576,S00003,P000020,2025-08-06T20:01:11,1,116.3,116.3,0.0,23.26,0.0,139.56,EUR,delivered
O0004422,FR-202201-15254,C000576,S00003,P000042,2024-12-09T08:22:15,1,30.16,30.16,1.51,5.73,0.0,34.38,EUR,delivered
O0004423,FR-202209-84874,C000576,S00003,P000214,2025-05-14T09:54:28,3,128.83,386.49,38.65,69.57,0.0,417.41,EUR,delivered
O0004424,FR-202506-84089,C000576,S00003,P000105,2025-12-10T11:36:02,1,112.47,112.47,0.0,22.49,6.88,141.84,EUR,delivered
O0004425,FR-202506-84089,C000576,S00003,P000015,2025-12-10T11:36:02,1,51.59,51.59,0.0,10.32,0.0,61.91,EUR,delivered
O0004426,FR-202506-84089,C000576,S00003,P000101,2025-12-10T11:36:02,1,46.48,46.48,0.0,9.3,7.49,63.27,EUR,delivered
O0004427,FR-202401-61631,C000576,S00003,P000175,2025-10-30T20:53:03,1,94.85,94.85,14.23,16.12,0.0,96.74,EUR,delivered
O0004428,FR-202401-61631,C000576,S00003,P000088,2025-10-30T20:53:03,3,68.5,205.5,0.0,41.1,0.0,246.6,EUR,delivered
O0004429,FR-202401-61631,C000576,S00003,P000213,2025-10-30T20:53:03,3,164.01,492.03,0.0,98.41,0.0,590.44,EUR,delivered
O0004430,FR-202407-90481,C000576,S00003,P000235,2024-12-27T16:19:00,3,44.0,132.0,0.0,26.4,7.81,166.21,EUR,delivered
O0004431,FR-202404-68634,C000576,S00004,P000205,2025-11-10T08:48:30,1,26.86,26.86,0.0,5.37,10.5,42.73,EUR,delivered
O0004432,UK-202304-73030,C000105,S00020,P000066,2025-12-24T10:55:13,1,201.95,201.95,0.0,40.39,7.31,249.65,EUR,delivered
O0004433,UK-202304-73030,C000105,S00020,P000011,2025-12-24T10:55:13,1,183.13,183.13,9.16,34.79,4.7,213.46,EUR,delivered
O0004434,UK-202201-12490,C000105,S00020,P000247,2025-12-31T23:59:59,1,169.17,169.17,8.46,32.14,6.4,199.25,EUR,delivered
O0004435,UK-202310-38212,C000105,S00019,P000099,2025-12-29T17:05:18,2,59.07,118.14,17.72,20.08,3.42,123.92,EUR,delivered
O0004436,UK-202412-55566,C000105,S00020,P000163,2025-12-31T23:59:59,1,305.0,305.0,0.0,61.0,4.88,370.88,EUR,delivered
O0004437,UK-202412-55566,C000105,S00020,P000127,2025-12-31T23:59:59,2,400.42,800.84,80.08,144.15,6.0,870.91,EUR,delivered
O0004438,UK-202304-74383,C000105,S00019,P000069,2025-12-31T23:59:59,1,59.9,59.9,0.0,11.98,6.15,78.03,EUR,delivered
O0004439,UK-202304-74383,C000105,S00019,P000062,2025-12-31T23:59:59,1,284.0,284.0,14.2,53.96,4.48,328.24,EUR,delivered
O0004440,UK-202209-50462,C000105,S00019,P000239,2025-12-31T23:59:59,2,19.59,39.18,0.0,7.84,0.0,47.02,EUR,delivered
O0004441,UK-202504-39955,C000105,S00020,P000012,2025-12-31T23:59:59,1,49.87,49.87,0.0,9.97,11.1,70.94,EUR,delivered
O0004442,UK-202502-34096,C000105,S00020,P000158,2025-12-31T23:59:59,1,267.78,267.78,0.0,53.56,9.82,331.16,EUR,delivered
O0004443,UK-202506-64840,C000105,S00019,P000074,2025-12-31T23:59:59,2,308.65,617.3,0.0,123.46,0.0,740.76,EUR,delivered
O0004444,UK-202506-64840,C000105,S00019,P000127,2025-12-31T23:59:59,1,448.34,448.34,0.0,89.67,5.77,543.78,EUR,delivered
O0004445,UK-202302-12280,C000105,S00020,P000058,2025-12-30T12:14:23,1,60.13,60.13,3.01,11.42,5.77,74.31,EUR,delivered
O0004446,UK-202302-12280,C000105,S00020,P000147,2025-12-30T12:14:23,4,203.87,815.48,122.32,138.63,5.2,836.99,EUR,delivered
O0004447,UK-202510-22379,C000105,S00020,P000054,2025-12-22T13:41:25,2,113.75,227.5,34.13,38.67,12.42,244.46,EUR,delivered
O0004448,UK-202510-22379,C000105,S00020,P000227,2025-12-22T13:41:25,2,140.05,280.1,0.0,56.02,11.27,347.39,EUR,delivered
O0004449,UK-202306-54974,C000105,S00019,P000178,2025-11-25T20:55:03,1,498.4,498.4,74.76,84.73,0.0,508.37,EUR,delivered
O0004450,UK-202306-54974,C000105,S00019,P000196,2025-11-25T20:55:03,1,59.63,59.63,5.96,10.73,0.0,64.4,EUR,delivered
O0004451,UK-202404-48045,C000105,S00019,P000248,2025-12-28T20:57:11,3,85.94,257.82,0.0,51.56,4.43,313.81,EUR,delivered
O0004452,UK-202404-48045,C000105,S00019,P000235,2025-12-28T20:57:11,1,43.99,43.99,0.0,8.8,0.0,52.79,EUR,delivered
O0004453,UK-202209-21656,C000105,S00020,P000226,2025-12-31T23:59:59,2,74.77,149.54,0.0,29.91,4.38,183.83,EUR,delivered
O0004454,UK-202209-21656,C000105,S00020,P000123,2025-12-31T23:59:59,1,165.95,165.95,16.6,29.87,7.92,187.14,EUR,delivered
O0004455,UK-202505-51857,C000105,S00020,P000161,2025-12-23T18:39:04,2,330.79,661.58,0.0,132.32,11.43,805.33,EUR,delivered
O0004456,UK-202505-51857,C000105,S00020,P000002,2025-12-23T18:39:04,1,61.66,61.66,6.17,11.1,9.73,76.32,EUR,delivered
O0004457,UK-202205-81768,C000105,S00019,P000060,2025-12-31T09:05:46,1,208.43,208.43,0.0,41.69,7.39,257.51,EUR,delivered
O0004458,UK-202205-81768,C000105,S00019,P000198,2025-12-31T09:05:46,2,221.94,443.88,0.0,88.78,0.0,532.66,EUR,delivered
O0004459,UK-202205-81768,C000105,S00019,P000162,2025-12-31T09:05:46,1,173.88,173.88,8.69,33.04,4.6,202.83,EUR,delivered
O0004460,SE-202209-50665,C000625,S00016,P000137,2024-12-01T09:23:57,1,135.64,135.64,0.0,33.91,10.83,180.38,EUR,delivered
O0004461,SE-202209-50665,C000625,S00016,P000209,2024-12-01T09:23:57,1,125.56,125.56,12.56,28.25,9.66,150.91,EUR,delivered
O0004462,ES-202205-77547,C000626,S00014,P000004,2024-07-27T10:44:43,1,355.05,355.05,35.51,67.1,11.58,398.22,EUR,delivered
O0004463,ES-202205-77547,C000626,S00014,P000129,2024-07-27T10:44:43,1,335.03,335.03,0.0,70.36,8.8,414.19,EUR,delivered
O0004464,NL-202509-19238,C000109,S00009,P000184,2025-02-03T18:39:37,2,44.84,89.68,0.0,18.83,5.28,113.79,EUR,delivered
O0004465,NL-202511-13514,C000114,S00010,P000073,2025-04-28T13:29:58,3,209.06,627.18,31.36,125.12,6.87,727.81,EUR,delivered
O0004466,NL-202511-13514,C000114,S00010,P000135,2025-04-28T13:29:58,3,192.62,577.86,0.0,121.35,5.92,705.13,EUR,delivered
O0004467,NL-202511-13514,C000114,S00010,P000106,2025-04-28T13:29:58,2,70.54,141.08,0.0,29.63,4.34,175.05,EUR,delivered
O0004468,NL-202506-14455,C000774,S00010,P000057,2025-03-21T18:46:15,1,70.54,70.54,3.53,14.07,12.33,93.41,EUR,delivered
O0004469,NL-202506-14455,C000774,S00010,P000227,2025-03-21T18:46:15,2,146.05,292.1,0.0,61.34,7.63,361.07,EUR,delivered
O0004470,NL-202506-14455,C000774,S00010,P000142,2025-03-21T18:46:15,1,162.88,162.88,0.0,34.2,11.36,208.44,EUR,delivered
O0004471,NL-202405-62774,C000774,S00009,P000061,2025-03-13T15:56:13,1,84.58,84.58,4.23,16.87,5.91,103.13,EUR,delivered
O0004472,NL-202203-98629,C000469,S00009,P000206,2025-01-14T13:21:49,2,347.99,695.98,0.0,146.16,0.0,842.14,EUR,delivered
O0004473,NL-202203-98629,C000469,S00009,P000099,2025-01-14T13:21:49,3,53.38,160.14,0.0,33.63,0.0,193.77,EUR,delivered
O0004474,ES-202212-98120,C000449,S00013,P000187,2025-11-26T18:42:41,1,20.25,20.25,0.0,4.25,0.0,24.5,EUR,delivered
O0004475,ES-202505-69523,C000052,S00013,P000031,2024-11-04T12:34:47,2,34.28,68.56,0.0,14.4,0.0,82.96,EUR,delivered
O0004476,ES-202410-59431,C000052,S00013,P000216,2023-09-23T13:53:50,1,42.84,42.84,2.14,8.55,0.0,49.25,EUR,delivered
O0004477,ES-202410-59431,C000052,S00013,P000243,2023-09-23T13:53:50,1,39.33,39.33,0.0,8.26,0.0,47.59,EUR,delivered
O0004478,ES-202410-59431,C000052,S00013,P000061,2023-09-23T13:53:50,2,86.72,173.44,0.0,36.42,3.7,213.56,EUR,delivered
O0004479,ES-202410-59431,C000052,S00013,P000104,2023-09-23T13:53:50,1,253.08,253.08,0.0,53.15,0.0,306.23,EUR,delivered
O0004480,ES-202211-91224,C000052,S00013,P000084,2024-07-17T15:07:00,2,62.91,125.82,0.0,26.42,5.37,157.61,EUR,delivered
O0004481,ES-202209-89723,C000724,S00013,P000099,2024-12-18T11:06:35,1,55.87,55.87,0.0,11.73,3.44,71.04,EUR,delivered
O0004482,ES-202209-89723,C000724,S00013,P000078,2024-12-18T11:06:35,1,95.74,95.74,14.36,17.09,4.27,102.74,EUR,delivered
O0004483,ES-202205-63438,C000724,S00014,P000216,2025-03-25T09:51:11,1,44.7,44.7,0.0,9.39,9.57,63.66,EUR,delivered
O0004484,ES-202205-63438,C000724,S00014,P000235,2025-03-25T09:51:11,1,41.25,41.25,0.0,8.66,10.2,60.11,EUR,delivered
O0004485,ES-202205-63438,C000724,S00014,P000085,2025-03-25T09:51:11,1,639.88,639.88,0.0,134.37,6.76,781.01,EUR,delivered
O0004486,ES-202205-63438,C000724,S00014,P000147,2025-03-25T09:51:11,1,186.54,186.54,0.0,39.17,6.64,232.35,EUR,delivered
O0004487,ES-202306-33508,C000724,S00014,P000099,2025-01-11T17:05:26,1,60.24,60.24,3.01,12.02,9.51,78.76,EUR,delivered
O0004488,ES-202508-76489,C000724,S00013,P000238,2025-01-31T12:50:21,1,331.06,331.06,0.0,69.52,0.0,400.58,EUR,delivered
O0004489,AT-202404-55364,C000107,S00001,P000019,2024-06-23T12:12:22,1,876.66,876.66,87.67,157.8,0.0,946.79,EUR,delivered
O0004490,AT-202404-55364,C000107,S00001,P000131,2024-06-23T12:12:22,2,86.95,173.9,8.7,33.04,0.0,198.24,EUR,delivered
O0004491,NL-202303-69737,C000686,S00009,P000043,2024-08-01T17:41:37,2,227.69,455.38,22.77,90.85,4.17,527.63,EUR,delivered
O0004492,DE-202408-13391,C000619,S00005,P000152,2025-05-25T18:01:23,10,38.04,380.4,0.0,72.28,7.7,460.38,EUR,delivered
O0004493,DE-202307-26656,C000619,S00006,P000123,2025-12-30T10:55:35,2,146.63,293.26,14.66,52.93,12.19,343.72,EUR,delivered
O0004494,FR-202312-48414,C000528,S00003,P000223,2024-11-23T19:58:49,1,123.49,123.49,6.17,23.46,0.0,140.78,EUR,delivered
